order_date,weather_condition,traffic_level,area_type,distance_km,historical_orders,holiday_flag,peak_hour,rider_count,demand_orders,delivery_time_minutes
2024-01-01 00:00:00,2,1,1,10.44301820645904,452,0,0,60,298,41.62090786170258
2024-01-01 01:00:00,1,1,1,3.438641686236969,412,0,1,96,336,32.588819435849715
2024-01-01 02:00:00,0,1,2,1.139414879239558,224,0,0,43,177,31.734689267238256
2024-01-01 03:00:00,0,2,2,3.374403744884836,329,1,1,85,331,30.21230101409986
2024-01-01 04:00:00,2,2,0,19.167506782053604,439,1,0,96,372,64.90168717983862
2024-01-01 05:00:00,2,0,0,15.517648876835285,285,1,1,37,275,69.38257450371879
2024-01-01 06:00:00,2,1,1,19.375210222694708,185,1,1,28,187,60.08872312775015
2024-01-01 07:00:00,1,2,2,1.678465484455265,458,1,1,57,422,44.453682050139015
2024-01-01 08:00:00,0,2,0,13.924187673314146,273,1,1,81,290,55.0546057206052
2024-01-01 09:00:00,0,2,0,1.841577001664942,138,0,0,43,93,42.13760806506971
2024-01-01 10:00:00,2,0,2,15.85907290850764,156,0,1,25,149,69.65509376275433
2024-01-01 11:00:00,1,2,1,8.238053281968691,90,1,0,80,94,57.32244263216107
2024-01-01 12:00:00,1,0,0,2.8195418420234017,235,0,0,36,149,51.37141347780455
2024-01-01 13:00:00,2,1,0,11.79288619396279,237,1,0,60,212,29.36511504190974
2024-01-01 14:00:00,2,2,2,6.322283735426374,415,1,0,93,343,32.77822205735724
2024-01-01 15:00:00,2,1,2,13.531904895564551,436,0,1,63,381,41.0539935983686
2024-01-01 16:00:00,2,1,1,13.505320430762016,58,1,1,26,130,50.0390689981793
2024-01-01 17:00:00,0,1,1,14.395142008294304,229,0,0,81,166,48.39062588480929
2024-01-01 18:00:00,2,1,0,19.856836496777422,235,1,1,77,221,59.62985057808682
2024-01-01 19:00:00,2,1,1,8.347256489000703,493,1,1,95,437,28.96375607297309
2024-01-01 20:00:00,0,1,0,9.840994015216918,131,1,0,10,143,47.689840110458434
2024-01-01 21:00:00,2,1,0,16.28762231948148,226,0,0,23,142,50.6290213824512
2024-01-01 22:00:00,2,0,2,11.98903043741582,143,0,0,16,128,63.76503636233947
2024-01-01 23:00:00,2,1,0,1.7078870030681932,438,0,1,73,340,23.185059573346656
2024-01-02 00:00:00,2,2,2,17.018491884937273,495,0,0,81,351,58.61560288285836
2024-01-02 01:00:00,0,1,0,1.9784749568227784,165,1,1,17,209,24.36110561311261
2024-01-02 02:00:00,2,0,0,4.245582593343902,209,0,0,63,128,51.3664843156946
2024-01-02 03:00:00,0,0,0,2.9395193725095567,294,0,1,33,252,53.27803053681692
2024-01-02 04:00:00,0,2,1,2.480615524741284,332,0,1,64,283,27.982969674419422
2024-01-02 05:00:00,2,2,1,1.488012630789494,262,0,1,10,235,28.10775604861438
2024-01-02 06:00:00,0,1,2,2.0455265654749804,201,1,0,81,149,28.79543060120674
2024-01-02 07:00:00,2,0,0,9.406344594397387,215,0,0,78,157,59.62545066290102
2024-01-02 08:00:00,2,0,2,5.804193129669664,449,1,1,41,424,52.95005832999113
2024-01-02 09:00:00,1,0,2,3.404200784957556,192,0,0,10,152,66.09998273351277
2024-01-02 10:00:00,1,2,0,13.515405311803995,74,0,1,75,116,70.19948394525335
2024-01-02 11:00:00,1,1,1,5.296126302050912,249,0,1,51,204,35.67520626908707
2024-01-02 12:00:00,2,0,1,1.3600339515513795,282,0,1,88,261,35.92785119987185
2024-01-02 13:00:00,2,1,2,8.949975891579225,53,0,1,18,56,40.42548314098028
2024-01-02 14:00:00,0,2,1,6.898226847587797,337,0,1,85,282,42.012771934308645
2024-01-02 15:00:00,2,1,0,7.053484195583362,222,0,1,83,182,26.46302525287653
2024-01-02 16:00:00,2,0,0,9.460130535449668,233,0,1,33,232,58.37020290905886
2024-01-02 17:00:00,2,1,1,13.709364617451277,300,0,1,28,261,49.21339593335922
2024-01-02 18:00:00,2,1,1,12.713103280721883,340,1,0,60,238,40.182948749658216
2024-01-02 19:00:00,1,2,2,18.807970585988635,486,0,0,90,333,77.16042994014457
2024-01-02 20:00:00,2,2,1,10.836616659747907,335,0,0,11,205,43.80921587972664
2024-01-02 21:00:00,0,2,2,9.978828284776371,408,0,1,19,324,44.74952152922889
2024-01-02 22:00:00,2,1,0,5.054874269121042,161,1,0,78,145,15.900546707896796
2024-01-02 23:00:00,0,1,0,15.35224448811498,354,1,1,15,350,50.87710322623595
2024-01-03 00:00:00,0,2,0,3.67473974807141,399,0,1,71,347,32.05479027658441
2024-01-03 01:00:00,2,0,1,10.331524906589198,388,0,0,75,243,58.42629708754231
2024-01-03 02:00:00,1,0,1,9.005121769361445,485,1,1,17,423,70.58907398391469
2024-01-03 03:00:00,0,2,1,13.507716689683662,179,1,0,77,157,59.28782977232023
2024-01-03 04:00:00,1,0,2,18.43480792917652,236,0,0,68,139,77.68439953726732
2024-01-03 05:00:00,1,2,2,18.985316238466226,470,1,0,59,363,85.98521391619371
2024-01-03 06:00:00,0,2,2,4.18818607610001,78,0,1,45,121,39.65590953225966
2024-01-03 07:00:00,1,2,0,5.974527147076386,207,1,0,17,163,54.172261530063466
2024-01-03 08:00:00,2,2,2,16.421071079329426,423,0,1,26,363,52.59229329537592
2024-01-03 09:00:00,2,2,1,10.847315486534663,284,0,1,68,221,45.70983419298292
2024-01-03 10:00:00,2,2,1,9.607656798758905,327,0,1,87,310,46.19844040908939
2024-01-03 11:00:00,2,1,0,14.50188359523341,151,0,1,17,155,47.39588389949733
2024-01-03 12:00:00,2,1,1,12.436574099532464,274,0,1,98,226,43.10684412305153
2024-01-03 13:00:00,2,1,1,19.44356703400536,324,1,1,87,329,55.275652123693966
2024-01-03 14:00:00,1,2,1,12.095518393477072,372,0,0,96,309,62.08573366563271
2024-01-03 15:00:00,2,1,2,9.853502700597812,281,1,0,52,263,27.8617815591002
2024-01-03 16:00:00,2,1,2,11.313529879485335,391,1,1,72,362,36.38910862379883
2024-01-03 17:00:00,0,2,1,16.362256517242493,323,1,0,90,291,72.20633565408615
2024-01-03 18:00:00,2,2,1,12.640826078919195,414,1,1,21,425,43.474390965366325
2024-01-03 19:00:00,1,2,1,13.293913736347635,498,0,0,93,341,58.645958811386215
2024-01-03 20:00:00,2,2,1,19.457338720695248,162,1,0,65,156,73.80826814311203
2024-01-03 21:00:00,1,0,2,12.74951420408369,438,1,0,58,330,80.75632799102466
2024-01-03 22:00:00,0,0,0,8.225419718356257,188,1,0,61,163,53.61923446887557
2024-01-03 23:00:00,2,0,1,14.135194513243135,265,0,1,20,229,68.5861843804204
2024-01-04 00:00:00,2,2,2,13.529728542568916,363,0,0,36,245,50.56902330520772
2024-01-04 01:00:00,1,1,1,1.2631050746212562,323,1,0,71,289,40.536077839289625
2024-01-04 02:00:00,0,0,0,9.87925663893083,377,1,1,18,316,71.99322875371854
2024-01-04 03:00:00,0,1,2,15.115168454765588,398,0,1,91,329,52.146573324291296
2024-01-04 04:00:00,0,1,2,10.481787696701453,233,1,0,45,201,44.252489735344085
2024-01-04 05:00:00,2,2,0,15.812801582772398,455,0,0,55,309,55.73813682940526
2024-01-04 06:00:00,2,1,0,9.566790232124674,361,1,1,93,359,43.59044881294753
2024-01-04 07:00:00,2,0,2,19.68311035510748,243,1,0,38,226,79.83426682062138
2024-01-04 08:00:00,1,2,0,6.564940194873885,328,0,0,77,230,49.65185854561238
2024-01-04 09:00:00,0,2,1,2.750329554775397,321,0,1,88,280,42.0367938156197
2024-01-04 10:00:00,2,2,0,9.17022422192785,349,1,0,50,283,44.71720382657187
2024-01-04 11:00:00,2,2,0,11.29247147260446,121,0,1,37,147,46.79833227289301
2024-01-04 12:00:00,2,1,2,7.632780901966768,245,1,1,73,292,26.83549155002535
2024-01-04 13:00:00,2,2,0,5.603342042241221,319,0,0,33,244,34.568298417727966
2024-01-04 14:00:00,0,2,2,13.769115136324292,442,0,1,25,404,64.107905551493
2024-01-04 15:00:00,0,2,1,8.16537689726879,380,0,0,31,282,46.24488067059008
2024-01-04 16:00:00,1,2,0,12.9960020529121,289,1,0,56,205,65.73129471741903
2024-01-04 17:00:00,2,1,0,15.802357523376742,157,1,0,26,162,37.49898321008997
2024-01-04 18:00:00,2,1,2,15.45904992744045,449,1,0,10,339,44.964803424595466
2024-01-04 19:00:00,0,1,2,8.130876902078136,446,0,0,40,338,35.98407834706463
2024-01-04 20:00:00,0,1,0,11.79006635005332,341,1,1,98,323,45.19483794108872
2024-01-04 21:00:00,0,0,2,9.543506264412104,349,0,1,21,267,62.11670459583184
2024-01-04 22:00:00,0,0,0,17.545299801483544,149,0,1,29,161,82.21528373316228
2024-01-04 23:00:00,2,1,1,17.696411116199986,130,0,0,28,85,53.82073742019386
2024-01-05 00:00:00,0,2,0,7.531090074872699,319,0,1,14,281,41.65225502874135
2024-01-05 01:00:00,2,2,1,2.743011509695884,398,1,0,24,325,39.49572956007587
2024-01-05 02:00:00,2,1,1,4.184067183156371,66,1,0,34,93,18.76605918849725
2024-01-05 03:00:00,2,1,2,7.973033100486791,242,1,1,44,266,22.272516823139767
2024-01-05 04:00:00,2,0,2,11.720749140496824,261,0,1,64,250,66.32562561208148
2024-01-05 05:00:00,0,2,2,13.478953208324157,402,1,1,72,374,57.61295085595962
2024-01-05 06:00:00,2,0,2,7.296049879434005,175,0,0,56,120,57.49772278469384
2024-01-05 07:00:00,0,1,0,13.68248327285573,359,1,0,76,286,45.12018472051057
2024-01-05 08:00:00,1,2,1,18.817059689801365,175,1,1,91,205,83.76146364930732
2024-01-05 09:00:00,2,1,0,13.388268416210058,179,1,1,73,209,45.77812619011701
2024-01-05 10:00:00,2,1,1,4.012739359442674,194,1,0,31,193,38.61790319437499
2024-01-05 11:00:00,0,2,1,12.013709346574924,305,1,1,89,330,52.02022241975188
2024-01-05 12:00:00,2,1,1,11.296014818572672,72,1,0,88,106,36.08123047639063
2024-01-05 13:00:00,2,1,0,17.543302107069994,263,0,0,78,190,46.34817856963559
2024-01-05 14:00:00,2,1,2,7.655758049046512,178,0,0,86,126,25.689498977406053
2024-01-05 15:00:00,2,1,0,9.03596659107692,61,0,0,83,47,34.44027829272145
2024-01-05 16:00:00,1,2,1,12.37452205424338,190,1,0,89,178,58.73538452783389
2024-01-05 17:00:00,1,2,0,10.964080923098484,317,0,1,11,260,55.33929025970248
2024-01-05 18:00:00,0,1,1,14.66131525569831,106,1,1,34,149,50.13433606875423
2024-01-05 19:00:00,1,1,2,1.7673908273374206,135,0,1,70,146,40.28011978767576
2024-01-05 20:00:00,1,1,2,11.706804364932236,323,1,0,14,249,44.730594941230585
2024-01-05 21:00:00,2,2,0,3.31176596707363,152,1,1,37,180,33.79512886999819
2024-01-05 22:00:00,1,1,2,6.988970857874706,388,0,1,90,308,41.50810353295129
2024-01-05 23:00:00,0,2,1,13.570910369115415,399,1,1,75,393,47.69884628191549
2024-01-06 00:00:00,1,1,1,3.990869811251376,192,1,0,24,204,35.18752936241364
2024-01-06 01:00:00,1,1,2,6.867994874587948,472,0,1,64,380,48.57308988846916
2024-01-06 02:00:00,2,0,2,14.357123173870928,383,0,1,47,319,72.24944331123254
2024-01-06 03:00:00,2,2,2,13.365299608009844,378,0,0,32,279,42.59109774265312
2024-01-06 04:00:00,2,1,0,2.729753714985023,466,0,1,91,358,20.530584809496133
2024-01-06 05:00:00,2,0,0,11.968101376354154,225,0,1,23,209,70.15065829389653
2024-01-06 06:00:00,1,2,1,3.797834776454149,182,1,0,41,207,55.27731164725721
2024-01-06 07:00:00,1,0,0,5.793156195575361,393,1,1,53,363,65.77513725312305
2024-01-06 08:00:00,2,2,0,9.725014294079797,313,0,0,79,217,42.8721045614053
2024-01-06 09:00:00,0,2,1,3.0775896426655933,196,1,1,91,225,38.794632881950605
2024-01-06 10:00:00,2,0,1,19.87929239045277,485,0,0,67,334,83.21714269449447
2024-01-06 11:00:00,2,1,2,4.142021660026021,61,1,0,13,91,19.909660105530985
2024-01-06 12:00:00,2,2,2,15.844939940143483,377,1,0,71,310,57.08050758614578
2024-01-06 13:00:00,2,2,0,16.766938055441276,441,1,0,69,307,57.32787200233352
2024-01-06 14:00:00,1,1,1,19.894815428024025,104,0,1,84,134,73.25056699789046
2024-01-06 15:00:00,2,1,0,9.1444111391931,279,1,0,68,216,30.864857164142165
2024-01-06 16:00:00,0,1,0,17.607795882647462,171,0,0,84,133,49.79980397467724
2024-01-06 17:00:00,0,2,1,19.19324934132017,398,0,1,38,329,58.494517169285935
2024-01-06 18:00:00,2,2,1,4.284988752998675,282,0,1,28,250,35.35915737370289
2024-01-06 19:00:00,1,2,1,10.10928569213112,211,1,1,26,242,55.195520173346736
2024-01-06 20:00:00,1,1,1,2.1402055582656665,131,1,0,13,120,33.027383602843095
2024-01-06 21:00:00,2,2,0,12.79375622845983,498,1,1,53,426,50.5126803730288
2024-01-06 22:00:00,2,0,0,12.04671698027476,96,0,0,13,82,60.99535664164263
2024-01-06 23:00:00,2,1,0,4.878399408600746,413,0,1,68,328,26.6797665253982
2024-01-07 00:00:00,2,2,1,16.160152418988396,340,0,1,21,266,70.10070629870896
2024-01-07 01:00:00,2,2,2,1.7081057325072575,209,0,1,56,205,36.96452604992473
2024-01-07 02:00:00,0,2,0,16.318319158423584,228,0,0,16,168,57.59477700785844
2024-01-07 03:00:00,0,2,2,1.50626053211348,411,0,0,94,286,29.28516584836561
2024-01-07 04:00:00,2,0,2,13.479747430590654,257,1,0,21,224,62.58385875768634
2024-01-07 05:00:00,2,1,2,2.4966207643831244,439,0,0,80,309,11.899756360981582
2024-01-07 06:00:00,1,0,1,5.773284866934136,442,1,0,63,361,67.50890165617844
2024-01-07 07:00:00,2,1,1,14.71635363692488,89,0,0,67,79,46.90267730930057
2024-01-07 08:00:00,2,1,0,6.327691192882349,263,0,0,72,194,28.5884008645716
2024-01-07 09:00:00,2,1,0,10.71230312563696,481,1,0,24,394,37.42711140491463
2024-01-07 10:00:00,1,2,1,18.38971712088217,401,1,0,46,353,67.31922434894926
2024-01-07 11:00:00,2,2,1,1.9430527266949884,203,1,0,65,191,19.79852731755787
2024-01-07 12:00:00,0,1,2,16.410516080977796,387,1,0,82,309,56.0121945930394
2024-01-07 13:00:00,0,1,1,2.2401679728013013,342,1,0,89,248,23.95941384455244
2024-01-07 14:00:00,2,0,1,3.4091020423968565,485,1,1,40,403,51.28411638331056
2024-01-07 15:00:00,0,0,1,3.267062973895006,445,1,1,24,408,46.66391298843714
2024-01-07 16:00:00,2,2,1,19.8879433810038,215,0,1,11,195,63.21569963672504
2024-01-07 17:00:00,0,2,2,4.423540067299134,321,0,1,22,264,36.29496566521469
2024-01-07 18:00:00,0,2,0,18.03847507886909,494,0,0,14,357,74.05728331167116
2024-01-07 19:00:00,0,1,2,19.82771109598453,73,0,1,57,115,67.69404109114451
2024-01-07 20:00:00,2,0,1,8.291910637833661,450,1,1,42,411,51.40491471570091
2024-01-07 21:00:00,1,1,1,12.989922327045024,164,1,0,41,146,56.717283658445794
2024-01-07 22:00:00,2,2,0,15.80273382150864,400,0,0,62,319,60.70688743888298
2024-01-07 23:00:00,2,1,0,8.460256554887957,309,1,1,30,304,36.86841996902896
2024-01-08 00:00:00,2,2,0,4.074468669458339,355,0,1,75,316,29.207038066981337
2024-01-08 01:00:00,0,2,2,9.241492132058662,413,1,0,70,324,50.40715085339588
2024-01-08 02:00:00,0,2,0,15.665865255055948,275,0,1,63,221,62.01205805588285
2024-01-08 03:00:00,2,1,1,15.834492492219658,151,0,0,84,107,46.20665573517273
2024-01-08 04:00:00,0,2,1,5.380237051247353,180,0,1,50,225,27.688496429105648
2024-01-08 05:00:00,2,1,1,4.324347157924184,313,1,0,96,278,20.88115721431906
2024-01-08 06:00:00,0,1,2,18.490653339906643,61,0,0,47,40,55.04077027768398
2024-01-08 07:00:00,2,1,0,1.8359815806079007,468,0,1,42,388,22.196121331570644
2024-01-08 08:00:00,0,2,0,14.96003103953665,371,0,1,17,303,58.787133633893006
2024-01-08 09:00:00,2,2,0,1.882006323488326,230,1,1,45,264,35.07864997834851
2024-01-08 10:00:00,1,2,0,16.920100966358767,398,0,0,42,317,66.35888845133624
2024-01-08 11:00:00,2,2,1,18.202881453385935,210,1,1,38,226,68.13077812156506
2024-01-08 12:00:00,2,2,2,6.650963360352881,163,1,0,66,159,35.082169375672365
2024-01-08 13:00:00,2,2,0,2.404777226817254,67,0,0,81,54,26.747287419295077
2024-01-08 14:00:00,1,1,1,10.133006190601144,153,1,1,70,189,48.683643945325706
2024-01-08 15:00:00,1,1,1,6.670797698164059,235,1,1,99,245,35.021408822889924
2024-01-08 16:00:00,2,2,2,8.925586713397202,391,1,0,96,317,43.3077291955209
2024-01-08 17:00:00,0,2,0,13.634723616284925,142,1,1,64,176,71.49353747577084
2024-01-08 18:00:00,1,0,2,4.986694683025622,350,0,0,61,265,59.94170845893409
2024-01-08 19:00:00,0,0,0,7.782079820767641,192,1,0,52,171,58.12942666063063
2024-01-08 20:00:00,0,1,2,15.8686873155608,192,0,1,35,181,54.69788251084221
2024-01-08 21:00:00,2,1,0,13.231477049103612,350,1,0,11,266,41.03435541858381
2024-01-08 22:00:00,2,2,0,7.199234331873535,149,1,0,64,127,44.47557960723421
2024-01-08 23:00:00,1,1,2,13.621730404938642,111,0,1,99,118,49.37057849689901
2024-01-09 00:00:00,1,1,0,15.540945534947364,133,1,0,27,123,55.08835964817351
2024-01-09 01:00:00,0,0,2,12.257226038102962,477,1,0,59,353,70.71321421641312
2024-01-09 02:00:00,2,1,2,5.550439817519162,325,0,0,90,244,8.981879346589373
2024-01-09 03:00:00,2,0,0,1.0046605197278682,216,1,1,54,270,35.08241924467482
2024-01-09 04:00:00,0,2,0,16.254133032777347,344,0,1,24,287,52.892647267225215
2024-01-09 05:00:00,1,2,2,16.630037551007124,178,0,0,16,106,73.57068012278442
2024-01-09 06:00:00,1,1,1,14.254485526492878,413,1,1,90,362,55.94547359684988
2024-01-09 07:00:00,0,1,2,2.455037695984662,116,0,1,92,135,17.546423022290963
2024-01-09 08:00:00,0,2,1,12.119223462652878,96,1,1,36,159,54.8751331291153
2024-01-09 09:00:00,2,1,1,16.59939275416054,423,1,1,49,355,52.07779525220637
2024-01-09 10:00:00,2,1,2,8.403698082055147,359,0,0,26,209,24.83959372679928
2024-01-09 11:00:00,1,1,2,4.762013950184828,197,1,1,41,229,38.80596677251418
2024-01-09 12:00:00,0,1,2,12.164918647587944,299,0,1,25,273,45.40685924723036
2024-01-09 13:00:00,2,1,1,16.69982591871668,186,1,0,72,194,51.27366689052674
2024-01-09 14:00:00,2,2,2,1.9285292154342455,144,0,0,87,88,20.851464291074706
2024-01-09 15:00:00,0,1,2,12.34207312605398,287,0,1,69,273,39.43808232591562
2024-01-09 16:00:00,2,1,0,13.220302111447497,333,0,0,91,228,40.63329075209408
2024-01-09 17:00:00,2,2,0,12.444973747617311,369,0,1,95,285,49.59990480344173
2024-01-09 18:00:00,0,0,0,13.350640000503924,84,0,0,61,95,83.13651465013997
2024-01-09 19:00:00,0,1,2,12.996130844478936,345,0,0,89,209,49.98849943282264
2024-01-09 20:00:00,0,1,2,3.477673814626632,430,1,1,58,387,24.8067355323958
2024-01-09 21:00:00,2,2,2,5.463798762029391,407,1,1,58,362,34.10689685379643
2024-01-09 22:00:00,0,0,1,12.760886100491192,307,1,1,89,312,68.98426108561173
2024-01-09 23:00:00,2,2,1,1.3361700615986447,436,1,0,35,364,21.3938775622846
2024-01-10 00:00:00,2,2,0,13.060145855741643,319,0,1,60,237,49.58504074702687
2024-01-10 01:00:00,0,1,1,13.642345851915607,404,0,0,52,270,57.21607993534259
2024-01-10 02:00:00,0,2,1,5.544320437371511,373,0,0,79,280,28.160311940987405
2024-01-10 03:00:00,1,1,1,12.364523765309652,96,0,0,80,50,54.81401642218195
2024-01-10 04:00:00,0,2,0,11.147711153751526,143,1,1,18,159,62.539003342807206
2024-01-10 05:00:00,0,2,0,5.953139414909162,231,0,0,53,153,50.54933117559254
2024-01-10 06:00:00,2,0,1,9.796506225620336,491,0,1,73,381,64.02137665606067
2024-01-10 07:00:00,2,1,2,18.28286605883145,239,0,0,99,183,51.80652499487302
2024-01-10 08:00:00,2,1,0,9.105452828737777,100,1,0,11,111,37.6924109918326
2024-01-10 09:00:00,2,2,1,12.967039360710531,255,1,0,45,204,52.55948937855025
2024-01-10 10:00:00,1,2,2,1.6716655997731895,353,1,0,12,306,51.78482911913324
2024-01-10 11:00:00,2,2,2,2.478202153119877,460,1,0,63,362,33.55212813007647
2024-01-10 12:00:00,1,1,0,2.544853392763051,382,0,1,30,289,31.357339938351807
2024-01-10 13:00:00,0,1,2,15.786574508902463,488,1,0,76,368,61.37093445719616
2024-01-10 14:00:00,0,2,0,7.654881001265601,174,1,1,18,201,44.16037130078502
2024-01-10 15:00:00,0,1,1,5.324622078950454,261,0,1,21,272,25.31066681385627
2024-01-10 16:00:00,0,0,0,15.19916680058273,418,1,1,81,379,77.18942367714908
2024-01-10 17:00:00,2,2,2,4.229241188567315,482,1,0,46,351,37.73321369073759
2024-01-10 18:00:00,2,2,0,5.683357976335332,457,0,1,94,367,35.950778251693606
2024-01-10 19:00:00,0,2,0,9.187697422130396,315,1,0,46,274,49.20909531184681
2024-01-10 20:00:00,2,2,1,7.297323311277652,184,1,0,76,167,47.9856770362186
2024-01-10 21:00:00,2,1,2,12.12245200969624,421,1,1,65,406,38.2719960353802
2024-01-10 22:00:00,0,0,0,7.418971762422105,322,1,0,94,280,63.72311009690006
2024-01-10 23:00:00,2,1,1,8.466081081318947,327,0,0,72,242,37.874917425167816
2024-01-11 00:00:00,1,2,1,17.394845556740233,364,0,0,35,268,71.02087560700363
2024-01-11 01:00:00,1,1,1,17.806097352932046,349,1,0,97,309,65.44599815410018
2024-01-11 02:00:00,1,2,1,16.726512625454742,316,0,0,55,242,80.85040387960886
2024-01-11 03:00:00,2,1,1,17.43178772138802,347,0,1,62,271,55.46608807942084
2024-01-11 04:00:00,2,1,0,11.824844717443224,328,1,1,69,298,35.923455733476395
2024-01-11 05:00:00,1,0,0,13.278431080276295,423,1,0,41,347,80.23090092695914
2024-01-11 06:00:00,2,1,2,11.58629016454387,493,0,0,71,327,20.134722921285984
2024-01-11 07:00:00,1,2,0,15.92617359700548,263,0,1,56,211,77.3267573165691
2024-01-11 08:00:00,1,0,2,11.46900922946744,111,1,1,70,185,80.67102232636506
2024-01-11 09:00:00,1,1,2,3.1104623264648303,416,0,1,13,332,27.44085894023705
2024-01-11 10:00:00,2,2,2,16.38202228868034,103,0,0,11,86,61.33897961934764
2024-01-11 11:00:00,2,1,0,15.451118242873193,387,1,1,32,372,46.82060108266954
2024-01-11 12:00:00,1,1,1,16.58571131036988,424,1,1,64,387,66.44450019046319
2024-01-11 13:00:00,2,2,2,4.618159804405475,414,1,1,50,397,37.13563382483386
2024-01-11 14:00:00,2,0,1,6.160724001584374,161,1,0,77,162,51.43094957793635
2024-01-11 15:00:00,0,1,2,6.61928224800707,318,0,1,46,289,26.549584980275142
2024-01-11 16:00:00,1,2,0,10.6535301875278,373,1,0,20,273,58.428437622211575
2024-01-11 17:00:00,0,2,2,3.543664599105736,156,0,0,45,106,34.398840826391066
2024-01-11 18:00:00,0,0,0,8.322253312222479,332,0,0,24,204,52.58584890565109
2024-01-11 19:00:00,2,1,1,4.461005060501563,420,1,0,76,327,24.146345609248517
2024-01-11 20:00:00,0,2,0,6.030491547621993,217,0,0,39,131,45.55772986518424
2024-01-11 21:00:00,1,2,1,14.42136505661012,123,1,1,66,156,64.4199329922531
2024-01-11 22:00:00,2,2,0,17.24141197002834,285,1,0,71,240,60.994234622410886
2024-01-11 23:00:00,0,0,2,1.4352114653464931,141,0,0,96,130,50.81311104613624
2024-01-12 00:00:00,1,0,2,11.752042303745007,134,0,1,42,150,81.58762888712185
2024-01-12 01:00:00,0,1,0,1.6851354791830755,421,0,1,74,349,19.35933500329136
2024-01-12 02:00:00,0,2,1,2.6197356552194555,124,1,0,10,98,46.58479298613837
2024-01-12 03:00:00,0,1,1,14.396596657668072,133,1,1,12,217,48.95883741150154
2024-01-12 04:00:00,2,1,1,14.976554023540215,294,1,1,18,300,38.81239744471686
2024-01-12 05:00:00,2,2,0,16.465632790283177,277,0,0,41,216,55.80358675514372
2024-01-12 06:00:00,1,1,0,10.010588723635792,132,1,0,86,123,42.42758592966861
2024-01-12 07:00:00,1,2,0,17.336342158307577,443,1,1,54,413,72.51343099322536
2024-01-12 08:00:00,1,0,0,4.169927541190862,64,0,1,66,66,69.55662149728671
2024-01-12 09:00:00,1,1,1,5.74461185906505,350,0,0,30,251,44.10098154345853
2024-01-12 10:00:00,0,0,1,3.555540804437455,230,1,1,32,265,60.07917054767316
2024-01-12 11:00:00,0,2,0,16.153207951055656,387,1,1,86,394,63.18544406902791
2024-01-12 12:00:00,0,2,0,5.34482724934576,312,1,0,35,299,46.88164409085065
2024-01-12 13:00:00,0,0,1,3.954713612407617,463,0,0,98,340,46.3783610868114
2024-01-12 14:00:00,0,1,1,12.839103064173068,127,1,0,81,105,39.97646230746162
2024-01-12 15:00:00,0,2,2,2.4645585008528137,278,1,1,39,275,36.95480155179571
2024-01-12 16:00:00,1,2,0,1.8531052671832784,282,0,1,78,238,48.05781156430446
2024-01-12 17:00:00,2,1,2,3.027635322496719,79,1,0,33,119,25.042258655353223
2024-01-12 18:00:00,2,0,1,1.0045767957561842,423,1,1,83,385,36.13696624649968
2024-01-12 19:00:00,2,0,1,14.242812930214056,204,1,1,92,238,76.12287196590219
2024-01-12 20:00:00,0,1,0,11.682471112575094,354,0,0,73,288,32.415898894332855
2024-01-12 21:00:00,2,1,2,4.987627071716753,234,0,1,44,211,33.16267508922967
2024-01-12 22:00:00,2,2,1,5.427094011574321,497,0,0,31,327,29.208088291257404
2024-01-12 23:00:00,0,1,2,16.408403370930753,406,0,0,48,294,60.7454847649199
2024-01-13 00:00:00,2,2,2,10.534582201345708,496,1,1,64,419,42.885908633107846
2024-01-13 01:00:00,0,1,2,14.272038784553054,481,0,1,16,371,49.32580829464788
2024-01-13 02:00:00,2,2,2,9.602353574223397,304,0,1,71,262,43.72421094901308
2024-01-13 03:00:00,2,1,2,5.516642494395054,218,0,0,48,197,18.362761113069038
2024-01-13 04:00:00,1,1,0,19.43765321297523,130,0,0,29,84,69.31495726670079
2024-01-13 05:00:00,2,2,0,11.747303704132552,335,1,1,65,337,42.4204564753268
2024-01-13 06:00:00,2,2,2,3.488656171590336,259,0,0,75,176,28.877618539908976
2024-01-13 07:00:00,0,0,0,8.715710801494229,308,1,1,24,308,75.43991093583506
2024-01-13 08:00:00,0,0,1,7.257410826991113,86,0,1,83,137,60.36812775911184
2024-01-13 09:00:00,2,1,2,5.0676619031819055,335,1,1,30,339,23.11474086035641
2024-01-13 10:00:00,0,1,0,18.73535979556493,103,0,1,88,122,61.453013062849
2024-01-13 11:00:00,2,0,0,17.7374799137353,418,0,0,43,287,78.30299000848562
2024-01-13 12:00:00,2,0,1,4.783795213882212,261,0,1,44,263,44.30546500755712
2024-01-13 13:00:00,0,0,1,7.690809892054818,391,1,0,14,348,54.79429008131964
2024-01-13 14:00:00,0,1,1,15.483992441745611,149,0,1,65,156,57.36501963651168
2024-01-13 15:00:00,0,0,1,4.961614914664098,134,1,0,92,151,56.27367680615819
2024-01-13 16:00:00,0,1,2,12.239732389480643,262,1,1,16,295,55.22215110754747
2024-01-13 17:00:00,1,2,0,14.296084900371516,440,1,0,62,333,58.9080811017727
2024-01-13 18:00:00,0,0,0,13.42547418850456,313,0,0,53,215,78.16046516028501
2024-01-13 19:00:00,2,1,1,14.42176416523451,135,0,1,67,159,46.36612581501631
2024-01-13 20:00:00,0,0,0,14.427292191546496,112,0,1,51,134,68.65863915196009
2024-01-13 21:00:00,2,1,0,19.33131247712964,496,0,0,27,334,55.96736744106792
2024-01-13 22:00:00,2,0,0,7.583478900886073,241,0,1,15,206,48.50880363340332
2024-01-13 23:00:00,2,1,1,17.69321806314095,463,1,0,13,380,52.70856812676174
2024-01-14 00:00:00,2,0,0,1.4143341877870288,142,0,0,78,80,48.20152187362906
2024-01-14 01:00:00,1,1,0,6.475856303142381,302,0,0,23,204,42.011022397947066
2024-01-14 02:00:00,1,2,0,1.9244598579835,187,0,1,50,164,42.2282119774901
2024-01-14 03:00:00,0,2,2,13.372875239160964,98,1,0,56,119,52.33030163215508
2024-01-14 04:00:00,2,2,2,2.915017043900772,170,0,0,62,142,36.10143273329876
2024-01-14 05:00:00,2,1,0,17.068430409388878,88,0,0,30,11,50.01229298400265
2024-01-14 06:00:00,2,2,0,13.285241992014935,83,0,1,22,87,49.62444643307207
2024-01-14 07:00:00,2,1,0,1.5474926200185082,407,0,0,75,277,25.23591684308409
2024-01-14 08:00:00,0,2,0,14.580769943257836,315,1,1,24,328,65.22493072445208
2024-01-14 09:00:00,0,1,0,17.37866399788226,58,1,0,89,52,54.74519090459742
2024-01-14 10:00:00,0,0,0,13.56129914558084,237,0,1,54,230,72.521970616315
2024-01-14 11:00:00,2,1,2,1.5799601027656114,145,1,0,93,170,23.431474490045584
2024-01-14 12:00:00,1,1,1,17.300471420747723,182,1,1,74,219,64.55690549887365
2024-01-14 13:00:00,0,1,0,14.916814345746666,212,1,1,55,246,42.70697323744618
2024-01-14 14:00:00,0,2,0,8.1905749371957,188,0,1,12,180,47.2708226683767
2024-01-14 15:00:00,0,1,0,7.24397490799455,347,1,1,26,301,37.92125163763129
2024-01-14 16:00:00,2,2,1,10.116583446741362,129,0,1,26,130,51.4307862701889
2024-01-14 17:00:00,2,0,0,17.474933267819548,140,0,1,93,166,83.40547850924226
2024-01-14 18:00:00,2,2,0,5.789127685521593,305,1,0,29,270,46.53131563559644
2024-01-14 19:00:00,0,2,1,2.9183124135828216,197,1,1,13,241,34.28253243953903
2024-01-14 20:00:00,2,1,0,17.428091086259947,228,1,0,84,196,50.02445344037534
2024-01-14 21:00:00,2,2,1,1.499507128733736,306,0,0,24,227,19.512360406766508
2024-01-14 22:00:00,2,1,1,18.308943422637228,267,1,1,66,278,48.12955928520108
2024-01-14 23:00:00,2,2,0,6.809158691726613,316,0,0,54,187,30.107705582537456
2024-01-15 00:00:00,1,1,2,10.656231332077086,366,1,1,36,328,58.80303389590751
2024-01-15 01:00:00,0,2,2,3.513614970292333,128,1,0,97,117,36.9963247705854
2024-01-15 02:00:00,2,1,0,18.14284441815702,216,1,1,29,215,52.11386456965485
2024-01-15 03:00:00,2,0,1,15.246888244303689,153,0,0,88,105,74.43722943654562
2024-01-15 04:00:00,2,1,1,18.55895614555265,353,1,1,15,351,52.22511737147863
2024-01-15 05:00:00,2,2,1,13.981351971245086,387,0,1,27,357,53.75148114206716
2024-01-15 06:00:00,2,1,0,4.509181758104196,333,1,1,95,310,22.240995402637285
2024-01-15 07:00:00,2,2,2,6.857073056738737,394,0,0,58,263,40.22170907040229
2024-01-15 08:00:00,2,0,1,10.250122926965991,264,1,0,94,243,66.88382242024753
2024-01-15 09:00:00,0,2,1,12.537905901843931,124,1,1,33,163,64.52357492662999
2024-01-15 10:00:00,0,2,0,18.6027293093892,274,1,1,90,304,63.72873266665607
2024-01-15 11:00:00,2,0,2,8.29507784999364,385,1,0,20,309,61.821335922302495
2024-01-15 12:00:00,2,2,2,14.358368416235772,341,1,0,27,272,47.08690480629216
2024-01-15 13:00:00,0,2,0,19.25916812930561,392,1,0,44,309,61.88363839307021
2024-01-15 14:00:00,0,2,2,3.8951072048936073,119,0,0,64,118,35.466756874910246
2024-01-15 15:00:00,1,2,0,17.391482186811416,412,1,0,37,327,72.14554810026605
2024-01-15 16:00:00,0,1,1,8.993415337470774,239,1,1,97,231,35.96187518320191
2024-01-15 17:00:00,2,0,0,14.916013742657398,155,0,1,45,195,68.10318809176758
2024-01-15 18:00:00,2,2,1,6.57722843600459,119,0,0,33,99,40.90660196462304
2024-01-15 19:00:00,0,1,0,7.345700147054029,59,1,0,42,85,41.47905939259219
2024-01-15 20:00:00,2,2,1,1.5155312724932566,263,0,1,46,176,37.19599947083955
2024-01-15 21:00:00,0,1,1,19.456678910172236,54,0,1,22,74,62.509144525123965
2024-01-15 22:00:00,1,1,0,16.455598929384905,77,1,0,25,92,69.27308531164894
2024-01-15 23:00:00,0,2,1,2.7844412005981893,364,0,0,52,228,31.28004011170927
2024-01-16 00:00:00,2,0,2,19.990667117611714,442,1,0,82,339,84.03691646101602
2024-01-16 01:00:00,0,0,0,12.495467346855888,472,0,1,59,359,67.09982708793359
2024-01-16 02:00:00,2,0,2,17.220844121323278,290,0,0,22,209,80.24733607814886
2024-01-16 03:00:00,0,0,1,2.26655450227951,285,0,1,80,266,51.61772496581378
2024-01-16 04:00:00,1,1,1,8.399572391346549,141,1,0,44,154,48.27964091831033
2024-01-16 05:00:00,2,1,1,13.723371323768587,367,1,0,99,312,38.94694670422745
2024-01-16 06:00:00,1,0,0,3.022240655294329,394,1,1,82,352,58.02371428786769
2024-01-16 07:00:00,1,1,1,10.289153934426013,412,1,0,44,362,43.060127228562735
2024-01-16 08:00:00,2,2,2,9.41087961633869,87,1,1,33,156,40.80934736606242
2024-01-16 09:00:00,2,2,2,5.104764264998015,268,1,0,94,188,31.43762589846643
2024-01-16 10:00:00,2,1,0,6.705126881184242,201,0,1,62,201,24.458429512545365
2024-01-16 11:00:00,2,0,2,19.375248735404664,241,0,1,95,202,76.79061672645224
2024-01-16 12:00:00,2,2,0,6.484321234188784,170,1,0,48,154,48.78974870579256
2024-01-16 13:00:00,0,2,0,5.05509654539981,220,0,0,28,159,48.01378683736032
2024-01-16 14:00:00,2,0,1,11.187974250298335,159,1,1,53,209,69.65774321183663
2024-01-16 15:00:00,2,2,2,13.74820264733566,193,1,0,55,196,49.89282404979645
2024-01-16 16:00:00,1,1,2,14.776769110321732,115,0,1,54,134,59.72004013862327
2024-01-16 17:00:00,2,2,2,15.330696505441407,371,0,1,41,336,53.6183584491881
2024-01-16 18:00:00,1,0,1,1.6998173387803088,246,1,0,14,203,52.41032871173026
2024-01-16 19:00:00,2,2,0,8.481447607211702,95,1,1,85,178,41.95805496220406
2024-01-16 20:00:00,2,2,2,15.705203515878711,198,0,0,15,112,57.70507254015056
2024-01-16 21:00:00,0,2,2,18.19218993420246,109,0,0,91,50,71.89873504140951
2024-01-16 22:00:00,0,1,2,12.441802343322882,187,0,1,16,190,45.47747676111198
2024-01-16 23:00:00,1,0,2,1.993830216684028,451,1,1,92,381,47.00784542799957
2024-01-17 00:00:00,0,0,1,8.536270311247492,139,1,0,24,155,57.816117149386905
2024-01-17 01:00:00,1,1,0,2.410315201500638,261,1,1,82,280,32.080827589074424
2024-01-17 02:00:00,2,1,2,15.222219391007108,218,1,1,29,262,37.12091304565145
2024-01-17 03:00:00,2,0,2,2.2066039163516398,469,1,0,68,382,41.59684208604336
2024-01-17 04:00:00,0,0,0,4.528890267968368,162,0,0,93,135,58.62441816888751
2024-01-17 05:00:00,1,0,1,8.92221005533071,390,1,0,13,334,70.13714817937955
2024-01-17 06:00:00,1,0,1,9.790318975182569,115,1,1,83,175,78.31123095300795
2024-01-17 07:00:00,2,2,1,8.723152305985234,351,1,1,49,334,42.85252581773762
2024-01-17 08:00:00,2,2,1,9.804536285514,167,0,0,74,139,49.13734790667077
2024-01-17 09:00:00,0,2,2,14.551543888383796,274,1,0,44,267,51.90716070252
2024-01-17 10:00:00,2,1,0,8.01610763615529,200,0,0,97,134,33.37130875730025
2024-01-17 11:00:00,1,2,0,11.407258723861764,216,1,0,53,213,59.32209966090324
2024-01-17 12:00:00,1,2,0,6.764015893045912,144,1,1,16,186,60.00827723641418
2024-01-17 13:00:00,2,2,1,7.71892240671917,309,0,1,31,259,34.03296057840426
2024-01-17 14:00:00,0,2,1,12.662180221799536,474,0,0,32,344,60.798214278575074
2024-01-17 15:00:00,0,2,0,10.31939838110338,308,1,1,74,321,50.6573204663829
2024-01-17 16:00:00,2,1,2,14.73768960232634,486,0,1,97,401,46.133678825814094
2024-01-17 17:00:00,1,1,1,11.650233172983246,169,0,1,29,171,53.94272720952476
2024-01-17 18:00:00,0,1,2,16.267907622293585,123,0,0,41,89,43.68872737447603
2024-01-17 19:00:00,1,1,0,9.424756046899615,411,1,0,45,302,52.071014053332895
2024-01-17 20:00:00,2,0,1,10.329638777469228,145,1,1,27,194,59.70994620500306
2024-01-17 21:00:00,1,1,2,13.729455629117853,341,1,0,42,305,64.10582363924529
2024-01-17 22:00:00,2,1,1,5.203634943828929,226,1,0,78,221,28.28860983668722
2024-01-17 23:00:00,2,2,0,8.332661201693956,76,0,1,91,91,46.16169411522898
2024-01-18 00:00:00,1,2,0,12.87198363622245,358,1,1,18,352,64.88340558455238
2024-01-18 01:00:00,2,1,0,1.5486491160489917,354,0,0,51,257,20.889705722152872
2024-01-18 02:00:00,2,2,2,9.302457239044893,260,1,1,80,305,47.37168568076332
2024-01-18 03:00:00,1,2,1,12.37814878981622,407,1,1,88,393,70.02264822324871
2024-01-18 04:00:00,1,1,1,19.38013510758576,306,0,1,13,271,73.10293464122965
2024-01-18 05:00:00,0,1,1,17.66331467073575,479,1,0,55,389,61.369734203968754
2024-01-18 06:00:00,0,0,0,6.334097105910504,367,1,1,81,333,53.9252610731548
2024-01-18 07:00:00,2,0,2,10.63699197654957,254,1,1,33,274,60.90228948119141
2024-01-18 08:00:00,2,2,0,2.0718730805417347,404,0,0,81,323,27.23624211439901
2024-01-18 09:00:00,2,1,0,5.574333881538335,115,1,0,78,122,28.153788459007057
2024-01-18 10:00:00,0,2,2,15.722261493293711,199,0,0,32,132,60.37103569302942
2024-01-18 11:00:00,0,2,0,3.342966233231546,216,0,0,64,176,33.09505432874909
2024-01-18 12:00:00,0,1,0,5.896119971845176,269,1,1,24,271,29.187515737873927
2024-01-18 13:00:00,0,2,1,18.93680753298035,349,1,0,60,266,67.26787288023999
2024-01-18 14:00:00,2,2,2,16.653260209356702,307,1,0,59,285,57.05612886560692
2024-01-18 15:00:00,2,1,2,15.85472654032933,252,1,0,56,207,42.03742974087268
2024-01-18 16:00:00,2,2,1,17.42659231574098,289,0,1,92,251,59.77988611661053
2024-01-18 17:00:00,0,0,2,15.242508045064724,364,0,0,34,250,76.07384894031259
2024-01-18 18:00:00,2,1,1,3.291138106246464,278,1,0,48,273,18.290543192377083
2024-01-18 19:00:00,1,0,0,10.814665203219397,205,1,1,77,193,74.01265079442811
2024-01-18 20:00:00,2,1,2,9.44063449524412,267,1,1,55,288,40.85947874522861
2024-01-18 21:00:00,2,0,2,6.911879987137222,244,0,1,81,195,45.50939221222083
2024-01-18 22:00:00,2,1,0,16.846767784672505,319,1,1,22,334,49.26101284381401
2024-01-18 23:00:00,0,1,0,9.81864484511044,65,1,1,47,124,48.085107956702366
2024-01-19 00:00:00,0,2,2,2.145654425793444,290,1,1,45,287,32.83642832958626
2024-01-19 01:00:00,2,2,2,6.2243460906850965,301,0,1,46,255,41.73862154035957
2024-01-19 02:00:00,2,0,2,5.343800102559457,100,0,0,51,72,42.70243809352451
2024-01-19 03:00:00,0,1,1,17.862098811414388,405,1,0,28,304,46.75937903623532
2024-01-19 04:00:00,2,1,2,13.301323912140996,77,0,0,46,75,41.50775396784664
2024-01-19 05:00:00,1,2,2,11.647149051759428,102,1,1,98,149,58.88544129986873
2024-01-19 06:00:00,0,2,0,10.626335591895396,357,1,1,74,331,54.354631891868216
2024-01-19 07:00:00,2,1,0,13.352147523287844,165,0,0,94,95,43.5133120060186
2024-01-19 08:00:00,2,2,1,15.34263538876537,458,1,1,48,431,64.70708460390262
2024-01-19 09:00:00,1,2,0,11.533309410798688,490,0,0,35,339,66.57496490840838
2024-01-19 10:00:00,2,0,2,18.8274228878996,58,0,0,51,71,76.83136766079068
2024-01-19 11:00:00,2,0,2,19.559849242357306,60,1,0,71,20,81.72093838047651
2024-01-19 12:00:00,1,1,1,19.91150401556764,156,1,1,62,215,69.2794331800034
2024-01-19 13:00:00,1,2,0,13.71843109168425,350,1,0,76,261,60.86258125263495
2024-01-19 14:00:00,1,1,0,18.71978886836169,390,1,1,59,348,71.24041894687821
2024-01-19 15:00:00,0,2,0,8.68511421085114,307,1,0,78,254,50.0813013241717
2024-01-19 16:00:00,2,2,1,17.332255433700322,231,0,0,38,175,56.13076646552364
2024-01-19 17:00:00,2,0,0,18.274311676053937,467,0,0,11,383,84.31971062753257
2024-01-19 18:00:00,0,2,0,18.17866897431324,219,0,1,27,188,62.93803804600852
2024-01-19 19:00:00,0,0,0,16.78607937525925,374,0,0,69,248,87.6841947516584
2024-01-19 20:00:00,2,0,2,8.725384071183758,188,0,0,23,118,56.89844550032318
2024-01-19 21:00:00,1,0,1,4.019242157633952,334,1,1,49,315,54.74957891813659
2024-01-19 22:00:00,2,0,2,7.345170770544471,160,0,0,73,132,64.09355690540089
2024-01-19 23:00:00,2,2,1,15.578482816663769,141,1,0,39,140,61.43812809447854
2024-01-20 00:00:00,2,1,0,5.42482471526953,269,1,0,38,261,30.68117692102754
2024-01-20 01:00:00,2,1,2,10.087169231693476,54,0,0,38,65,22.03301371738184
2024-01-20 02:00:00,2,1,0,11.742590841708768,69,0,1,28,112,27.87305354395937
2024-01-20 03:00:00,2,2,0,12.47331268631963,150,0,0,99,98,55.08596150137257
2024-01-20 04:00:00,2,2,1,18.77878541919717,344,1,0,67,244,67.92651989131598
2024-01-20 05:00:00,0,2,0,13.568367387872032,465,1,1,49,413,49.97547147140239
2024-01-20 06:00:00,0,0,2,15.939677505468742,206,1,1,18,219,79.09505651238791
2024-01-20 07:00:00,0,0,1,12.055688609941036,499,0,0,86,348,68.8393831646064
2024-01-20 08:00:00,1,1,1,16.838026058377302,432,1,0,40,336,57.67823523562062
2024-01-20 09:00:00,2,1,2,6.009608648325494,50,1,0,87,67,24.56788392677613
2024-01-20 10:00:00,2,2,0,4.987675761706996,261,0,1,24,232,44.302094536160055
2024-01-20 11:00:00,1,1,0,18.600080926401425,168,1,1,43,172,62.839868994441446
2024-01-20 12:00:00,2,2,0,14.17613665079019,434,1,1,71,383,44.65827250653207
2024-01-20 13:00:00,1,2,0,13.758985964106202,309,0,0,83,241,65.15725507726411
2024-01-20 14:00:00,2,2,0,9.878609533940548,448,1,0,66,373,29.84995577579901
2024-01-20 15:00:00,1,0,1,8.1572479265767,224,0,1,30,206,69.97386476008074
2024-01-20 16:00:00,2,0,1,11.558132695094136,463,0,1,63,340,54.92175527045254
2024-01-20 17:00:00,1,1,2,3.2907606390116757,183,1,0,98,162,31.16803366689815
2024-01-20 18:00:00,0,2,0,9.639538660579047,151,1,1,46,184,50.53341602108886
2024-01-20 19:00:00,1,2,0,9.651986384844138,434,0,0,49,307,51.80277240578288
2024-01-20 20:00:00,2,1,0,11.22839374594104,111,1,1,29,170,32.31704766063488
2024-01-20 21:00:00,0,1,2,13.059026672976843,497,1,0,80,397,53.83469681636341
2024-01-20 22:00:00,1,2,0,19.18904895372188,438,0,1,27,328,79.15207840997037
2024-01-20 23:00:00,0,1,1,13.39121341474338,103,0,0,53,34,48.126965050112176
2024-01-21 00:00:00,0,1,0,17.790777887114817,354,0,1,65,289,58.76680728167685
2024-01-21 01:00:00,0,2,2,11.569773367914111,56,0,1,99,68,53.236954839597225
2024-01-21 02:00:00,2,2,1,12.911629769922303,405,0,1,26,337,55.70774630281267
2024-01-21 03:00:00,0,1,1,2.3269021090818227,52,0,1,51,87,27.62518433650896
2024-01-21 04:00:00,0,1,1,3.532010734803896,381,1,1,80,331,21.778113572116936
2024-01-21 05:00:00,1,0,0,12.013738268753253,428,1,1,37,395,81.04743411032715
2024-01-21 06:00:00,2,1,2,8.518544529202556,494,0,0,30,359,24.26496172221126
2024-01-21 07:00:00,2,0,2,16.177399877444536,384,0,1,46,350,58.532289276323766
2024-01-21 08:00:00,1,2,0,11.320379622609344,474,0,0,32,309,69.17073651886786
2024-01-21 09:00:00,1,1,2,17.76352974007542,198,0,1,57,184,64.77968171691651
2024-01-21 10:00:00,2,1,1,19.474301890783536,337,0,1,68,273,59.461767004425006
2024-01-21 11:00:00,0,1,1,3.805068517308215,61,1,0,83,120,27.452317296502933
2024-01-21 12:00:00,2,1,2,8.501727281456905,153,0,0,61,71,35.21335448418269
2024-01-21 13:00:00,2,1,2,13.634639479522583,160,1,0,26,166,48.43391965986055
2024-01-21 14:00:00,2,2,0,6.804286352606645,312,0,1,47,260,31.27290844899661
2024-01-21 15:00:00,2,1,0,6.073614416708407,484,1,1,10,408,29.284086982139748
2024-01-21 16:00:00,0,2,0,16.461032651947896,222,1,0,84,191,66.35439371602929
2024-01-21 17:00:00,2,2,0,19.62719091211612,144,0,0,42,104,67.27653893723912
2024-01-21 18:00:00,1,1,0,15.702263293702146,370,0,0,53,221,53.79131940511788
2024-01-21 19:00:00,1,1,0,10.949855833278155,493,0,1,97,389,51.61076423786999
2024-01-21 20:00:00,0,1,1,9.40771340696098,252,1,0,29,210,42.441857370127565
2024-01-21 21:00:00,0,1,2,11.253306690076933,94,0,0,56,34,45.64943458743141
2024-01-21 22:00:00,2,2,0,9.79395434156698,83,0,1,78,124,53.44681379774713
2024-01-21 23:00:00,1,1,1,10.554873078927692,260,1,0,51,201,54.12576561558309
2024-01-22 00:00:00,0,2,2,4.865607960055327,444,1,1,35,426,36.02608421059638
2024-01-22 01:00:00,2,2,2,18.171097036877224,274,0,0,58,180,66.20729254608948
2024-01-22 02:00:00,1,2,2,15.336165028942094,466,0,0,80,283,75.60198197221082
2024-01-22 03:00:00,1,2,0,13.93857103117118,313,0,0,27,249,62.72731626829841
2024-01-22 04:00:00,1,2,0,19.04857444851499,350,0,0,18,220,90.9991539527753
2024-01-22 05:00:00,0,1,0,6.403492306343923,275,0,0,75,180,45.80183314599465
2024-01-22 06:00:00,0,1,2,2.5420288069786703,153,0,1,69,142,22.198003599799318
2024-01-22 07:00:00,2,2,2,16.6966345467513,270,0,0,46,178,50.8726707744089
2024-01-22 08:00:00,1,1,1,19.969922309335843,383,1,0,56,311,64.22789232068222
2024-01-22 09:00:00,1,2,1,11.99021632238379,467,1,0,38,390,57.60324838828649
2024-01-22 10:00:00,2,2,1,2.117378370340956,350,1,0,72,244,21.97737930832204
2024-01-22 11:00:00,2,2,1,15.828892762943882,172,1,1,24,206,53.35088435981496
2024-01-22 12:00:00,2,2,2,2.401231928070989,498,0,0,18,369,23.734555123889013
2024-01-22 13:00:00,1,2,0,11.260265738926345,485,0,1,89,390,70.72504833162455
2024-01-22 14:00:00,1,2,0,6.273117010000014,443,1,1,75,405,43.91392996700623
2024-01-22 15:00:00,2,2,0,18.385508831255517,271,1,1,10,300,63.37497874215836
2024-01-22 16:00:00,0,2,0,9.575293051930217,92,0,1,18,83,47.47381570912004
2024-01-22 17:00:00,2,2,1,18.070803621092512,259,0,0,66,184,63.200679162344905
2024-01-22 18:00:00,1,0,2,6.682540619836784,386,1,1,65,376,67.73739690360921
2024-01-22 19:00:00,1,2,0,8.359889092605673,60,1,0,29,90,57.4577918786963
2024-01-22 20:00:00,1,2,2,18.99526457669453,265,1,1,11,263,84.30394943731727
2024-01-22 21:00:00,2,2,1,4.824974567701072,213,1,1,10,203,31.712855258055285
2024-01-22 22:00:00,2,2,1,11.991521881371757,274,0,1,83,247,40.96862007061137
2024-01-22 23:00:00,2,1,0,8.381696242642116,274,0,1,96,230,31.53941203729605
2024-01-23 00:00:00,2,0,0,15.70917081630582,295,0,1,63,268,67.25487106287714
2024-01-23 01:00:00,1,1,1,3.4566310522557906,195,1,0,28,160,38.740719857157885
2024-01-23 02:00:00,1,2,1,9.307084411088702,240,0,0,27,195,55.12146439433374
2024-01-23 03:00:00,1,2,2,14.27971991006,310,1,0,33,277,64.47183436647393
2024-01-23 04:00:00,1,0,1,8.733308465117037,336,0,1,61,260,79.15468900522087
2024-01-23 05:00:00,0,1,2,2.112103046232157,65,1,1,95,168,35.03676695586132
2024-01-23 06:00:00,0,2,1,14.397132965371531,243,1,0,29,183,54.15746327381292
2024-01-23 07:00:00,1,2,2,10.560768226014678,58,0,1,20,102,61.346598996192434
2024-01-23 08:00:00,1,1,1,1.2148650469219104,51,0,1,82,80,30.212107208189835
2024-01-23 09:00:00,2,1,1,12.640462009339087,342,0,1,88,286,41.96793337285744
2024-01-23 10:00:00,2,2,2,18.47773942804694,133,1,0,69,154,60.13687365746239
2024-01-23 11:00:00,2,2,2,3.109493016022091,492,1,0,25,391,34.63599753818299
2024-01-23 12:00:00,1,1,0,12.222753465174211,258,1,1,22,245,49.268212123248425
2024-01-23 13:00:00,0,2,0,14.844708753489977,107,0,0,62,64,65.89254638137497
2024-01-23 14:00:00,2,2,1,2.3446997326658034,388,1,1,15,371,28.91761654165225
2024-01-23 15:00:00,0,2,1,1.42969370511954,155,0,0,34,129,41.86660905293302
2024-01-23 16:00:00,0,0,2,9.819721466253998,185,1,0,72,186,73.67946167414061
2024-01-23 17:00:00,2,2,1,16.032547057452913,357,0,0,56,245,58.18343994390085
2024-01-23 18:00:00,2,0,0,4.053668791887239,380,1,0,24,298,46.094121335772094
2024-01-23 19:00:00,0,0,2,16.896108172083537,126,0,1,63,178,75.63497005372886
2024-01-23 20:00:00,0,1,1,13.474967853048328,374,0,0,91,279,49.11161113329422
2024-01-23 21:00:00,0,1,2,7.311292467981227,259,1,0,52,217,37.16416405619211
2024-01-23 22:00:00,0,2,0,10.80069017135654,281,1,1,23,287,49.5710249886189
2024-01-23 23:00:00,1,2,0,19.34592461480803,174,1,1,43,190,74.22621562409093
2024-01-24 00:00:00,0,2,0,5.112302442014437,229,1,0,11,193,34.76217248628645
2024-01-24 01:00:00,0,2,1,10.491172557136764,339,0,1,29,275,56.70957884915084
2024-01-24 02:00:00,1,2,1,12.865244566044794,263,1,0,25,216,59.773693903628086
2024-01-24 03:00:00,2,2,1,3.6222775040376582,481,0,0,76,358,28.8781792376932
2024-01-24 04:00:00,2,1,1,1.8269196838428832,146,1,0,39,116,19.160163704146814
2024-01-24 05:00:00,2,0,1,1.2557391056979543,457,1,0,96,356,46.87250981871864
2024-01-24 06:00:00,0,1,1,7.169164275400308,298,0,1,60,239,35.74011167724758
2024-01-24 07:00:00,0,0,0,2.404998595212442,270,1,1,96,284,44.00719042029693
2024-01-24 08:00:00,0,1,0,16.271629098281178,62,1,0,12,110,50.06142494250256
2024-01-24 09:00:00,2,0,1,19.949071016073173,355,1,1,86,352,76.19425452151057
2024-01-24 10:00:00,2,1,0,2.1647726129548164,140,1,1,60,192,24.570895263988376
2024-01-24 11:00:00,2,1,2,9.221799242735353,242,1,0,55,229,37.424721724365455
2024-01-24 12:00:00,2,1,1,1.4889103366689205,248,1,0,49,231,11.877566905525798
2024-01-24 13:00:00,0,2,2,3.545826924388001,309,0,0,38,207,35.86520734074935
2024-01-24 14:00:00,2,0,1,7.135528657302807,113,0,0,32,44,55.27124611046922
2024-01-24 15:00:00,2,2,1,8.480266048095347,379,1,1,26,378,34.67573737466863
2024-01-24 16:00:00,1,0,0,18.855875982144163,281,0,0,94,173,97.82347983163758
2024-01-24 17:00:00,2,2,2,8.520899366381022,276,1,0,78,209,43.27511062864146
2024-01-24 18:00:00,0,2,0,10.42927552209064,216,1,1,94,235,54.401671183438985
2024-01-24 19:00:00,0,0,1,5.666083997203462,300,1,0,75,238,48.99675367315619
2024-01-24 20:00:00,2,1,2,1.0023776363749344,496,0,0,32,323,16.96989342727065
2024-01-24 21:00:00,0,1,1,18.087354677929568,235,0,1,84,212,55.57173476514434
2024-01-24 22:00:00,1,0,0,2.552580383689792,298,1,1,88,292,55.37261014076497
2024-01-24 23:00:00,1,0,1,19.320727979688357,321,1,0,32,274,92.37194831400808
2024-01-25 00:00:00,2,0,1,3.486037977904945,389,1,0,16,312,51.502988358915495
2024-01-25 01:00:00,1,0,0,12.492691134258363,495,0,1,52,402,75.44364662141088
2024-01-25 02:00:00,2,1,1,19.9888011692761,187,0,0,71,127,54.96766061124646
2024-01-25 03:00:00,2,0,2,3.6308273253238417,158,1,1,43,207,54.8547545780369
2024-01-25 04:00:00,2,2,0,9.05491861385666,367,1,1,60,338,34.70370310485544
2024-01-25 05:00:00,1,0,1,15.828049710458052,466,1,0,53,363,86.49262809199033
2024-01-25 06:00:00,2,2,0,1.611612847149397,475,1,1,79,405,24.938126794289904
2024-01-25 07:00:00,2,2,1,14.105872271660846,93,0,0,89,47,55.84510730136724
2024-01-25 08:00:00,0,2,0,2.52709341992519,479,0,1,64,386,33.81608215070991
2024-01-25 09:00:00,2,1,0,5.493882703191301,391,0,1,75,360,30.90063006280989
2024-01-25 10:00:00,2,1,2,4.041447087373848,386,0,0,67,278,25.41693780335597
2024-01-25 11:00:00,2,0,0,18.23939220129179,250,1,0,52,205,77.5108364358706
2024-01-25 12:00:00,2,0,2,4.428677618851936,427,0,1,70,319,52.86917431814918
2024-01-25 13:00:00,2,1,0,1.7682478147879868,153,1,0,47,161,17.444579994238925
2024-01-25 14:00:00,2,2,0,12.16488789050748,464,0,1,37,397,46.57656625549652
2024-01-25 15:00:00,0,2,1,7.577437582784339,438,0,0,66,316,46.06073715744943
2024-01-25 16:00:00,2,2,1,8.708418192185961,169,0,0,50,127,40.43733752190505
2024-01-25 17:00:00,2,1,1,3.2621921523883923,451,1,0,82,327,15.854779670013428
2024-01-25 18:00:00,1,0,0,15.216455337230697,439,0,0,98,309,80.11363789209413
2024-01-25 19:00:00,2,2,0,12.429519343226842,411,0,1,59,325,43.57600678924065
2024-01-25 20:00:00,0,2,2,7.92012385021732,483,0,0,99,350,45.66315102735623
2024-01-25 21:00:00,2,2,2,4.259923931499584,432,0,0,99,280,33.6141821309202
2024-01-25 22:00:00,2,1,2,12.275583044240648,77,0,0,70,52,31.397770571995995
2024-01-25 23:00:00,2,2,1,15.79334831064017,156,0,0,78,124,61.86663083912431
2024-01-26 00:00:00,2,1,1,6.935548393476703,329,1,0,72,255,34.43607076712082
2024-01-26 01:00:00,2,1,2,1.4913472872333449,77,1,0,90,86,16.961455413121683
2024-01-26 02:00:00,2,2,0,5.072535710306696,235,1,0,35,221,39.523688241965125
2024-01-26 03:00:00,2,0,1,13.965558558963757,244,1,1,35,296,65.70355706737324
2024-01-26 04:00:00,2,2,1,19.79283117168153,195,0,1,82,200,56.76773869563005
2024-01-26 05:00:00,2,1,2,1.254148548766754,309,1,0,32,257,16.847205077972454
2024-01-26 06:00:00,2,2,1,6.816917680509914,409,1,1,61,363,36.73607231788626
2024-01-26 07:00:00,2,0,2,2.1783965385279385,226,1,0,97,193,45.649525593691
2024-01-26 08:00:00,0,2,1,7.010636467497611,177,0,1,82,187,47.54100451688822
2024-01-26 09:00:00,0,0,0,8.712372519421004,433,0,0,83,292,67.93750343057081
2024-01-26 10:00:00,2,2,0,18.49637974697885,155,0,0,79,99,57.04156149888605
2024-01-26 11:00:00,0,2,1,2.530655188694596,465,1,0,13,339,44.96096693500867
2024-01-26 12:00:00,0,1,2,15.76554700824963,401,1,1,10,411,46.79661151504734
2024-01-26 13:00:00,2,1,1,8.515153525196304,432,0,0,15,321,32.048973902036266
2024-01-26 14:00:00,1,1,2,16.413994143671626,260,0,0,65,174,64.88191805668305
2024-01-26 15:00:00,1,2,1,10.754641521186803,398,1,0,38,345,60.365964844154384
2024-01-26 16:00:00,2,0,0,1.7463587380247916,371,1,0,12,307,33.02794718667083
2024-01-26 17:00:00,2,0,0,18.977911809581936,363,0,0,97,235,71.70488836650246
2024-01-26 18:00:00,1,1,1,2.5719472052559147,60,0,1,51,81,33.45315096892618
2024-01-26 19:00:00,0,1,1,12.355986548141368,416,1,1,18,361,45.76118848765668
2024-01-26 20:00:00,2,1,1,17.6756874957368,409,0,1,90,343,45.434047033280606
2024-01-26 21:00:00,2,1,0,2.515626157253684,370,0,0,68,302,22.239768459667577
2024-01-26 22:00:00,2,2,0,11.523974379904244,433,0,0,47,302,50.00476456571887
2024-01-26 23:00:00,2,0,2,16.661507634964593,66,0,0,51,33,76.47128748329968
2024-01-27 00:00:00,0,0,1,19.74016946427012,419,0,1,59,339,84.1671368705073
2024-01-27 01:00:00,2,2,1,14.762220615466404,385,1,0,23,343,52.63608525585035
2024-01-27 02:00:00,2,0,0,6.28835313380258,115,1,1,54,185,54.83449532869992
2024-01-27 03:00:00,0,2,1,14.29183626706278,423,0,0,42,299,57.89274462381833
2024-01-27 04:00:00,2,1,2,14.409568616845148,162,1,0,29,122,50.169294946399454
2024-01-27 05:00:00,2,2,1,14.299354229987731,181,1,1,43,221,48.12224212797025
2024-01-27 06:00:00,0,2,0,17.230948304769008,465,0,0,76,310,72.18219235668244
2024-01-27 07:00:00,1,2,1,2.660221187870328,120,0,0,93,111,48.23969154413176
2024-01-27 08:00:00,0,1,0,3.059977062893234,462,1,1,76,393,26.21822686825565
2024-01-27 09:00:00,0,1,2,13.171725360285604,110,1,1,79,150,47.23460731778554
2024-01-27 10:00:00,2,1,2,19.123740825865568,493,1,1,48,446,53.55094692058752
2024-01-27 11:00:00,2,0,1,9.850934139465672,363,0,0,52,255,59.42613753525653
2024-01-27 12:00:00,0,2,1,19.25069133088783,293,0,0,48,188,74.79059189386687
2024-01-27 13:00:00,2,2,0,18.823619930806924,358,1,1,94,318,70.1230299288414
2024-01-27 14:00:00,2,2,2,18.15528502645207,54,0,1,53,124,62.99828248280817
2024-01-27 15:00:00,2,1,2,18.28716852241762,419,1,0,10,331,54.38078459725668
2024-01-27 16:00:00,2,2,2,18.06805707323173,366,0,0,59,258,55.60296591557108
2024-01-27 17:00:00,2,0,2,16.57789828724446,70,0,0,83,51,70.3145715067048
2024-01-27 18:00:00,2,2,1,14.204600213501276,235,0,0,71,127,55.30360521693565
2024-01-27 19:00:00,2,0,1,1.4637553932595566,258,1,0,99,237,42.46335454399892
2024-01-27 20:00:00,2,1,0,3.512818250964997,280,0,1,12,233,23.905524878105847
2024-01-27 21:00:00,1,1,2,3.5504090360978755,63,0,0,87,31,30.733307544068047
2024-01-27 22:00:00,0,0,1,1.4472654013122077,401,0,0,17,281,49.24945087184592
2024-01-27 23:00:00,0,0,1,3.2173336000490966,128,0,1,57,97,61.74239799695986
2024-01-28 00:00:00,0,0,2,18.47518223777502,231,0,1,50,176,77.58855645492257
2024-01-28 01:00:00,2,2,1,13.612281451304934,127,1,0,45,145,53.705167275510185
2024-01-28 02:00:00,2,0,0,6.9293873476130265,346,0,0,66,255,51.89720497730957
2024-01-28 03:00:00,0,0,0,16.07384023249692,321,0,0,94,208,81.58278835453267
2024-01-28 04:00:00,0,0,2,10.279020252142168,100,1,1,99,182,66.43745372142615
2024-01-28 05:00:00,0,2,0,3.700413701401655,306,0,0,87,241,35.15009951069732
2024-01-28 06:00:00,2,1,1,17.80553954330336,345,0,0,52,214,46.91154048147945
2024-01-28 07:00:00,2,0,0,7.434576978492977,67,0,0,37,53,57.17097768141442
2024-01-28 08:00:00,2,2,1,14.27832538006799,339,0,1,94,276,51.58741683355083
2024-01-28 09:00:00,2,2,2,6.521289049492541,267,1,0,68,177,50.29948134541685
2024-01-28 10:00:00,0,2,2,10.5013537628022,494,0,0,38,319,51.92111605904707
2024-01-28 11:00:00,0,2,1,16.508801519077892,149,0,0,47,111,65.44805180812176
2024-01-28 12:00:00,2,2,1,3.978769582062986,198,0,0,43,120,23.86585716888133
2024-01-28 13:00:00,1,1,0,19.567776509546288,434,0,1,74,375,69.99040684387576
2024-01-28 14:00:00,0,0,1,2.3341025343537978,204,1,0,29,186,41.572647196977066
2024-01-28 15:00:00,2,2,2,11.146169285069575,484,0,1,35,431,46.06934213454732
2024-01-28 16:00:00,2,2,1,18.40448486768701,444,0,1,36,328,66.2540654838776
2024-01-28 17:00:00,2,1,0,18.968183812767982,425,1,1,32,421,61.3645618704192
2024-01-28 18:00:00,2,1,0,5.410070294715744,151,0,0,80,127,31.61749435802513
2024-01-28 19:00:00,2,1,1,3.735714643081364,164,1,0,31,151,23.245671621389576
2024-01-28 20:00:00,2,2,0,14.763657006039928,319,0,0,56,252,60.94364805460333
2024-01-28 21:00:00,2,1,0,1.797497797248505,141,1,1,77,186,27.53159484999116
2024-01-28 22:00:00,2,0,2,10.219540411575972,488,1,0,76,413,55.49871352952632
2024-01-28 23:00:00,1,1,1,16.130749309070456,460,1,1,75,395,67.79985959947567
2024-01-29 00:00:00,2,1,2,11.644839765819844,455,1,1,78,411,34.53286080213836
2024-01-29 01:00:00,0,1,2,4.572252049706095,70,0,1,91,96,28.1466147554519
2024-01-29 02:00:00,2,1,0,10.2538416899293,169,0,0,24,92,37.63778591433727
2024-01-29 03:00:00,1,2,2,18.504219612528967,457,1,0,53,342,83.00597857257067
2024-01-29 04:00:00,2,0,1,12.72704658284126,68,1,1,60,141,64.34783263656455
2024-01-29 05:00:00,2,2,1,14.708321923811376,73,1,1,74,137,48.99192332379514
2024-01-29 06:00:00,1,1,1,7.389013713587784,75,0,1,95,108,36.01144506838319
2024-01-29 07:00:00,1,1,2,4.581191728184736,202,1,0,34,164,37.63226328625673
2024-01-29 08:00:00,1,2,1,5.8572023680924685,350,0,1,70,274,58.81246377803171
2024-01-29 09:00:00,2,0,1,11.130374281445604,413,0,0,26,277,59.67259417198417
2024-01-29 10:00:00,2,1,2,6.324182918603371,462,1,0,61,368,33.25750914599169
2024-01-29 11:00:00,0,2,2,11.297330961095922,251,1,1,67,261,48.70940176798665
2024-01-29 12:00:00,1,2,2,14.44804662014736,188,0,0,90,123,69.35893985335244
2024-01-29 13:00:00,0,1,2,14.953521647235728,329,1,0,66,283,51.33884698985943
2024-01-29 14:00:00,0,2,0,4.129013853560775,73,1,1,47,150,42.150260273190405
2024-01-29 15:00:00,2,1,2,15.2581861278434,61,0,0,78,51,40.17214868336144
2024-01-29 16:00:00,0,2,2,13.781074652254825,184,1,0,46,167,56.00552654301282
2024-01-29 17:00:00,2,1,1,1.228097534005427,473,1,0,84,356,23.027360347322443
2024-01-29 18:00:00,2,2,1,2.118571326705266,130,0,0,85,65,22.321150106430817
2024-01-29 19:00:00,2,1,2,13.278740535347229,404,1,0,43,316,44.96741004533932
2024-01-29 20:00:00,0,0,2,8.290374091710483,119,1,0,44,125,55.3624078211712
2024-01-29 21:00:00,2,1,2,3.775975991937652,253,0,0,69,194,21.70644895982372
2024-01-29 22:00:00,2,0,1,1.843534624223032,128,1,1,48,173,43.94940549832731
2024-01-29 23:00:00,0,0,1,4.028568472776186,328,0,1,55,255,49.669689882217135
2024-01-30 00:00:00,2,0,2,19.19276532211072,248,1,0,25,186,82.30281647988724
2024-01-30 01:00:00,0,2,1,14.823747189848424,428,0,0,97,303,60.41992982672984
2024-01-30 02:00:00,2,2,1,11.026402997751584,343,0,1,40,306,50.16180459205191
2024-01-30 03:00:00,2,1,2,18.889269501037244,464,1,0,23,338,49.4602640769672
2024-01-30 04:00:00,0,1,1,12.763098315950474,334,0,0,56,256,52.03946813219427
2024-01-30 05:00:00,2,2,2,14.787258577332675,477,1,0,41,350,58.45731505201615
2024-01-30 06:00:00,2,1,0,6.370384551611569,205,0,0,86,129,26.80635438032447
2024-01-30 07:00:00,2,0,0,12.19065502819472,125,1,1,26,197,58.40307204541693
2024-01-30 08:00:00,2,1,0,3.7260676416589646,268,0,1,65,227,29.282110086497426
2024-01-30 09:00:00,1,2,1,8.685179758757734,373,0,0,45,258,52.44456814062173
2024-01-30 10:00:00,2,2,0,1.631566174745592,326,1,1,51,326,30.400485599423565
2024-01-30 11:00:00,1,2,1,5.115933664070929,314,1,0,91,283,50.65946230707085
2024-01-30 12:00:00,2,2,2,2.422503959030819,98,0,1,28,116,29.430843846796563
2024-01-30 13:00:00,0,1,0,8.367797570637396,147,0,0,16,105,31.073211940393115
2024-01-30 14:00:00,0,2,1,17.017668128131312,342,0,1,64,286,59.152014217486425
2024-01-30 15:00:00,0,1,0,8.18074802055601,70,0,0,39,21,43.575783546522985
2024-01-30 16:00:00,2,0,1,16.801152893898223,493,0,0,85,370,75.01172813938993
2024-01-30 17:00:00,2,2,1,13.47346793899886,72,0,1,84,41,56.76712986655542
2024-01-30 18:00:00,2,0,2,10.681059485985728,187,0,1,38,186,50.17668792518806
2024-01-30 19:00:00,1,1,1,5.50094217196528,279,0,0,76,218,38.60408845788889
2024-01-30 20:00:00,1,1,1,18.52096576403889,375,1,1,43,378,71.09678935715588
2024-01-30 21:00:00,1,1,0,2.029815367998632,454,1,1,43,391,30.88674444386767
2024-01-30 22:00:00,2,1,2,14.089347336277491,406,1,0,95,332,34.20986642045869
2024-01-30 23:00:00,0,1,1,12.803557963378008,78,1,1,11,127,49.04283514528696
2024-01-31 00:00:00,1,2,0,9.37978892287401,364,0,0,36,241,48.98505992301735
2024-01-31 01:00:00,2,1,2,5.566098150559501,473,0,1,56,403,28.35396989153754
2024-01-31 02:00:00,2,2,1,9.18322280006007,70,1,0,66,90,44.5341665140412
2024-01-31 03:00:00,0,0,0,17.582681785514993,391,0,0,26,278,78.61977762205932
2024-01-31 04:00:00,0,2,2,16.898556094844132,148,0,1,35,170,63.99720763509266
2024-01-31 05:00:00,1,1,2,18.886243749563555,112,1,0,19,139,67.70400803420708
2024-01-31 06:00:00,2,1,2,6.848070925879712,351,1,0,48,282,32.793141357099216
2024-01-31 07:00:00,0,2,2,8.354979009008584,182,1,1,18,184,49.19650661400341
2024-01-31 08:00:00,2,1,1,1.355796900537403,64,0,0,34,38,22.86110916313357
2024-01-31 09:00:00,2,2,1,18.916049899680157,154,0,1,29,170,72.99549987717708
2024-01-31 10:00:00,2,1,2,7.258411744528108,160,1,1,24,170,25.4883860264216
2024-01-31 11:00:00,1,0,2,8.679112609126872,388,1,0,20,301,71.66281463499989
2024-01-31 12:00:00,0,2,1,18.24828761750049,385,1,1,25,351,62.3215826871314
2024-01-31 13:00:00,0,2,0,11.00537017316945,473,1,1,31,425,58.19938202757028
2024-01-31 14:00:00,2,1,2,11.757316293354082,160,0,0,71,99,37.43127937189446
2024-01-31 15:00:00,1,1,1,4.34842392486742,412,1,1,33,379,37.84463968357151
2024-01-31 16:00:00,2,2,1,10.474540395554437,392,0,0,97,251,45.71001444287968
2024-01-31 17:00:00,1,2,0,18.44596341726671,53,1,1,45,136,72.79132112012792
2024-01-31 18:00:00,2,1,1,11.615643674050594,201,0,0,27,149,26.43447418081159
2024-01-31 19:00:00,2,1,2,5.847210928155404,91,0,1,29,180,28.132362851348717
2024-01-31 20:00:00,2,1,1,1.592436418560494,424,1,0,17,316,14.74465487345756
2024-01-31 21:00:00,2,2,2,7.389733695627291,75,0,0,24,44,40.09018460002131
2024-01-31 22:00:00,0,1,1,11.8792273672247,411,1,1,86,403,55.619218560007866
2024-01-31 23:00:00,0,2,2,1.809652479045772,243,1,0,87,178,41.95959037252996
2024-02-01 00:00:00,2,2,2,12.586058968531969,409,1,0,56,381,48.795640758907226
2024-02-01 01:00:00,1,2,1,10.944862715244144,57,0,0,97,29,63.584967616748216
2024-02-01 02:00:00,2,0,2,15.885273914164848,122,1,1,33,144,74.67183314638449
2024-02-01 03:00:00,0,0,1,1.5488752731672748,499,0,0,56,357,51.72975246380712
2024-02-01 04:00:00,1,2,1,15.83609955155601,127,1,1,27,180,68.25955480459112
2024-02-01 05:00:00,0,1,1,10.896663869404032,197,0,1,41,167,39.40461348186811
2024-02-01 06:00:00,2,2,2,8.040057322814517,371,1,1,93,336,44.943305547113525
2024-02-01 07:00:00,1,2,1,19.342276550817655,117,1,0,51,135,76.18810452156748
2024-02-01 08:00:00,0,2,0,4.042271397485008,404,0,1,46,306,42.83742228037214
2024-02-01 09:00:00,2,2,2,11.285177262731024,232,0,0,42,175,44.78892706446937
2024-02-01 10:00:00,2,1,0,7.09864799825709,383,0,1,10,304,35.21690746152907
2024-02-01 11:00:00,0,2,0,11.02224119711138,134,1,1,36,236,49.47132907317945
2024-02-01 12:00:00,0,1,0,11.49323359902783,128,0,1,26,170,45.25831191574687
2024-02-01 13:00:00,0,2,0,2.6995167200720696,88,0,0,55,35,39.83325483243291
2024-02-01 14:00:00,1,1,1,13.561567791448644,355,0,1,88,290,53.91834796429833
2024-02-01 15:00:00,0,2,0,13.055148422461224,69,0,0,87,66,65.2772551214209
2024-02-01 16:00:00,2,1,2,15.619878218054817,119,1,0,43,64,54.174569194611394
2024-02-01 17:00:00,2,2,0,2.7225113795242493,205,0,1,12,175,30.2043597528311
2024-02-01 18:00:00,2,2,0,6.647912391170069,166,0,1,65,156,41.53660312607884
2024-02-01 19:00:00,0,1,0,13.352101394833925,417,1,1,21,351,49.11016753937693
2024-02-01 20:00:00,2,2,1,3.597885692396561,476,1,0,35,373,31.495588622545743
2024-02-01 21:00:00,0,2,0,13.874366004980404,499,1,0,33,380,49.19279846782395
2024-02-01 22:00:00,0,2,0,2.1215075055880366,77,0,0,69,37,32.6357526016644
2024-02-01 23:00:00,1,1,0,7.363699506232927,424,0,1,67,374,37.66785975811699
2024-02-02 00:00:00,2,2,2,17.087511324317862,147,0,0,72,119,58.57897797111398
2024-02-02 01:00:00,1,2,1,15.711534517242043,378,0,0,17,281,82.37614296020658
2024-02-02 02:00:00,2,2,1,13.25045358931467,200,0,0,85,140,48.33906011113281
2024-02-02 03:00:00,1,2,1,17.53870991587692,413,1,0,82,335,68.03934302650777
2024-02-02 04:00:00,2,2,2,14.476121339271808,468,0,1,35,411,58.31756157851536
2024-02-02 05:00:00,2,1,0,10.868126999005256,71,0,1,67,76,37.773162795692734
2024-02-02 06:00:00,0,1,2,19.614632507329947,310,0,1,47,246,67.92939131614985
2024-02-02 07:00:00,2,1,1,14.202265515997071,109,0,0,58,98,34.539330479818034
2024-02-02 08:00:00,2,1,1,12.42597635944706,474,0,0,52,342,37.38894314526956
2024-02-02 09:00:00,0,2,1,8.768540658117729,462,0,1,68,361,41.931644238806165
2024-02-02 10:00:00,0,2,2,18.14583747300196,212,1,1,92,247,69.72299244411086
2024-02-02 11:00:00,0,1,1,6.618472816494863,163,1,0,30,131,37.52545447076686
2024-02-02 12:00:00,0,0,0,1.175172290007151,403,1,0,22,330,44.36307454973573
2024-02-02 13:00:00,0,2,2,4.738069926214839,245,1,0,12,197,41.820376271412805
2024-02-02 14:00:00,2,0,0,3.080832346904824,94,1,1,98,186,55.55948893068595
2024-02-02 15:00:00,2,2,1,7.06088170928837,162,1,0,41,159,37.2002011386191
2024-02-02 16:00:00,2,2,1,16.691694871710645,442,0,0,30,309,65.2542290797377
2024-02-02 17:00:00,1,1,2,13.37906402193514,228,0,1,23,203,46.73045910245162
2024-02-02 18:00:00,0,1,0,4.210631195440538,319,1,0,17,269,28.534560393805496
2024-02-02 19:00:00,2,1,2,15.98761270075443,374,1,0,16,318,55.06833580693785
2024-02-02 20:00:00,2,2,0,10.580177455888652,419,0,1,92,337,38.14967711557924
2024-02-02 21:00:00,1,1,1,10.74157785824764,105,0,0,68,112,57.11201913760672
2024-02-02 22:00:00,2,2,2,7.880131438636592,416,1,0,11,328,35.06472694335859
2024-02-02 23:00:00,0,1,2,17.427710931618446,396,1,0,78,328,52.39504807979846
2024-02-03 00:00:00,0,0,0,7.048218773260061,316,1,1,53,318,56.79638716304997
2024-02-03 01:00:00,0,1,1,2.7886554527240843,463,0,1,75,327,23.483065993201016
2024-02-03 02:00:00,2,1,1,6.751850885466957,164,1,0,27,175,32.27099833050851
2024-02-03 03:00:00,1,1,0,14.591717379089827,406,1,0,88,371,54.48826453861556
2024-02-03 04:00:00,1,2,0,13.494055849263248,216,1,0,25,199,83.23626339549958
2024-02-03 05:00:00,0,1,0,4.572325917517979,403,1,1,21,379,28.60306783229148
2024-02-03 06:00:00,0,2,0,3.123901682993899,164,0,0,69,120,41.6512226279367
2024-02-03 07:00:00,1,1,0,13.55644940963318,457,1,1,95,389,61.73965942003501
2024-02-03 08:00:00,0,1,1,13.851159877443331,129,0,0,63,91,46.31775436142968
2024-02-03 09:00:00,2,0,1,7.956843107000843,363,0,1,49,308,56.72626932303814
2024-02-03 10:00:00,0,1,2,17.013226287052515,335,1,1,52,340,52.15043067471395
2024-02-03 11:00:00,0,0,1,19.58589887219842,457,1,0,31,368,86.08692925427543
2024-02-03 12:00:00,2,0,0,4.907259245538512,372,0,1,13,321,43.52160547000795
2024-02-03 13:00:00,0,1,1,11.96430559841454,78,0,0,85,46,47.019447045807816
2024-02-03 14:00:00,1,1,1,1.1015802510748445,91,0,1,30,136,34.83103331011226
2024-02-03 15:00:00,1,1,1,14.54803352449946,168,0,0,32,146,62.32889212794518
2024-02-03 16:00:00,2,2,2,8.871360157703037,111,0,1,51,133,43.73376690181642
2024-02-03 17:00:00,2,2,2,4.672115311160132,204,1,1,50,240,27.942279789338947
2024-02-03 18:00:00,1,2,0,15.292216513523147,334,1,1,25,310,66.62053079137257
2024-02-03 19:00:00,1,2,0,16.402327153565533,499,1,1,45,451,75.46154773374104
2024-02-03 20:00:00,2,1,2,3.112163522342809,490,0,0,26,342,19.44486895431216
2024-02-03 21:00:00,1,0,1,1.7789194749226458,238,0,1,63,207,53.4932828918374
2024-02-03 22:00:00,1,2,1,7.347490391713228,334,0,1,91,277,60.393674094177626
2024-02-03 23:00:00,0,2,2,12.893818849459675,153,0,1,16,159,53.162328171513245
2024-02-04 00:00:00,0,0,0,16.07497101658403,106,1,1,50,166,74.85844744315474
2024-02-04 01:00:00,2,2,1,11.375187435978695,360,1,1,71,370,46.94814441883896
2024-02-04 02:00:00,2,1,0,12.034226749832632,421,0,0,93,283,41.16642008818031
2024-02-04 03:00:00,2,2,1,16.19730621330493,221,0,0,66,164,58.00217453490754
2024-02-04 04:00:00,1,2,0,11.048024110156428,433,1,0,42,322,68.47314016417909
2024-02-04 05:00:00,2,1,1,12.61193531429971,205,1,1,35,212,41.83939210221544
2024-02-04 06:00:00,2,0,0,10.808129459554626,214,1,0,97,152,63.93193604738492
2024-02-04 07:00:00,2,1,0,17.728706433986375,456,0,0,33,340,46.387034151607935
2024-02-04 08:00:00,0,2,0,5.4748157531166886,382,1,1,40,376,33.72539151896266
2024-02-04 09:00:00,1,2,2,6.015878106269678,118,0,0,36,28,53.8512581125145
2024-02-04 10:00:00,2,1,0,3.431267770434689,107,1,1,58,168,30.586997815285248
2024-02-04 11:00:00,2,0,2,16.56986827839401,256,1,0,82,210,77.3507793745957
2024-02-04 12:00:00,0,0,2,8.82376852068479,465,1,0,75,371,68.54299221109078
2024-02-04 13:00:00,2,2,0,7.609984876743632,134,0,0,79,95,40.90944506027666
2024-02-04 14:00:00,2,1,2,19.645625624655967,374,0,0,40,257,59.07818093615482
2024-02-04 15:00:00,2,1,2,18.609263962355925,150,1,1,34,173,56.68962702493192
2024-02-04 16:00:00,2,1,2,19.467765960370468,341,0,0,25,225,52.27800640659782
2024-02-04 17:00:00,2,1,1,3.703680938415164,300,1,1,15,286,20.619947019999348
2024-02-04 18:00:00,2,2,0,17.93378444981516,269,0,1,96,230,58.29892663918631
2024-02-04 19:00:00,2,0,2,7.245482388361578,209,1,0,78,202,51.66724092181731
2024-02-04 20:00:00,1,2,0,1.2404786340253875,236,0,1,26,249,33.77954482491249
2024-02-04 21:00:00,2,0,2,8.434668383678307,433,0,1,18,337,53.00539184889693
2024-02-04 22:00:00,0,2,0,10.674730709623134,493,1,1,99,448,47.652311313608735
2024-02-04 23:00:00,0,2,2,3.0561880477807017,136,1,1,71,145,35.2647260062024
2024-02-05 00:00:00,2,0,1,11.21587472061087,379,0,0,22,231,70.21403187469195
2024-02-05 01:00:00,0,2,1,16.5698080993579,398,1,1,16,371,64.95095365859386
2024-02-05 02:00:00,2,0,1,8.175368065944685,204,1,1,27,248,61.905729968725005
2024-02-05 03:00:00,1,1,2,7.700251324151742,404,1,0,54,333,35.84528800973465
2024-02-05 04:00:00,2,1,0,7.437397984382871,329,1,1,33,310,35.423836140569804
2024-02-05 05:00:00,2,0,2,18.538794471790148,392,0,1,64,351,80.20385522161368
2024-02-05 06:00:00,2,2,1,1.926403877013783,372,1,1,41,338,32.39931284577456
2024-02-05 07:00:00,1,0,2,9.45644669786615,213,0,1,16,191,73.03181845062798
2024-02-05 08:00:00,0,0,0,6.02738962884462,447,0,0,29,318,67.64998935519917
2024-02-05 09:00:00,0,1,1,17.98233348236239,117,0,0,28,91,58.88444243955634
2024-02-05 10:00:00,2,2,2,2.8249930080922745,477,0,0,71,311,25.023537766341104
2024-02-05 11:00:00,0,1,0,8.817412566927805,481,1,1,23,404,35.82364421130321
2024-02-05 12:00:00,2,2,1,8.729506888590628,411,0,0,41,304,47.47510492729746
2024-02-05 13:00:00,1,2,0,17.87949393339343,424,1,0,18,328,77.20936201213073
2024-02-05 14:00:00,2,1,0,5.09437545577842,337,1,1,58,340,26.301186859669528
2024-02-05 15:00:00,2,2,1,13.253012795730612,261,0,1,99,208,56.59839081484867
2024-02-05 16:00:00,2,2,2,3.5537164108679926,169,1,1,93,200,33.0243177139626
2024-02-05 17:00:00,2,1,2,19.125538567530317,450,0,1,25,387,60.92477085050679
2024-02-05 18:00:00,0,0,2,12.267284226173432,234,1,1,33,277,78.48612068144756
2024-02-05 19:00:00,2,2,2,12.898877876092737,472,1,0,39,359,48.48353707782047
2024-02-05 20:00:00,0,0,0,9.241694631548972,465,1,1,17,373,70.49172821242286
2024-02-05 21:00:00,2,1,2,7.503371540660123,265,0,1,99,249,23.768133714502483
2024-02-05 22:00:00,0,1,2,5.0408521604026495,179,0,1,88,179,29.91278295470416
2024-02-05 23:00:00,2,2,0,12.47576732281292,127,0,0,19,95,49.7866169290224
2024-02-06 00:00:00,2,1,0,19.13667316161652,219,1,1,45,219,56.77221821986558
2024-02-06 01:00:00,0,0,1,7.836028127755657,87,0,0,33,58,58.95857728283848
2024-02-06 02:00:00,2,1,0,17.77998088457903,104,1,0,17,114,50.42573113243032
2024-02-06 03:00:00,2,2,1,3.826749944097744,488,1,1,10,462,38.61423375259693
2024-02-06 04:00:00,1,2,1,18.78639439675421,339,1,0,83,301,86.59919397673674
2024-02-06 05:00:00,1,1,2,7.659239394063455,95,1,1,96,178,51.36511040660147
2024-02-06 06:00:00,2,1,2,8.214817020273568,220,0,0,83,158,38.72132185812947
2024-02-06 07:00:00,2,2,2,9.794002883652237,179,0,1,42,157,39.99524380464917
2024-02-06 08:00:00,0,2,0,14.646641129005356,213,1,1,40,234,51.2091684214256
2024-02-06 09:00:00,2,1,0,14.67341524009167,119,1,1,86,148,50.3497835585779
2024-02-06 10:00:00,2,0,2,10.11218310967364,341,1,0,71,276,56.08601555526072
2024-02-06 11:00:00,2,1,2,10.939905086964783,455,0,0,44,301,34.14113109325363
2024-02-06 12:00:00,0,2,0,1.5701992677086822,118,1,0,53,122,35.18879938362544
2024-02-06 13:00:00,0,2,1,6.781637329608188,471,0,0,56,328,45.768266842046295
2024-02-06 14:00:00,2,1,1,7.57432441038158,154,0,1,41,138,33.117894303232745
2024-02-06 15:00:00,2,0,2,11.615818105789428,103,0,0,72,83,61.00706686470043
2024-02-06 16:00:00,2,1,2,11.607695580054786,455,1,0,31,333,36.92035679383157
2024-02-06 17:00:00,0,1,2,14.48809615682959,417,0,0,16,344,52.14472382593839
2024-02-06 18:00:00,2,1,1,14.623518628143538,412,0,0,15,313,40.13100383994376
2024-02-06 19:00:00,2,2,2,5.469003760029577,297,0,0,50,183,34.02602609287054
2024-02-06 20:00:00,0,2,1,15.63355587099167,464,0,0,89,330,69.06045575907262
2024-02-06 21:00:00,2,2,0,1.372467792879359,358,0,0,21,247,32.19728861174567
2024-02-06 22:00:00,0,1,0,14.60707580752769,422,1,0,82,332,47.23146936952197
2024-02-06 23:00:00,2,1,0,2.939160966869039,155,1,0,49,139,12.4392795192557
2024-02-07 00:00:00,2,0,2,14.86331596000316,398,0,1,78,347,67.1166278658334
2024-02-07 01:00:00,2,1,0,11.01524372079968,364,1,1,67,329,40.0941075314564
2024-02-07 02:00:00,0,0,1,9.30783551297875,146,0,1,12,174,64.26675637367008
2024-02-07 03:00:00,1,1,1,14.122661405467152,391,1,0,52,345,58.75903819369258
2024-02-07 04:00:00,1,0,1,1.6910458411974214,482,1,1,83,410,72.55006708138546
2024-02-07 05:00:00,2,1,2,5.245936187835989,76,0,1,17,120,30.07275120276444
2024-02-07 06:00:00,0,2,2,12.712362706885424,121,0,1,82,149,61.56883943881966
2024-02-07 07:00:00,2,1,1,17.09709272598554,427,1,1,22,350,51.54946725178376
2024-02-07 08:00:00,2,1,1,8.241045101957223,234,1,1,65,287,37.85047985547026
2024-02-07 09:00:00,1,1,1,5.916467980037584,183,1,1,28,208,45.98858305642632
2024-02-07 10:00:00,2,1,1,10.855992279990891,223,0,1,32,208,46.98616217141549
2024-02-07 11:00:00,2,1,0,12.823989795349986,330,0,0,52,259,33.76209767447768
2024-02-07 12:00:00,2,2,1,8.981957596709183,147,1,0,33,158,39.42559832176678
2024-02-07 13:00:00,2,2,2,17.657502970535347,442,0,0,12,305,53.77169034297523
2024-02-07 14:00:00,2,2,2,10.945335468340256,113,1,1,96,185,44.826921038120645
2024-02-07 15:00:00,0,2,2,1.6806481638411153,464,0,0,23,347,33.952922443375215
2024-02-07 16:00:00,2,2,2,5.238025139417617,452,0,0,92,317,42.49335418138705
2024-02-07 17:00:00,1,2,2,9.562293587438475,162,0,1,42,149,70.0031857306773
2024-02-07 18:00:00,1,2,1,14.256784861321734,114,1,1,96,176,69.10623776133839
2024-02-07 19:00:00,2,2,1,5.175292632059188,265,1,1,36,259,35.97969152560106
2024-02-07 20:00:00,2,0,0,19.548891354631,403,1,1,21,393,80.70891471601523
2024-02-07 21:00:00,2,1,0,7.052606905573586,450,0,0,55,297,28.75356943824094
2024-02-07 22:00:00,0,1,0,11.11712393035118,339,0,0,80,222,38.89387847614445
2024-02-07 23:00:00,2,2,1,1.3603613098897824,469,1,1,55,438,27.56719415680978
2024-02-08 00:00:00,0,1,0,17.812923707185284,446,1,1,91,402,52.58885762635384
2024-02-08 01:00:00,2,0,1,15.987858416978485,364,0,1,25,313,70.9671756965622
2024-02-08 02:00:00,0,0,2,4.713702081616261,138,0,0,67,110,55.01634011324251
2024-02-08 03:00:00,2,1,1,18.731497133557014,296,0,1,23,243,53.02955705447331
2024-02-08 04:00:00,2,1,1,7.000955512150688,381,0,0,94,256,29.35063549237532
2024-02-08 05:00:00,1,2,2,14.151539479222224,198,0,1,52,218,65.94752647157927
2024-02-08 06:00:00,0,2,2,16.5605500423154,406,0,0,34,297,66.75515995856719
2024-02-08 07:00:00,2,1,2,15.077374763506436,415,1,0,24,323,50.351674994471495
2024-02-08 08:00:00,1,2,0,18.43407289656698,498,0,1,83,404,71.58583147424922
2024-02-08 09:00:00,2,2,0,17.421220446473463,289,1,1,39,288,59.850880041904
2024-02-08 10:00:00,1,1,0,19.897618767740592,55,0,1,53,105,71.58972706910599
2024-02-08 11:00:00,0,1,2,4.469616838946766,286,0,0,18,203,30.200150087818464
2024-02-08 12:00:00,2,2,0,6.790474223307301,414,1,0,91,327,40.04526769783952
2024-02-08 13:00:00,2,1,2,13.08829148120097,316,0,1,20,249,32.61098194959833
2024-02-08 14:00:00,2,0,2,14.92789653194009,385,1,1,75,372,78.57796177407594
2024-02-08 15:00:00,0,2,2,11.157496036558474,455,1,0,31,351,51.95634371629298
2024-02-08 16:00:00,0,2,0,2.404638932845684,287,1,1,96,310,34.3799065616467
2024-02-08 17:00:00,2,0,0,16.99030930920726,188,0,1,29,146,77.88183923444855
2024-02-08 18:00:00,2,0,2,19.256612764404167,214,1,0,38,179,70.88689748462302
2024-02-08 19:00:00,1,1,0,8.7048200327015,331,1,0,99,284,46.36537172580244
2024-02-08 20:00:00,1,1,1,5.271437152278075,234,0,0,72,163,38.66443131278185
2024-02-08 21:00:00,0,2,0,1.366961344279663,203,1,0,50,169,38.84495578222351
2024-02-08 22:00:00,2,2,2,5.50868168577812,155,1,0,85,171,36.48009368425443
2024-02-08 23:00:00,2,1,2,14.298456721930023,198,0,1,92,207,39.73564441164121
2024-02-09 00:00:00,2,0,2,18.32019836578188,234,1,0,57,188,76.96959348875613
2024-02-09 01:00:00,1,1,1,2.776748262203551,459,0,0,36,318,35.43853211165097
2024-02-09 02:00:00,2,1,2,11.511924556076668,320,1,1,40,294,33.356816078872406
2024-02-09 03:00:00,0,1,2,14.215093721724816,408,0,1,34,330,47.816882405549954
2024-02-09 04:00:00,2,2,0,6.251235601019103,240,1,0,58,203,43.45328328680012
2024-02-09 05:00:00,0,2,1,11.828043744235735,212,1,0,79,179,56.459654818630064
2024-02-09 06:00:00,0,1,0,14.589720094109683,444,0,0,73,324,56.33300372531488
2024-02-09 07:00:00,1,1,2,16.916665619572157,250,1,0,65,229,65.94976644760696
2024-02-09 08:00:00,2,1,2,9.597497165579638,155,1,1,16,221,35.6607312848122
2024-02-09 09:00:00,2,2,1,15.209287159460253,264,1,1,79,282,46.03068380254305
2024-02-09 10:00:00,2,1,2,6.733876463057144,373,0,0,44,228,32.10823957318439
2024-02-09 11:00:00,1,0,1,5.047888188671013,269,0,1,98,238,58.19397151937118
2024-02-09 12:00:00,1,1,0,4.558961175722681,394,0,1,30,341,46.97287344277861
2024-02-09 13:00:00,0,0,1,7.818581904688798,266,1,0,56,228,60.813205742003
2024-02-09 14:00:00,0,1,0,1.6817139539881318,483,0,1,69,405,25.074388210615474
2024-02-09 15:00:00,0,2,2,6.376844915639745,78,1,0,26,116,41.16828251162801
2024-02-09 16:00:00,2,1,0,13.392233664421337,287,0,1,99,222,35.569967563340654
2024-02-09 17:00:00,1,1,0,13.310461896042597,113,0,0,26,92,59.104154766043
2024-02-09 18:00:00,2,0,0,2.3975223233383334,474,0,0,80,339,36.444646405597695
2024-02-09 19:00:00,2,0,1,6.460896724531782,145,0,0,34,134,50.90853445399468
2024-02-09 20:00:00,0,2,0,11.821595628880512,203,1,1,43,220,50.85068000723365
2024-02-09 21:00:00,2,2,1,7.052490612558954,77,0,1,35,127,35.61470737899284
2024-02-09 22:00:00,2,2,1,8.941772459588595,389,1,1,15,360,48.780088230666216
2024-02-09 23:00:00,0,0,1,14.543404385199516,225,0,0,19,161,73.91534440726693
2024-02-10 00:00:00,2,1,2,1.1760697596759708,300,1,1,90,300,14.599159720250384
2024-02-10 01:00:00,0,2,2,6.25147733768018,243,1,1,87,294,36.414224584132754
2024-02-10 02:00:00,2,2,2,3.705072631915317,328,0,0,12,211,35.418821221144526
2024-02-10 03:00:00,2,1,1,3.424574472525343,88,1,0,68,107,27.28975656836755
2024-02-10 04:00:00,2,0,2,19.22176411249769,118,1,0,89,145,79.16498430013093
2024-02-10 05:00:00,2,1,0,8.154646299685936,326,0,1,78,318,33.97575020607576
2024-02-10 06:00:00,0,1,1,11.014683113283157,169,0,0,57,98,47.66252431292887
2024-02-10 07:00:00,2,2,2,14.94261585432302,135,0,0,32,114,55.53882270959435
2024-02-10 08:00:00,0,2,1,1.9015020223409536,226,1,1,14,242,41.53589827792948
2024-02-10 09:00:00,2,1,2,5.5794301325962685,143,0,1,65,168,35.264031131536726
2024-02-10 10:00:00,0,1,0,16.810807959530536,141,0,1,47,135,56.11012709479796
2024-02-10 11:00:00,1,0,1,17.37782165037974,469,1,0,91,394,83.59365874827802
2024-02-10 12:00:00,0,1,2,8.08606749217524,130,0,0,85,84,40.07795428694368
2024-02-10 13:00:00,2,2,2,8.122370393383598,390,0,1,94,342,42.965350593200334
2024-02-10 14:00:00,2,2,0,15.381040665068756,470,1,0,16,368,48.95258916940387
2024-02-10 15:00:00,2,2,0,6.606334308247514,277,0,0,26,166,36.49557354344466
2024-02-10 16:00:00,0,0,2,3.224787541659964,432,1,1,18,397,53.56745651056104
2024-02-10 17:00:00,2,2,2,5.893173554571085,137,0,1,97,125,37.09681009816291
2024-02-10 18:00:00,2,2,1,8.359549901079722,399,1,0,84,312,38.314062789627386
2024-02-10 19:00:00,0,2,1,1.991889482306867,177,1,1,98,268,30.54084807406371
2024-02-10 20:00:00,2,2,2,10.094924829803322,347,0,0,55,249,41.20857720557048
2024-02-10 21:00:00,0,2,0,15.06014274268279,239,0,1,46,218,59.72917099762298
2024-02-10 22:00:00,2,0,1,10.76115774512877,404,1,1,16,347,61.280806063519066
2024-02-10 23:00:00,2,1,2,2.3660114697756325,183,1,0,26,130,30.608318350971643
2024-02-11 00:00:00,0,1,0,9.362842995573212,185,1,0,50,153,37.11454364839461
2024-02-11 01:00:00,2,1,0,14.46918755281382,374,0,0,73,250,30.558338387986986
2024-02-11 02:00:00,0,1,2,2.1038364258136086,89,1,1,92,133,19.84238580740385
2024-02-11 03:00:00,2,1,2,2.137096604810882,187,1,0,66,157,15.797553633962336
2024-02-11 04:00:00,2,0,1,8.04142666043867,336,0,1,94,255,56.995697122447005
2024-02-11 05:00:00,1,2,2,4.7043153183504725,305,0,0,54,205,46.26997388547103
2024-02-11 06:00:00,0,2,1,18.760835034859987,335,1,0,82,237,76.80281303631926
2024-02-11 07:00:00,0,2,0,12.04552847105512,484,1,0,17,381,53.83039404960128
2024-02-11 08:00:00,2,0,1,6.459182588712028,134,1,0,96,113,49.90690187765269
2024-02-11 09:00:00,0,2,2,14.390757853184066,469,0,0,19,324,56.30966209143746
2024-02-11 10:00:00,2,0,1,8.123651975827247,366,0,0,63,263,55.3021173267664
2024-02-11 11:00:00,2,1,0,3.5101972432011905,76,1,0,75,71,25.97845141310048
2024-02-11 12:00:00,1,0,0,5.507412367028027,279,0,0,53,170,64.25270153133751
2024-02-11 13:00:00,2,2,2,13.212198404728138,340,0,1,57,292,52.89064155077138
2024-02-11 14:00:00,1,1,1,1.9856460139428416,365,0,1,80,285,35.06978828735693
2024-02-11 15:00:00,2,2,2,6.18109176091321,337,0,1,11,271,31.090418658753254
2024-02-11 16:00:00,2,2,2,4.957918075201317,395,0,0,89,265,36.83366114419706
2024-02-11 17:00:00,0,1,0,4.821567102854108,181,0,1,15,200,31.92819164058152
2024-02-11 18:00:00,1,2,1,13.972485827543451,140,1,1,89,222,70.57041807045147
2024-02-11 19:00:00,0,1,2,16.690521418332928,405,1,0,98,303,51.67667984297407
2024-02-11 20:00:00,1,1,0,14.601465553220915,278,0,0,54,173,58.180526561092734
2024-02-11 21:00:00,0,0,2,13.268828500209732,76,1,1,19,112,68.92104596552538
2024-02-11 22:00:00,0,2,1,18.41258366453941,352,1,1,18,348,70.96261966261342
2024-02-11 23:00:00,1,0,2,2.10945522806164,439,1,1,41,409,52.928075480325326
2024-02-12 00:00:00,2,2,1,4.182178633548574,331,0,1,11,305,34.01152626969768
2024-02-12 01:00:00,2,1,0,8.87373025774011,329,0,0,30,271,44.4507238726267
2024-02-12 02:00:00,2,2,0,8.076581226573488,248,1,0,12,211,41.65935495029499
2024-02-12 03:00:00,1,2,2,8.942980456297427,424,1,1,93,360,65.59470461920425
2024-02-12 04:00:00,1,0,0,4.922643195811414,349,1,1,32,353,62.89718582393956
2024-02-12 05:00:00,2,1,2,3.8405629960243375,447,1,1,46,384,23.849725398206523
2024-02-12 06:00:00,0,0,2,10.674671701700634,446,1,1,81,374,62.561319994910775
2024-02-12 07:00:00,1,0,1,18.63299795730708,203,1,0,45,211,84.56517052572963
2024-02-12 08:00:00,2,2,2,8.447419784648424,348,0,0,23,195,38.7007322819894
2024-02-12 09:00:00,0,0,1,1.8237110682710336,92,1,1,96,175,45.15319977068243
2024-02-12 10:00:00,1,1,2,14.417179514900964,371,0,0,24,267,55.54026536888247
2024-02-12 11:00:00,2,0,1,6.530993205016324,159,1,1,44,191,55.70266975621657
2024-02-12 12:00:00,0,2,0,5.65680513879295,160,1,1,31,213,39.64332644580873
2024-02-12 13:00:00,2,1,2,7.160902013261279,461,1,1,56,422,26.37212969045182
2024-02-12 14:00:00,1,0,1,14.752494954249649,50,0,0,45,19,82.40036568653365
2024-02-12 15:00:00,1,2,2,16.557568350535778,189,0,0,24,123,70.70537449435825
2024-02-12 16:00:00,1,2,1,12.173065279440308,415,1,1,91,433,62.83666122193496
2024-02-12 17:00:00,2,2,1,7.12709632067148,227,0,1,67,225,46.50157905080136
2024-02-12 18:00:00,1,1,2,6.899086429228285,486,0,0,40,383,48.73838346807856
2024-02-12 19:00:00,1,2,2,3.361858648203797,109,0,0,50,71,33.624914544113246
2024-02-12 20:00:00,2,0,0,18.732719916468696,232,1,1,98,238,75.10238418235046
2024-02-12 21:00:00,1,1,0,13.124648580407571,468,1,1,83,426,60.2073915649134
2024-02-12 22:00:00,2,1,0,1.5125177772614165,494,1,1,87,424,18.778095684999684
2024-02-12 23:00:00,0,1,2,13.584974808546932,331,0,1,35,284,44.32487524605986
2024-02-13 00:00:00,2,2,0,9.49591505967665,464,0,0,92,306,35.637944009647605
2024-02-13 01:00:00,2,2,1,19.47860129789147,362,1,0,39,291,68.00581270349572
2024-02-13 02:00:00,2,2,2,16.562307671321733,445,1,0,21,325,59.82121472141567
2024-02-13 03:00:00,0,0,1,4.254999322823165,270,0,0,40,185,43.0149799838507
2024-02-13 04:00:00,2,2,1,14.682111258622465,438,1,0,91,356,40.18460716925654
2024-02-13 05:00:00,0,1,1,10.225754072870004,276,1,0,11,238,42.66236685639485
2024-02-13 06:00:00,2,0,2,4.553858109728635,440,1,1,87,408,53.51664778659962
2024-02-13 07:00:00,2,2,2,14.276058239269032,193,1,0,29,160,53.19049872420008
2024-02-13 08:00:00,0,2,0,11.400363995190665,273,0,1,67,236,62.13694146177383
2024-02-13 09:00:00,0,2,0,1.5771036966598393,101,1,0,29,88,35.278198147139975
2024-02-13 10:00:00,2,0,0,13.285171060047691,130,1,0,43,144,65.28374001814467
2024-02-13 11:00:00,0,2,0,13.064754707386372,198,0,0,69,182,58.816545155657415
2024-02-13 12:00:00,1,1,1,3.73761805997779,76,0,0,43,49,31.28686159782705
2024-02-13 13:00:00,0,2,2,7.630766812937165,281,1,1,46,276,42.06350795549323
2024-02-13 14:00:00,2,1,0,12.13208044426976,160,1,1,76,154,32.96789679727941
2024-02-13 15:00:00,2,1,1,3.636877268027868,421,0,1,28,331,26.157066861057697
2024-02-13 16:00:00,1,2,2,17.201744178860373,128,1,0,61,144,79.02627132415645
2024-02-13 17:00:00,2,1,2,1.522234879466372,328,0,0,53,236,20.946357109393787
2024-02-13 18:00:00,1,1,2,2.953910884417744,176,1,0,95,181,37.07435124001657
2024-02-13 19:00:00,0,1,1,3.2060314772427976,330,1,1,36,355,16.032501056698393
2024-02-13 20:00:00,1,2,0,11.034035393526048,444,1,1,47,392,69.63972236014376
2024-02-13 21:00:00,0,0,2,12.78216623120388,368,1,0,30,278,56.239807797976304
2024-02-13 22:00:00,1,0,1,8.671075133528245,490,1,0,93,397,72.71462019929889
2024-02-13 23:00:00,2,1,2,6.4846697256951575,390,1,1,47,364,24.948615444504384
2024-02-14 00:00:00,0,2,1,16.37703013688559,231,0,0,22,140,60.93709336454933
2024-02-14 01:00:00,2,0,0,2.2974336908019826,168,0,1,30,142,41.69402338831698
2024-02-14 02:00:00,2,1,0,6.325545361523043,315,1,0,51,277,27.759496881414925
2024-02-14 03:00:00,0,2,2,1.7431959972754445,227,0,1,57,212,40.537658019310825
2024-02-14 04:00:00,1,2,0,1.2639125643590925,250,0,1,55,199,42.65121507081241
2024-02-14 05:00:00,1,1,0,7.714217851711823,417,0,1,87,345,45.50041368759959
2024-02-14 06:00:00,0,0,1,4.701649586453708,434,1,1,66,371,51.73174540618791
2024-02-14 07:00:00,2,0,1,6.098951241926679,119,0,1,61,146,48.54485787511348
2024-02-14 08:00:00,2,1,2,16.597995991644396,207,0,0,31,163,51.10675511237506
2024-02-14 09:00:00,0,1,1,4.096621828735207,360,0,0,26,271,28.75641418344817
2024-02-14 10:00:00,2,1,0,15.824433975884215,147,1,1,35,199,49.71293084808047
2024-02-14 11:00:00,2,1,1,13.825961839780907,254,1,1,48,272,48.79472805801217
2024-02-14 12:00:00,2,2,0,7.202464977675821,135,0,0,80,91,35.95615054526285
2024-02-14 13:00:00,2,2,2,11.384566758349468,439,1,1,72,380,56.9407512485155
2024-02-14 14:00:00,2,1,0,9.444276585716237,410,1,1,98,400,34.73839093120698
2024-02-14 15:00:00,2,0,1,3.4395109944556417,329,1,1,60,333,46.71096089708072
2024-02-14 16:00:00,2,1,1,18.236521112949337,134,1,1,39,167,53.553299140270944
2024-02-14 17:00:00,2,1,1,11.822741384129442,408,0,0,50,253,41.48707409877159
2024-02-14 18:00:00,1,1,1,17.724560870113642,264,1,0,42,213,68.02522563257578
2024-02-14 19:00:00,2,2,2,16.652703724452515,182,0,0,59,154,66.73931583414308
2024-02-14 20:00:00,2,2,0,2.515742580879041,440,0,0,72,317,26.371492831485995
2024-02-14 21:00:00,0,1,1,4.938142654350597,436,1,1,48,399,20.560800451441423
2024-02-14 22:00:00,2,1,0,3.759961173121785,296,1,0,37,273,18.02883253700865
2024-02-14 23:00:00,1,0,2,16.784811122951456,190,1,0,27,131,87.2193793573293
2024-02-15 00:00:00,0,0,0,17.386485902648843,487,0,0,83,339,73.13056189341344
2024-02-15 01:00:00,2,1,1,11.031458686358953,496,1,1,68,461,34.70052681508936
2024-02-15 02:00:00,2,1,0,2.979383377652132,125,1,1,75,157,14.83217530493295
2024-02-15 03:00:00,1,2,1,3.576715752317308,439,1,0,52,329,39.54457971791996
2024-02-15 04:00:00,1,2,1,16.45742743632708,147,0,0,87,98,76.12676206709288
2024-02-15 05:00:00,2,1,2,18.65461259405728,352,1,1,22,325,57.40170605023259
2024-02-15 06:00:00,0,0,2,4.790038017102478,104,0,1,10,115,52.15632063933813
2024-02-15 07:00:00,2,2,0,1.2116139529712882,354,1,0,41,291,33.07218606683674
2024-02-15 08:00:00,1,2,0,7.28810519786478,490,1,0,98,371,59.38894364233251
2024-02-15 09:00:00,2,2,1,1.5794884033097456,308,1,0,19,249,23.26117411732241
2024-02-15 10:00:00,1,0,1,16.731523405482722,71,1,1,24,123,88.6284529477296
2024-02-15 11:00:00,0,2,1,10.33873288729878,84,0,0,26,54,47.20029166806928
2024-02-15 12:00:00,0,1,1,13.195354796497377,77,0,0,72,57,47.84943375426209
2024-02-15 13:00:00,0,1,2,8.8182126465943,219,0,0,63,155,36.13082188582146
2024-02-15 14:00:00,2,2,1,7.564643393237156,189,0,0,32,120,48.96981745988675
2024-02-15 15:00:00,2,1,2,5.2218078484456125,178,1,0,80,149,18.179096097812845
2024-02-15 16:00:00,2,2,0,15.640118393724768,149,0,1,59,146,51.76371189738988
2024-02-15 17:00:00,2,0,0,14.215404103895056,422,1,1,68,377,69.36884509514405
2024-02-15 18:00:00,0,2,2,7.853850705425637,296,0,1,45,234,46.51030080986804
2024-02-15 19:00:00,2,0,1,7.101206551684476,72,0,1,15,81,49.71564719239248
2024-02-15 20:00:00,2,1,0,1.023614694324901,406,1,1,75,384,13.551289680173166
2024-02-15 21:00:00,1,0,2,2.207490470863976,333,1,1,41,276,57.75045722939797
2024-02-15 22:00:00,1,2,0,12.84185497296006,162,1,1,62,214,60.86266265574096
2024-02-15 23:00:00,1,1,1,10.777538894473771,422,0,1,78,352,48.594078742543765
2024-02-16 00:00:00,1,2,2,9.261260885215428,246,0,1,92,239,57.95952153499925
2024-02-16 01:00:00,2,1,0,16.72254257523151,213,1,0,11,187,46.28830099159262
2024-02-16 02:00:00,2,2,1,10.574065883654086,430,0,0,52,324,42.5465098083879
2024-02-16 03:00:00,0,2,2,8.30537804673908,359,1,1,96,359,48.29390643025141
2024-02-16 04:00:00,0,1,2,4.063870602974714,480,1,1,49,473,22.527257276138105
2024-02-16 05:00:00,2,2,2,16.593072156077767,105,1,0,77,159,59.554888701069885
2024-02-16 06:00:00,1,2,2,11.948716752302568,59,0,0,13,25,63.03497123784607
2024-02-16 07:00:00,2,1,0,2.7567393525323887,182,1,0,84,231,13.235778920436584
2024-02-16 08:00:00,2,1,2,13.32906956194444,447,1,1,55,433,35.977153315054544
2024-02-16 09:00:00,0,2,2,9.076344164279789,201,1,0,29,176,34.76351149060958
2024-02-16 10:00:00,0,2,2,16.416338248171922,240,0,1,23,192,67.32502993940507
2024-02-16 11:00:00,0,0,2,18.45937734292393,333,0,1,23,273,80.4521072504827
2024-02-16 12:00:00,2,0,2,12.408850450348677,326,1,0,58,260,66.44937201908948
2024-02-16 13:00:00,1,2,1,14.900643566953962,292,0,1,12,265,73.77529052667025
2024-02-16 14:00:00,2,2,0,2.0752261044411484,381,0,0,88,248,24.163444309029558
2024-02-16 15:00:00,2,2,1,11.644853645021987,325,0,0,30,226,45.50382737122105
2024-02-16 16:00:00,1,2,0,15.351459588754008,239,0,0,70,181,68.01470528273026
2024-02-16 17:00:00,1,1,2,10.43848084008397,164,0,0,11,95,55.86174596852886
2024-02-16 18:00:00,1,1,0,12.277451700582407,401,0,0,30,278,57.0619126426497
2024-02-16 19:00:00,1,2,2,18.08001552603984,356,0,0,19,233,73.72775670025004
2024-02-16 20:00:00,0,1,2,4.76389186859279,407,1,0,28,360,37.15188461025495
2024-02-16 21:00:00,0,2,1,2.8666836434863256,345,0,0,62,227,26.96151504999885
2024-02-16 22:00:00,2,0,1,14.122228649650518,283,1,1,85,294,71.41703888734844
2024-02-16 23:00:00,2,1,1,16.634129204926438,390,1,0,58,290,44.68359813631714
2024-02-17 00:00:00,2,2,0,17.15931358306871,130,0,1,89,124,54.51036709723663
2024-02-17 01:00:00,2,0,0,13.191245444733186,242,1,0,17,201,75.19117527267433
2024-02-17 02:00:00,0,2,1,16.831054945245263,420,1,1,66,358,74.97488836719668
2024-02-17 03:00:00,2,1,1,14.312619908742514,413,1,0,98,332,53.70008704644749
2024-02-17 04:00:00,2,1,2,2.6601614022290243,461,1,1,33,382,18.044938693547145
2024-02-17 05:00:00,2,2,0,15.478826649814774,487,0,1,56,392,54.271466112809485
2024-02-17 06:00:00,0,2,2,4.407834101456263,307,0,1,91,266,41.76405792901497
2024-02-17 07:00:00,2,1,0,5.495577509228482,280,1,1,30,288,30.80067591329153
2024-02-17 08:00:00,1,1,1,8.498361912974632,63,1,0,17,100,39.75086807994136
2024-02-17 09:00:00,2,0,0,6.9767742602004015,63,1,1,28,154,57.92107301846708
2024-02-17 10:00:00,2,2,0,7.111383027755329,93,0,1,39,97,33.84228950316222
2024-02-17 11:00:00,0,0,2,4.21593095987687,259,1,0,35,229,51.938622080020096
2024-02-17 12:00:00,1,2,1,6.583549895081343,89,0,1,29,112,53.196551199903865
2024-02-17 13:00:00,2,0,1,1.3735892095417537,83,0,0,87,77,42.04861293475812
2024-02-17 14:00:00,0,1,1,9.985307987078194,284,1,0,82,228,35.373811672934934
2024-02-17 15:00:00,0,2,2,15.603228216626327,370,1,1,96,314,59.1960215930898
2024-02-17 16:00:00,2,1,2,17.382700015271954,283,0,0,54,193,51.2493317921291
2024-02-17 17:00:00,1,2,2,16.58814262022933,323,1,0,73,265,73.94231778333607
2024-02-17 18:00:00,0,2,0,8.912696660907152,417,1,0,39,355,51.43501325471607
2024-02-17 19:00:00,0,1,0,14.878103142113268,339,1,1,62,344,42.04456247068909
2024-02-17 20:00:00,1,0,2,6.469924707809037,392,0,1,59,299,71.28732882480624
2024-02-17 21:00:00,1,0,2,2.0556869816347407,482,1,1,71,450,66.18920062418745
2024-02-17 22:00:00,0,1,1,13.843458982434065,385,0,1,51,300,52.6752755267302
2024-02-17 23:00:00,1,2,0,13.327127129991714,278,1,1,37,267,56.15897250895646
2024-02-18 00:00:00,0,1,0,16.230958513794636,429,0,0,67,303,53.17037127994376
2024-02-18 01:00:00,0,2,1,12.706017927354717,488,0,0,40,345,55.77106408077174
2024-02-18 02:00:00,0,0,1,3.980940874504412,367,1,1,99,343,49.33024219873824
2024-02-18 03:00:00,0,1,1,17.210085448953766,177,0,1,68,171,59.76863375586273
2024-02-18 04:00:00,2,0,2,12.917802972355314,375,1,0,84,276,68.82648953428517
2024-02-18 05:00:00,1,1,2,16.344584281665078,457,1,0,21,357,63.92389733290293
2024-02-18 06:00:00,1,2,2,15.708035287144774,258,1,0,54,244,66.82678335096156
2024-02-18 07:00:00,2,2,2,6.65942525727668,353,1,1,75,335,38.53421840603824
2024-02-18 08:00:00,1,1,2,2.416506522188995,129,1,0,77,166,40.93147953429877
2024-02-18 09:00:00,2,1,0,4.3535837727021125,344,1,1,41,330,31.908677111654757
2024-02-18 10:00:00,2,0,0,2.7643843519517644,225,0,1,50,190,43.62266006510682
2024-02-18 11:00:00,0,2,0,5.624836209522592,282,0,0,64,179,38.57412148237896
2024-02-18 12:00:00,2,1,1,9.731113187493866,375,1,0,78,324,36.46845257522797
2024-02-18 13:00:00,1,2,0,18.22940149464437,385,0,1,14,325,70.72211073099444
2024-02-18 14:00:00,1,1,1,17.568356362492057,314,1,1,72,281,54.67167203611437
2024-02-18 15:00:00,0,1,0,14.653396486818831,334,1,0,13,276,47.59986376706853
2024-02-18 16:00:00,2,2,2,1.4581348314086937,493,0,0,50,355,30.45483392006109
2024-02-18 17:00:00,2,1,0,7.486394825090517,459,0,1,21,345,25.830172240373876
2024-02-18 18:00:00,0,0,2,13.964620103205876,167,1,0,46,152,75.87513533285001
2024-02-18 19:00:00,1,2,2,3.4515490399422992,215,1,1,64,223,44.81717453352345
2024-02-18 20:00:00,0,0,0,16.220669150302264,367,1,0,54,287,79.81739124413333
2024-02-18 21:00:00,2,2,0,18.37689991976428,459,1,0,37,341,64.40978868512389
2024-02-18 22:00:00,0,0,2,7.727984486118684,191,0,1,68,144,65.47358812319814
2024-02-18 23:00:00,0,2,1,14.411018175412837,296,0,0,16,179,54.83767605986388
2024-02-19 00:00:00,0,2,1,3.815878520705554,226,1,0,69,218,33.24160926862979
2024-02-19 01:00:00,2,0,0,14.125512533147512,348,0,1,62,282,62.75447853835791
2024-02-19 02:00:00,0,2,2,1.4076528334538223,393,0,1,49,361,34.482591235128304
2024-02-19 03:00:00,0,1,1,3.8646586294109184,313,0,0,61,198,34.000314891389195
2024-02-19 04:00:00,1,2,0,14.48774748556473,217,0,1,20,206,74.34641800330195
2024-02-19 05:00:00,2,0,0,14.525154234649817,74,1,0,59,96,63.70460667307492
2024-02-19 06:00:00,0,2,2,13.182091411058364,240,1,1,59,257,57.26687503818823
2024-02-19 07:00:00,1,2,1,10.069916463299862,437,1,1,57,419,65.74520385704106
2024-02-19 08:00:00,2,2,0,13.823253732266956,64,0,1,93,69,54.64428330899274
2024-02-19 09:00:00,1,0,1,15.702215167486976,65,0,0,63,67,79.35744367146158
2024-02-19 10:00:00,0,1,0,19.36315152169813,359,1,0,15,284,67.74964479006579
2024-02-19 11:00:00,2,2,0,17.884179599423494,176,1,0,59,172,66.66756123730224
2024-02-19 12:00:00,2,1,1,16.09614984875637,316,1,1,91,308,46.73102879687683
2024-02-19 13:00:00,0,2,1,14.200392817573086,77,1,1,94,173,57.81730656104167
2024-02-19 14:00:00,2,2,2,11.908955363214975,312,0,0,12,200,49.43714965656744
2024-02-19 15:00:00,0,1,2,3.2915676436864088,419,1,0,50,303,33.32198976560717
2024-02-19 16:00:00,2,1,2,4.145579999869466,433,1,1,37,407,20.671154576640337
2024-02-19 17:00:00,0,2,2,16.585311652747087,343,1,0,41,283,70.83130670545167
2024-02-19 18:00:00,2,1,1,16.26294533193719,201,0,0,48,147,46.16129532280412
2024-02-19 19:00:00,1,1,2,12.674719593493895,117,0,0,97,106,61.215118056516886
2024-02-19 20:00:00,1,0,1,9.337962521606917,86,1,1,80,154,72.98969793825673
2024-02-19 21:00:00,1,1,0,1.4946203466485073,425,0,0,72,291,35.80240145722755
2024-02-19 22:00:00,0,2,1,7.216361908042334,84,0,1,28,108,41.71169785047956
2024-02-19 23:00:00,2,0,2,8.99215349374104,183,1,0,10,207,56.48968043657373
2024-02-20 00:00:00,0,1,1,10.230509437294993,415,1,0,42,337,41.77579568790421
2024-02-20 01:00:00,2,1,1,18.657167372662972,210,0,1,42,212,54.30857236453868
2024-02-20 02:00:00,2,2,1,3.0654785962027136,421,1,1,20,368,22.19176082822455
2024-02-20 03:00:00,2,2,1,10.858471475815636,273,0,1,69,258,43.564402344063545
2024-02-20 04:00:00,2,0,1,7.990523642207314,159,0,0,96,103,60.80850592068309
2024-02-20 05:00:00,0,0,2,19.81186426510498,151,0,0,37,70,80.61703594465088
2024-02-20 06:00:00,0,2,1,17.3754163093752,404,0,0,71,287,70.52451743041136
2024-02-20 07:00:00,2,1,2,9.336931230539497,231,1,0,56,204,30.532384665065628
2024-02-20 08:00:00,2,1,0,19.99421657774045,447,1,0,26,360,55.77965511421471
2024-02-20 09:00:00,1,1,1,10.767201682958431,196,1,0,83,171,49.70684249489573
2024-02-20 10:00:00,2,1,0,4.175238135236613,265,1,1,81,296,30.29658541743501
2024-02-20 11:00:00,2,2,2,11.561619144707576,188,0,1,18,187,58.14021533460362
2024-02-20 12:00:00,2,2,1,5.297909550269285,376,0,0,92,256,32.02491501707064
2024-02-20 13:00:00,0,1,0,13.089943961448787,478,0,1,17,406,46.856894882021926
2024-02-20 14:00:00,0,0,2,18.811363322794588,237,0,1,68,223,77.52615645187659
2024-02-20 15:00:00,2,1,0,15.937772959865535,137,1,0,78,138,42.33194618465754
2024-02-20 16:00:00,2,2,1,6.190110117962049,296,0,1,87,247,42.621497478386345
2024-02-20 17:00:00,0,2,1,6.640313874354136,235,0,0,54,204,42.99056573293744
2024-02-20 18:00:00,0,2,1,2.3164758587159286,137,1,1,42,166,35.032168954655184
2024-02-20 19:00:00,2,2,2,6.43148887727927,383,1,0,47,300,39.54526120022896
2024-02-20 20:00:00,1,1,0,2.7598711938785274,201,0,1,72,183,32.27302307505305
2024-02-20 21:00:00,2,2,2,10.489525667187214,316,0,1,21,267,39.08901689610407
2024-02-20 22:00:00,2,2,0,14.458594510466895,249,1,0,76,226,48.64189498826288
2024-02-20 23:00:00,1,0,2,15.272442068484011,432,1,0,38,350,82.43266615918317
2024-02-21 00:00:00,2,2,1,2.131055412715402,477,1,1,31,435,36.10299912876581
2024-02-21 01:00:00,0,2,0,7.459162066525839,384,0,0,43,267,46.43961310202551
2024-02-21 02:00:00,2,2,0,6.47526356440124,295,0,1,79,279,37.88719045469415
2024-02-21 03:00:00,2,0,0,2.9817061367593576,499,0,0,48,333,38.9970071883112
2024-02-21 04:00:00,1,1,2,7.886954907708108,265,1,1,25,258,38.77575932633838
2024-02-21 05:00:00,2,2,1,6.687082073645486,478,1,1,40,400,35.14534743778834
2024-02-21 06:00:00,1,2,0,13.055485357446258,123,1,0,58,117,64.85895394823838
2024-02-21 07:00:00,2,2,2,17.782750610940546,209,0,0,53,148,56.81371626630897
2024-02-21 08:00:00,2,1,0,9.6419926965911,304,0,1,88,251,30.22258047786687
2024-02-21 09:00:00,2,2,1,15.186638282569552,66,1,0,55,76,52.66840200121575
2024-02-21 10:00:00,0,1,0,3.7741969751028113,487,1,1,10,453,24.0975378314627
2024-02-21 11:00:00,2,2,1,18.00436119423343,187,1,0,53,157,59.921264393298856
2024-02-21 12:00:00,1,2,2,3.8993000260867534,55,0,0,93,32,48.70440238951777
2024-02-21 13:00:00,2,0,2,4.649922431388397,268,0,0,96,195,53.11614383818436
2024-02-21 14:00:00,1,2,1,3.022812268165853,453,1,0,93,323,40.58943244469897
2024-02-21 15:00:00,2,1,1,6.883910528890193,50,1,1,55,101,28.46204031849592
2024-02-21 16:00:00,1,1,2,11.495798487594996,113,0,0,98,94,63.11528480562358
2024-02-21 17:00:00,0,0,1,19.77188811672021,258,1,1,81,233,82.83335158720085
2024-02-21 18:00:00,0,1,1,16.073992658493335,50,1,1,62,95,52.02472147743973
2024-02-21 19:00:00,1,2,0,8.228280254947657,406,1,1,42,341,52.0374455880459
2024-02-21 20:00:00,0,1,2,11.941075100167838,238,0,0,54,159,47.25868398503268
2024-02-21 21:00:00,0,2,2,12.842852587844948,296,0,1,73,231,52.24023182484608
2024-02-21 22:00:00,2,2,1,16.631817203699594,306,0,1,12,247,68.33177555841034
2024-02-21 23:00:00,2,1,1,14.992583922976207,223,0,0,33,179,42.44668778533518
2024-02-22 00:00:00,1,1,1,11.816531412451669,158,0,0,85,106,51.99500079648983
2024-02-22 01:00:00,0,0,2,13.714477513753478,109,0,1,40,130,73.89884292517077
2024-02-22 02:00:00,0,2,0,15.172434608295092,92,0,0,80,71,72.87204588933781
2024-02-22 03:00:00,2,2,2,3.529737123534682,477,1,1,49,445,25.76596803926653
2024-02-22 04:00:00,2,0,0,4.808653764802219,87,1,1,90,141,54.91379851625362
2024-02-22 05:00:00,2,0,1,14.083101489242818,412,0,1,59,336,69.91743685918885
2024-02-22 06:00:00,0,1,2,17.15808567776501,307,1,1,83,300,44.40818782703211
2024-02-22 07:00:00,2,0,0,8.775983371295588,131,0,0,24,71,56.27076193419678
2024-02-22 08:00:00,2,1,2,19.617916126952917,445,0,1,30,358,54.60064994038864
2024-02-22 09:00:00,2,1,0,5.105362920794085,270,0,0,30,195,25.48869297072442
2024-02-22 10:00:00,2,0,0,8.917286358825338,456,1,0,69,376,64.55622648196386
2024-02-22 11:00:00,0,1,2,8.19193782580181,160,0,1,74,144,32.186853698211806
2024-02-22 12:00:00,2,1,1,18.67562287380215,314,1,1,30,331,45.8309460328291
2024-02-22 13:00:00,0,1,2,6.422191833878251,185,0,1,64,171,24.191903585108857
2024-02-22 14:00:00,2,2,1,9.945024782802095,483,1,0,78,402,50.07993649121043
2024-02-22 15:00:00,2,2,0,4.55744295269126,385,0,0,88,268,39.00597297368189
2024-02-22 16:00:00,2,2,0,10.904058532686433,367,1,0,35,302,46.870601732940976
2024-02-22 17:00:00,2,0,2,17.29067921980823,72,0,1,84,92,70.6255732815913
2024-02-22 18:00:00,2,2,2,6.776749775920719,398,1,1,64,399,38.20959792332376
2024-02-22 19:00:00,2,1,1,16.40504937109374,108,1,1,94,147,62.38494954425387
2024-02-22 20:00:00,0,0,1,18.314920061336892,315,1,0,55,281,81.45709355559107
2024-02-22 21:00:00,2,1,2,2.386199904576709,189,0,0,71,110,21.730363656952168
2024-02-22 22:00:00,0,1,1,15.37206619006577,495,1,1,79,422,41.30908964474241
2024-02-22 23:00:00,1,1,1,5.851525286859325,430,0,1,63,384,43.95305658853073
2024-02-23 00:00:00,0,2,2,4.331225588195953,165,0,0,13,128,42.31199624775524
2024-02-23 01:00:00,2,1,2,12.421325448475685,253,1,1,54,272,37.00803131322449
2024-02-23 02:00:00,2,1,0,14.406449708345294,207,1,1,94,238,42.75521459321296
2024-02-23 03:00:00,2,1,0,8.500458728969061,379,1,1,63,377,34.54010607299667
2024-02-23 04:00:00,2,1,2,1.744300434561621,245,1,0,90,218,17.21100521652558
2024-02-23 05:00:00,1,2,0,18.26538595973907,480,0,0,62,336,82.2069337448015
2024-02-23 06:00:00,2,0,1,14.884191420102406,261,1,1,53,281,63.172632385769866
2024-02-23 07:00:00,2,2,2,6.161669326977279,90,1,0,96,99,37.82570466762106
2024-02-23 08:00:00,0,1,0,10.440413259150056,408,0,0,45,277,43.70246650738206
2024-02-23 09:00:00,0,1,2,1.5280630093744825,56,1,1,43,114,23.58236830422797
2024-02-23 10:00:00,0,0,0,7.446372854312895,399,0,1,61,308,54.45920809990147
2024-02-23 11:00:00,2,1,2,10.928169476117247,421,1,1,15,393,41.422523577762256
2024-02-23 12:00:00,2,0,1,10.827248687208751,154,1,1,47,194,54.56596781221307
2024-02-23 13:00:00,0,1,0,4.955512682162281,357,1,1,95,307,25.45235376402493
2024-02-23 14:00:00,2,0,2,15.758199957493924,94,1,0,42,97,71.44517856672343
2024-02-23 15:00:00,2,1,1,6.678381012006225,87,0,0,84,66,30.94220985084936
2024-02-23 16:00:00,2,2,0,12.02779044038148,213,1,0,64,175,44.79152242723255
2024-02-23 17:00:00,2,2,0,6.158922285221521,130,0,0,32,96,29.150416808220477
2024-02-23 18:00:00,2,2,2,9.078189586748634,390,0,0,53,228,45.28281746888506
2024-02-23 19:00:00,2,1,1,4.942777879754375,107,1,1,37,196,16.002805103709992
2024-02-23 20:00:00,0,2,2,13.027148058108727,351,1,1,73,341,57.5676079023273
2024-02-23 21:00:00,0,2,0,9.086102842685664,172,1,1,57,171,50.12466093066108
2024-02-23 22:00:00,1,1,2,1.3062287852675212,244,1,1,68,192,40.74464237655182
2024-02-23 23:00:00,2,1,2,1.5351348863185557,242,1,0,92,214,20.934692286452837
2024-02-24 00:00:00,2,2,1,9.95155205095702,451,0,1,68,346,42.322026631621945
2024-02-24 01:00:00,2,1,1,4.481291471201732,435,0,1,52,360,24.928467855959152
2024-02-24 02:00:00,0,2,0,12.115798914750105,153,1,1,52,213,58.77956672561863
2024-02-24 03:00:00,0,1,1,8.755643853668404,161,1,1,86,187,39.15777495299084
2024-02-24 04:00:00,2,2,2,13.433976875254732,181,0,1,22,191,51.2883413781602
2024-02-24 05:00:00,1,1,0,19.09550830721508,145,0,0,81,119,74.57811042245066
2024-02-24 06:00:00,2,2,1,11.04598656110982,132,1,1,52,191,41.78124420329748
2024-02-24 07:00:00,0,1,2,15.960193468211893,219,0,0,22,179,44.35257147784227
2024-02-24 08:00:00,0,1,2,15.307778930002806,98,1,0,44,90,40.72089245986443
2024-02-24 09:00:00,1,1,0,18.51403098215344,482,0,1,20,360,74.2311523032052
2024-02-24 10:00:00,0,0,0,5.066339477522118,422,1,0,30,302,51.00241482794695
2024-02-24 11:00:00,1,1,1,16.71921244491388,184,1,0,81,170,61.79747693076248
2024-02-24 12:00:00,2,2,1,18.204887191589048,314,1,1,35,318,62.00445664101665
2024-02-24 13:00:00,1,1,1,8.462496638003977,248,0,0,95,186,43.168374064218085
2024-02-24 14:00:00,2,1,1,6.962507697380395,332,0,0,59,231,34.87779136283511
2024-02-24 15:00:00,1,2,0,19.08868228388747,454,0,1,58,374,83.94153221585155
2024-02-24 16:00:00,0,2,2,12.925023620638491,84,0,1,83,115,58.91614267652778
2024-02-24 17:00:00,1,0,2,8.232853219587899,393,1,1,99,373,71.17969993639994
2024-02-24 18:00:00,2,0,1,16.044726697700973,253,1,0,95,227,69.13182757743292
2024-02-24 19:00:00,0,2,0,6.785004130698587,469,0,0,22,346,38.07391532919505
2024-02-24 20:00:00,0,2,1,4.35174413532738,290,0,0,48,178,39.85200253238799
2024-02-24 21:00:00,0,2,1,11.335423080156405,398,1,0,64,303,49.864203881112616
2024-02-24 22:00:00,2,1,0,11.758028853301465,372,1,1,16,360,41.276816401325206
2024-02-24 23:00:00,2,0,2,16.689183163079424,92,0,1,52,81,68.44281534960064
2024-02-25 00:00:00,2,2,2,9.683519745388171,313,0,0,51,216,37.22292925474135
2024-02-25 01:00:00,2,2,1,16.47714425060149,426,0,0,67,318,62.63775300064093
2024-02-25 02:00:00,1,1,0,6.915130907618431,127,1,0,21,159,43.02328759215092
2024-02-25 03:00:00,2,1,2,11.931995841378049,85,1,0,22,112,41.97104786643087
2024-02-25 04:00:00,1,0,2,4.9609827991136,432,1,1,21,400,69.75598304375077
2024-02-25 05:00:00,2,1,0,8.323473067415332,353,1,0,85,305,29.399772655545807
2024-02-25 06:00:00,2,2,0,17.29325425882417,223,0,1,47,214,50.45845895657874
2024-02-25 07:00:00,0,1,2,5.103775675279346,465,1,1,12,428,39.91914419090759
2024-02-25 08:00:00,0,0,1,16.394549795086085,184,0,1,81,216,86.62631035963605
2024-02-25 09:00:00,2,1,1,6.374561499100718,379,1,0,71,306,29.57215716829865
2024-02-25 10:00:00,0,0,2,1.6553046739096202,189,0,1,40,177,47.08911475253594
2024-02-25 11:00:00,0,1,1,3.088756831080079,104,0,1,86,149,23.11836713415922
2024-02-25 12:00:00,2,0,1,15.171711361094976,301,1,0,81,248,72.46466009018296
2024-02-25 13:00:00,1,2,0,5.979347603540817,328,0,0,46,239,55.24767320097935
2024-02-25 14:00:00,1,1,0,13.428766252584172,229,0,1,33,225,56.49197364768765
2024-02-25 15:00:00,0,2,0,14.284779152387427,62,1,0,77,60,54.64687625465738
2024-02-25 16:00:00,2,1,1,7.557250824259012,253,0,0,73,176,35.10379885246516
2024-02-25 17:00:00,0,1,0,10.023460757011664,358,1,0,25,280,36.77582848673141
2024-02-25 18:00:00,2,0,0,8.671574718660402,112,1,0,27,110,62.3626850546914
2024-02-25 19:00:00,2,2,2,18.999630930736146,123,1,1,77,192,61.48034256861381
2024-02-25 20:00:00,2,1,0,7.07902838468016,356,0,1,49,276,37.47367037504896
2024-02-25 21:00:00,2,1,2,4.483137802274254,491,0,0,67,338,18.561611754564552
2024-02-25 22:00:00,1,1,1,7.946264014635987,204,1,1,54,238,54.35974047016339
2024-02-25 23:00:00,0,0,0,13.72079844443823,56,1,1,62,127,71.97950820474732
2024-02-26 00:00:00,0,1,2,14.24989111686784,424,0,1,36,353,48.877059714723856
2024-02-26 01:00:00,2,0,2,18.55708899184013,355,1,1,45,349,73.73965938942825
2024-02-26 02:00:00,2,0,2,17.753335212640376,457,1,0,77,372,71.77306872645512
2024-02-26 03:00:00,2,1,1,6.478089887928235,392,1,0,22,336,22.772711841182705
2024-02-26 04:00:00,1,1,0,9.648101730384331,202,0,0,60,188,45.11006059648881
2024-02-26 05:00:00,2,0,1,15.198110775485246,93,0,1,57,133,72.65176948073997
2024-02-26 06:00:00,1,1,2,18.41420833143848,85,0,0,69,58,75.13727097127243
2024-02-26 07:00:00,0,1,1,7.406135244280945,490,1,0,87,392,39.59298982894463
2024-02-26 08:00:00,2,1,1,9.444387249362922,146,1,0,79,135,33.59813210219288
2024-02-26 09:00:00,0,2,2,18.090087138618568,214,1,1,60,261,65.03549467807998
2024-02-26 10:00:00,2,2,0,7.81119359001003,283,1,1,23,293,50.06431416585192
2024-02-26 11:00:00,1,1,0,10.12974673764298,152,0,1,52,188,51.775259524564845
2024-02-26 12:00:00,1,1,1,18.185578683143497,485,0,1,12,382,63.95854014075511
2024-02-26 13:00:00,2,0,0,16.242621141807117,430,1,1,34,385,76.37986208146164
2024-02-26 14:00:00,2,2,2,5.625187575186253,496,0,0,43,343,37.61968878957603
2024-02-26 15:00:00,0,2,0,7.171106242826734,56,1,0,79,69,47.57952815572492
2024-02-26 16:00:00,1,2,1,7.706215821727443,143,1,1,65,201,63.72329752519815
2024-02-26 17:00:00,2,2,2,18.342030995190136,493,0,0,74,350,56.4737407671213
2024-02-26 18:00:00,0,2,2,19.979741004986245,170,0,0,69,125,64.3123647825272
2024-02-26 19:00:00,0,1,2,15.706081740953358,414,1,0,57,290,54.58887378480904
2024-02-26 20:00:00,0,1,1,10.202199747376625,86,1,0,81,80,42.86651944735065
2024-02-26 21:00:00,2,2,1,1.1933025432821005,70,0,1,90,97,22.32897189560797
2024-02-26 22:00:00,0,2,0,14.252273075361192,147,0,0,86,105,66.91048276718952
2024-02-26 23:00:00,1,0,1,8.397862125457909,351,0,1,28,327,74.2185465251481
2024-02-27 00:00:00,2,1,2,13.026742934343504,70,1,1,44,119,37.60743699104175
2024-02-27 01:00:00,2,0,1,12.527185305786146,281,0,1,42,224,64.20117224288485
2024-02-27 02:00:00,1,0,1,10.13580907491336,403,0,1,51,310,65.39862223153116
2024-02-27 03:00:00,2,1,0,18.943360556800137,121,0,0,63,86,54.44790504363841
2024-02-27 04:00:00,1,2,2,1.4397805617514914,401,1,1,48,385,36.88828840971117
2024-02-27 05:00:00,2,2,0,14.530517204979176,101,0,0,73,59,52.35212133305717
2024-02-27 06:00:00,2,0,0,8.786957497691374,271,0,0,47,192,57.2071578467113
2024-02-27 07:00:00,1,2,0,14.562018559340617,334,0,1,47,260,78.66602218291261
2024-02-27 08:00:00,2,2,2,13.829173303253008,374,0,1,82,286,59.534589733689
2024-02-27 09:00:00,0,2,0,1.1945220489439123,216,1,1,61,232,21.51029967237885
2024-02-27 10:00:00,2,1,2,6.421431408318754,332,0,1,56,299,23.53297670008196
2024-02-27 11:00:00,0,1,0,4.592738889571828,254,1,1,74,253,30.93225013597296
2024-02-27 12:00:00,2,2,0,4.172740705907354,416,0,0,51,287,33.38609033256415
2024-02-27 13:00:00,2,2,2,14.84105699830152,187,0,0,64,112,60.77133090830462
2024-02-27 14:00:00,1,2,1,5.551475632769368,85,0,1,68,88,46.05752030575438
2024-02-27 15:00:00,2,2,0,10.020014684758715,144,0,1,75,159,44.16958172512478
2024-02-27 16:00:00,0,1,1,5.692790910427911,65,0,1,83,83,27.28178123049065
2024-02-27 17:00:00,2,2,0,12.024442645271268,286,0,1,63,222,49.88970517165724
2024-02-27 18:00:00,0,1,1,14.690901593139392,213,1,1,60,210,47.34273868314537
2024-02-27 19:00:00,2,0,1,7.290420035265353,139,1,1,32,207,58.355031571362126
2024-02-27 20:00:00,1,0,1,12.457396117455318,157,1,0,82,116,77.24061937374461
2024-02-27 21:00:00,2,2,1,16.672240713861044,133,1,0,20,155,54.82513964783018
2024-02-27 22:00:00,2,1,1,2.7902614181253416,304,1,1,45,315,32.91751929340323
2024-02-27 23:00:00,2,1,2,14.502741381784151,467,0,1,65,368,50.828412047518256
2024-02-28 00:00:00,2,2,1,7.139753944272224,214,0,1,51,214,44.89217876929336
2024-02-28 01:00:00,0,2,2,3.330349173973941,249,0,1,22,220,33.516080799419235
2024-02-28 02:00:00,2,2,0,11.367429944672628,373,0,0,92,269,42.553525641666894
2024-02-28 03:00:00,1,1,2,5.298984066086904,364,1,0,61,257,30.472640085402876
2024-02-28 04:00:00,2,2,1,16.605874060713994,206,1,1,39,237,59.700139320173946
2024-02-28 05:00:00,2,2,2,1.8150222810904464,80,0,0,91,48,31.85056317167723
2024-02-28 06:00:00,0,1,1,2.874405029147052,115,0,1,21,120,21.34972353464158
2024-02-28 07:00:00,0,2,2,10.89892639373052,138,1,0,85,154,53.93418088882012
2024-02-28 08:00:00,2,1,0,12.18989389746218,308,1,0,30,297,30.511670278974258
2024-02-28 09:00:00,2,2,1,14.86784662593219,302,0,1,21,287,69.94595442475301
2024-02-28 10:00:00,2,0,1,5.925953836791683,283,1,1,71,311,46.82537946453665
2024-02-28 11:00:00,0,2,2,16.993447756052547,156,0,0,48,92,59.34316120887824
2024-02-28 12:00:00,0,0,2,19.10970445570188,118,0,0,53,95,79.30549953029396
2024-02-28 13:00:00,2,2,2,10.481746768302408,327,1,0,13,261,51.052957089526856
2024-02-28 14:00:00,1,1,2,15.450095934426225,385,1,0,40,300,64.70635804724566
2024-02-28 15:00:00,1,2,2,10.972118736332062,250,0,0,33,218,62.78352200005264
2024-02-28 16:00:00,0,2,1,2.3198735588320014,102,1,1,51,121,47.0262493099613
2024-02-28 17:00:00,1,1,0,7.196118744009801,481,1,1,58,436,46.04725613281257
2024-02-28 18:00:00,2,1,2,2.662247102913285,290,0,0,91,211,22.21099554749289
2024-02-28 19:00:00,2,2,1,19.788703265845257,381,0,0,99,283,67.7801791209984
2024-02-28 20:00:00,2,1,0,5.351492329394167,224,0,0,29,173,23.239613401189835
2024-02-28 21:00:00,2,1,0,13.082107968898656,91,1,1,17,163,32.98971506590547
2024-02-28 22:00:00,0,2,2,6.402556936953809,309,0,1,42,274,41.29514819883384
2024-02-28 23:00:00,1,1,1,13.41167809176259,418,0,1,77,327,48.07234298476848
2024-02-29 00:00:00,2,0,1,4.997632126539166,259,0,0,47,182,54.65010556651489
2024-02-29 01:00:00,2,1,1,15.920131252291416,91,1,0,95,120,48.4667180626832
2024-02-29 02:00:00,2,2,1,3.105420453896074,476,1,1,45,409,26.75931649774732
2024-02-29 03:00:00,1,2,1,18.007857601715326,402,0,1,57,338,74.10001966876705
2024-02-29 04:00:00,2,2,0,16.968012158275094,219,1,1,17,260,61.39594575779888
2024-02-29 05:00:00,0,1,0,13.897339529129326,431,1,1,82,385,50.80971934070394
2024-02-29 06:00:00,2,0,0,2.280877915714109,308,0,0,91,246,45.70931063824123
2024-02-29 07:00:00,2,2,1,4.962811538249638,492,1,1,69,445,27.07916886222016
2024-02-29 08:00:00,1,0,0,17.327870318130444,386,1,0,33,278,80.84731766206598
2024-02-29 09:00:00,1,1,0,3.317514251749308,253,0,0,26,179,34.68850889688544
2024-02-29 10:00:00,2,1,2,3.962709829852381,444,1,0,74,335,26.31364883881989
2024-02-29 11:00:00,1,2,0,11.336063151354894,386,1,0,48,289,60.82250884129394
2024-02-29 12:00:00,0,1,2,6.20937135381253,212,1,0,88,169,37.32252281563732
2024-02-29 13:00:00,1,2,1,5.21943829893466,154,1,0,64,186,58.78088078151956
2024-02-29 14:00:00,2,1,1,11.94045520511543,227,1,0,86,182,35.76916242493337
2024-02-29 15:00:00,0,2,1,8.078956852702552,240,0,1,96,215,38.44238644319552
2024-02-29 16:00:00,2,0,1,3.670638038623706,173,0,1,70,177,52.31735605416832
2024-02-29 17:00:00,0,2,0,11.162221583363824,247,1,1,40,248,65.92052726107323
2024-02-29 18:00:00,2,0,2,8.353235662293832,148,0,1,37,137,56.60806583674916
2024-02-29 19:00:00,2,2,1,14.955818711201616,55,0,0,41,26,51.58332185256064
2024-02-29 20:00:00,2,2,1,2.9523534040911947,337,0,0,16,224,37.39929428691893
2024-02-29 21:00:00,0,0,2,12.791651634973505,316,0,0,87,231,73.07881601804814
2024-02-29 22:00:00,2,0,2,9.293373211921706,92,1,0,23,87,59.354518177975926
2024-02-29 23:00:00,0,2,2,8.715175625995677,344,1,1,82,361,46.55187309380445
2024-03-01 00:00:00,1,1,2,5.413466072158483,190,1,0,63,168,40.81979718434384
2024-03-01 01:00:00,2,2,2,1.5780945358515113,318,0,1,79,305,23.621753608535897
2024-03-01 02:00:00,0,1,0,17.106094692928266,88,1,0,60,100,65.4584169148703
2024-03-01 03:00:00,2,2,2,7.201791634654092,479,0,1,88,355,36.02326785283868
2024-03-01 04:00:00,1,2,0,13.940729754867094,211,1,1,39,225,51.907641072754814
2024-03-01 05:00:00,2,0,2,19.00416059575744,244,1,1,39,271,77.55137996171142
2024-03-01 06:00:00,0,0,2,11.734815663560502,465,0,0,25,304,70.88419142065527
2024-03-01 07:00:00,1,2,1,8.545791147877459,373,1,1,32,350,65.35684021012277
2024-03-01 08:00:00,1,1,1,6.09719776062537,153,0,1,40,164,39.981822014843495
2024-03-01 09:00:00,0,0,1,18.74683206030237,294,1,0,21,253,75.95626118904636
2024-03-01 10:00:00,2,1,1,13.959459542971716,114,0,0,94,91,48.99613452116353
2024-03-01 11:00:00,0,2,1,13.640346471874633,250,0,1,12,229,53.52999730882784
2024-03-01 12:00:00,1,1,1,9.097008177760262,418,0,0,76,272,51.0542248992516
2024-03-01 13:00:00,0,1,2,17.055925544481184,291,1,1,47,288,48.86090311127732
2024-03-01 14:00:00,2,0,2,14.559771553180257,56,1,0,95,79,64.442203931044
2024-03-01 15:00:00,1,1,1,6.380482163839305,268,0,1,94,246,40.60462665958304
2024-03-01 16:00:00,0,2,1,12.391994540475912,52,0,0,25,21,48.51215054804996
2024-03-01 17:00:00,0,1,1,9.173685137424048,391,0,0,91,272,30.184410865917798
2024-03-01 18:00:00,2,0,2,1.1252130937645477,354,1,1,13,376,39.23623543693241
2024-03-01 19:00:00,0,0,1,16.344845198534152,363,0,1,29,322,77.93708784896347
2024-03-01 20:00:00,2,1,1,3.333776629474315,333,1,0,54,290,34.07308522485989
2024-03-01 21:00:00,0,1,2,10.689135614049668,420,1,0,22,332,42.65108390146012
2024-03-01 22:00:00,2,2,2,7.388297668611496,460,1,1,11,415,40.19476282321149
2024-03-01 23:00:00,0,1,0,7.499691782812873,71,0,0,40,50,35.82169126402388
2024-03-02 00:00:00,1,2,1,10.069932784862353,143,1,0,37,149,62.32822291297108
2024-03-02 01:00:00,2,1,2,19.943438976375155,406,0,1,82,309,54.773953661642274
2024-03-02 02:00:00,1,1,0,8.75921393199804,120,0,0,68,68,53.04492486610544
2024-03-02 03:00:00,2,2,2,4.464255366514876,419,1,0,20,305,35.552609928351785
2024-03-02 04:00:00,1,1,0,12.65852042293801,271,1,1,44,294,54.58078349767831
2024-03-02 05:00:00,0,0,0,5.489466452750904,62,0,1,58,107,51.339701848732645
2024-03-02 06:00:00,0,1,1,3.005433597546058,455,1,0,53,345,28.32783502657068
2024-03-02 07:00:00,0,1,1,1.953309269252653,54,1,0,67,63,29.809767335230333
2024-03-02 08:00:00,1,0,0,1.4347442063739937,71,1,1,60,154,61.72929374929899
2024-03-02 09:00:00,2,2,1,9.19212831791021,432,1,1,26,406,40.9244709292399
2024-03-02 10:00:00,2,2,2,9.10778981759448,358,0,1,99,333,43.279006543934
2024-03-02 11:00:00,0,1,2,4.525362601481106,344,1,1,13,314,37.7355922978458
2024-03-02 12:00:00,1,2,0,15.896362021652976,86,1,1,42,147,76.91895929376322
2024-03-02 13:00:00,0,2,0,3.4561419304776964,80,1,0,71,98,39.67738867426841
2024-03-02 14:00:00,0,1,2,18.391026660146743,111,1,0,90,129,53.60210745463647
2024-03-02 15:00:00,2,0,2,12.163943575222175,270,1,0,81,248,66.65541535814205
2024-03-02 16:00:00,1,2,0,1.5247111459936629,408,1,1,99,373,51.9011883423284
2024-03-02 17:00:00,2,1,2,19.296479889111616,130,1,1,52,185,54.20259607233277
2024-03-02 18:00:00,0,2,2,6.850883931371219,432,1,1,93,386,30.54792820372583
2024-03-02 19:00:00,2,2,0,9.549524231979214,282,1,0,51,208,53.859320631452015
2024-03-02 20:00:00,2,1,1,6.401105166896491,55,0,0,60,21,32.546349133225426
2024-03-02 21:00:00,2,2,2,14.840004662641771,154,0,1,47,148,50.84541551552285
2024-03-02 22:00:00,2,1,1,10.227924193671234,386,1,0,52,321,34.697440353316644
2024-03-02 23:00:00,0,2,1,3.515086228647549,211,1,1,57,195,35.8694041587953
2024-03-03 00:00:00,2,2,2,2.979875094829622,392,0,0,51,285,28.937173096977222
2024-03-03 01:00:00,2,2,1,14.78213285316692,101,0,0,66,82,54.167026257874106
2024-03-03 02:00:00,2,0,0,5.504546693694159,207,1,1,63,225,54.905025308385305
2024-03-03 03:00:00,2,1,2,3.618074118130978,62,0,1,26,131,30.420095068784683
2024-03-03 04:00:00,2,2,2,10.489124342959013,235,0,1,60,219,42.68583098500866
2024-03-03 05:00:00,2,2,1,16.252540463189778,271,0,1,18,244,61.96188651758228
2024-03-03 06:00:00,0,2,2,6.296872171589479,290,0,1,93,249,38.43052320896844
2024-03-03 07:00:00,0,2,2,6.252200622315348,358,0,0,17,214,48.43801254297316
2024-03-03 08:00:00,0,1,1,16.84374394494716,197,0,0,72,124,55.50979751214329
2024-03-03 09:00:00,2,1,1,3.8088420968068704,439,0,0,65,291,22.401056106082
2024-03-03 10:00:00,2,1,2,12.717824243944396,104,0,1,79,135,39.09724319871881
2024-03-03 11:00:00,1,0,2,19.145256176669125,464,1,1,18,404,98.98098283361662
2024-03-03 12:00:00,0,1,0,16.984759841968845,108,0,1,84,131,47.18763977363457
2024-03-03 13:00:00,2,0,0,2.174489441814855,452,1,0,14,323,50.02768199189873
2024-03-03 14:00:00,2,2,2,7.078306654670883,247,0,1,81,250,36.34756337424498
2024-03-03 15:00:00,2,1,2,3.705114846259711,147,1,1,73,207,26.38271160165423
2024-03-03 16:00:00,2,2,0,19.03557211605565,205,1,0,61,183,63.87788016913208
2024-03-03 17:00:00,2,0,1,19.732889758219542,299,1,0,44,239,73.82725198584188
2024-03-03 18:00:00,0,0,2,5.46486739026072,446,1,1,69,418,54.21318518965792
2024-03-03 19:00:00,0,1,0,13.724281851746298,229,0,0,98,149,42.98097018152201
2024-03-03 20:00:00,0,1,0,16.991002908895247,123,1,0,48,115,47.157078521834045
2024-03-03 21:00:00,0,1,2,5.439925403875054,110,0,1,15,122,32.74124814708677
2024-03-03 22:00:00,1,1,2,4.565932052098573,474,1,0,97,401,30.644930409473957
2024-03-03 23:00:00,0,2,0,1.2130094416983257,94,0,0,30,53,28.612582134212587
2024-03-04 00:00:00,1,0,2,8.827286681888992,184,1,1,45,232,74.63037082104276
2024-03-04 01:00:00,2,1,1,18.08931178549961,259,0,0,27,165,46.07635095529683
2024-03-04 02:00:00,2,2,2,18.156613332070627,135,0,0,10,52,67.44177229924166
2024-03-04 03:00:00,2,2,0,3.4271194226713093,319,1,0,26,271,42.26088950214239
2024-03-04 04:00:00,0,1,0,4.882697130039504,341,0,1,78,271,37.745674676561045
2024-03-04 05:00:00,1,1,2,8.752899287756138,313,0,1,15,263,49.925220469718994
2024-03-04 06:00:00,2,2,0,15.831866358110338,317,1,0,67,278,55.88843400897669
2024-03-04 07:00:00,1,0,1,12.625178187102843,473,0,1,54,362,80.8563398022354
2024-03-04 08:00:00,2,2,2,10.763145126884112,274,1,0,81,223,54.86515855519978
2024-03-04 09:00:00,1,1,2,12.24670580022946,265,1,0,98,238,48.078371623870375
2024-03-04 10:00:00,2,1,0,2.827794182243636,411,0,1,92,328,11.714256296644454
2024-03-04 11:00:00,2,1,1,10.075609202843232,280,1,1,57,287,34.037714500254566
2024-03-04 12:00:00,2,2,2,19.84920250124344,239,1,1,59,254,65.9156933859389
2024-03-04 13:00:00,2,2,0,2.6804767918426684,191,0,1,65,180,35.510289959462206
2024-03-04 14:00:00,2,1,2,10.865686875062842,226,0,0,18,154,41.46375060968344
2024-03-04 15:00:00,2,0,1,6.617335971490117,100,0,0,71,78,60.88252871424942
2024-03-04 16:00:00,1,2,0,11.25835264037722,239,1,0,40,169,62.65106153723073
2024-03-04 17:00:00,0,2,2,11.902556440641186,54,1,1,74,122,53.4800904597226
2024-03-04 18:00:00,2,0,0,11.971985064270042,260,0,1,70,216,64.68894513538748
2024-03-04 19:00:00,0,1,0,17.191966920906847,244,0,1,19,234,48.745277984547016
2024-03-04 20:00:00,0,0,1,8.405200878799558,50,0,1,62,108,68.75327157287747
2024-03-04 21:00:00,2,1,1,10.810729090663422,153,0,0,73,106,35.02306865917348
2024-03-04 22:00:00,2,1,2,1.2076395803872226,410,0,0,73,283,15.86409916841763
2024-03-04 23:00:00,2,0,0,16.001461430015567,150,0,1,59,164,73.21794609401634
2024-03-05 00:00:00,2,0,0,5.930266440141206,177,0,1,95,176,47.8867304753517
2024-03-05 01:00:00,0,2,0,16.51454545676981,402,0,0,74,278,61.87098776393041
2024-03-05 02:00:00,2,2,2,6.047134661226027,354,0,1,86,302,39.64389873391566
2024-03-05 03:00:00,0,2,1,1.2049814289873524,298,0,1,23,251,39.568750648707685
2024-03-05 04:00:00,0,0,1,3.941795045675488,450,1,0,32,369,54.23528069101437
2024-03-05 05:00:00,2,1,0,19.72797514887119,400,1,0,37,355,63.49746051412759
2024-03-05 06:00:00,0,0,2,7.076223673011782,340,1,0,67,274,57.95589859464744
2024-03-05 07:00:00,2,2,0,3.067654138242196,318,0,1,49,281,22.48238966617796
2024-03-05 08:00:00,1,2,1,3.25641726888926,421,0,1,73,305,39.18632431032311
2024-03-05 09:00:00,2,2,0,6.896511567087252,470,1,1,11,384,41.183511562246
2024-03-05 10:00:00,1,2,0,1.7152557812184976,87,1,1,52,155,42.06939750768795
2024-03-05 11:00:00,0,0,0,10.718283174317122,383,1,1,97,350,71.87940464602637
2024-03-05 12:00:00,2,2,1,5.061077394297083,439,0,0,21,292,36.1528796580038
2024-03-05 13:00:00,0,0,2,10.866902186540573,299,0,0,44,218,67.23332128683319
2024-03-05 14:00:00,1,1,0,3.674520155285183,270,1,0,83,223,31.952863102864203
2024-03-05 15:00:00,0,2,1,9.167287351332355,112,0,0,78,87,36.53752710906822
2024-03-05 16:00:00,1,0,0,12.360420309623644,302,1,1,72,303,77.45446489712549
2024-03-05 17:00:00,1,2,2,2.177998828424053,482,1,0,50,392,38.56846351834935
2024-03-05 18:00:00,2,2,0,8.576236875770112,314,1,0,73,257,34.39412621890334
2024-03-05 19:00:00,2,2,2,6.747952598804067,213,0,0,27,148,39.33146889500606
2024-03-05 20:00:00,0,0,1,5.566836513284047,72,1,0,79,84,60.29287124038654
2024-03-05 21:00:00,2,0,2,12.486157895605434,128,0,1,20,130,67.09191375554973
2024-03-05 22:00:00,1,1,2,12.18229772954274,167,1,1,74,215,56.27922487536912
2024-03-05 23:00:00,1,0,1,12.983296326876175,234,1,0,32,185,76.85332887778736
2024-03-06 00:00:00,2,2,2,4.018770738217906,483,0,1,13,409,26.648469784308784
2024-03-06 01:00:00,2,1,2,6.428475652384227,108,0,0,16,56,22.71819817347175
2024-03-06 02:00:00,0,0,1,4.983896781906496,419,1,0,50,326,60.20233929071191
2024-03-06 03:00:00,2,2,2,11.269568494958996,440,0,0,58,299,46.58879111549125
2024-03-06 04:00:00,1,0,2,9.76024809498271,352,1,1,26,347,83.72783036390986
2024-03-06 05:00:00,2,1,0,7.275581014262251,301,1,0,84,275,34.82759753848674
2024-03-06 06:00:00,0,1,2,15.93428136850023,138,0,1,64,152,60.9705707199191
2024-03-06 07:00:00,2,2,2,2.785501143759273,278,1,1,36,315,30.66827248117246
2024-03-06 08:00:00,0,1,2,19.523037086357203,392,1,1,21,350,60.12500624217687
2024-03-06 09:00:00,2,2,1,3.214337478491056,380,1,1,56,350,24.556713730021613
2024-03-06 10:00:00,0,1,2,15.688345438799018,489,1,0,43,354,51.50728727685895
2024-03-06 11:00:00,2,2,1,7.996373594055805,287,1,1,17,268,45.26172042851248
2024-03-06 12:00:00,0,1,1,17.439982353504305,441,1,0,32,367,67.75964491248155
2024-03-06 13:00:00,1,1,2,2.4092290268990797,341,1,0,35,274,31.905735167636514
2024-03-06 14:00:00,2,2,2,8.119712493654418,475,0,1,43,373,35.71395830403435
2024-03-06 15:00:00,2,1,2,7.37342472350449,344,0,0,41,222,35.1199809811364
2024-03-06 16:00:00,2,2,2,19.86998372628517,370,1,0,15,312,60.04738647619732
2024-03-06 17:00:00,0,0,2,19.72543090290289,93,1,1,74,146,82.19107255999596
2024-03-06 18:00:00,0,2,2,4.606275214661372,382,0,1,68,294,48.89165883130268
2024-03-06 19:00:00,0,0,2,12.96899225326844,129,1,1,59,180,68.86858595144919
2024-03-06 20:00:00,2,1,1,11.174868978307863,223,0,1,77,216,41.682157857384745
2024-03-06 21:00:00,2,1,0,3.933096333574036,190,0,0,98,129,30.09588971177995
2024-03-06 22:00:00,0,0,1,4.187814415984038,86,0,0,17,49,50.39803260801382
2024-03-06 23:00:00,2,2,2,19.79578284111154,63,1,1,49,135,63.468708012591534
2024-03-07 00:00:00,1,2,0,9.60186987879772,171,1,1,55,182,58.5114095180765
2024-03-07 01:00:00,2,2,0,3.3902245480013966,446,0,0,93,325,32.8111722974588
2024-03-07 02:00:00,0,2,2,5.081010736045831,287,0,0,87,208,35.21065202090777
2024-03-07 03:00:00,2,1,2,6.098613277722444,445,1,1,42,421,25.18275947481024
2024-03-07 04:00:00,2,2,1,10.707428003053767,104,1,1,67,146,32.19373838919606
2024-03-07 05:00:00,0,2,0,7.375414460619877,461,0,1,12,341,39.34639160289952
2024-03-07 06:00:00,0,2,0,9.645223931908498,71,0,1,88,69,51.81029685302567
2024-03-07 07:00:00,1,0,2,4.163491470925892,389,0,1,36,302,67.65545259534478
2024-03-07 08:00:00,2,1,2,7.2078451211626176,452,1,1,92,382,33.20314650675394
2024-03-07 09:00:00,2,1,0,2.336015261637326,252,1,1,74,276,27.95446049863189
2024-03-07 10:00:00,0,0,0,17.904495196041125,463,0,0,66,314,85.98589288934872
2024-03-07 11:00:00,0,2,2,4.776297066202987,487,1,0,44,375,37.374431753478255
2024-03-07 12:00:00,2,2,2,15.381102573146038,395,1,0,61,304,59.67863966835143
2024-03-07 13:00:00,2,1,2,7.641483975863574,64,0,0,60,41,24.449433503804485
2024-03-07 14:00:00,2,1,1,10.013549059856071,79,1,0,26,108,30.504729270613844
2024-03-07 15:00:00,1,2,1,6.5339597497633095,78,1,0,86,125,54.27728164002282
2024-03-07 16:00:00,2,1,2,14.232384151040028,301,0,1,61,278,38.626076818962616
2024-03-07 17:00:00,2,0,1,17.046381966219442,209,0,1,57,196,65.48954257734418
2024-03-07 18:00:00,2,0,0,6.439133510052174,166,1,1,67,200,54.70003451190417
2024-03-07 19:00:00,2,0,0,5.6021352296082565,207,1,1,85,259,56.14653220696995
2024-03-07 20:00:00,2,1,2,13.947365043814042,157,0,1,35,141,48.306495785487925
2024-03-07 21:00:00,0,2,0,4.707908150786697,164,1,0,36,154,46.52020530094272
2024-03-07 22:00:00,2,1,0,13.156955546585674,321,0,0,33,201,46.07166158125465
2024-03-07 23:00:00,1,1,0,2.7941335141790757,469,0,0,90,351,33.03592911199156
2024-03-08 00:00:00,2,1,0,12.782606039253055,387,0,0,20,298,40.08367320570884
2024-03-08 01:00:00,0,1,0,10.75472794619823,225,1,0,95,171,39.81553724085151
2024-03-08 02:00:00,1,0,1,3.1642085959498587,280,0,0,17,168,60.69158911973808
2024-03-08 03:00:00,0,1,1,13.332969062427397,333,1,0,57,262,49.04935199928605
2024-03-08 04:00:00,0,1,2,9.484585983647442,367,0,0,41,268,36.83786054217552
2024-03-08 05:00:00,2,0,0,5.125185965524628,299,0,1,38,243,46.37715923826028
2024-03-08 06:00:00,2,1,1,7.714298958341368,489,1,0,14,367,30.676072019443687
2024-03-08 07:00:00,0,2,1,10.349940007139663,105,0,1,58,135,60.21438242738257
2024-03-08 08:00:00,1,1,1,2.739530318023258,380,0,1,22,320,40.596353823451125
2024-03-08 09:00:00,0,1,0,19.19458017943873,322,1,1,98,313,52.931686417927935
2024-03-08 10:00:00,0,0,1,13.645680968030304,239,1,0,51,208,68.69228400272199
2024-03-08 11:00:00,0,1,2,2.948164644466224,70,0,0,19,54,30.58703746385739
2024-03-08 12:00:00,2,2,2,16.63438150224073,214,0,0,35,165,59.00265614789917
2024-03-08 13:00:00,2,1,0,7.128543687976762,420,1,0,35,350,25.169626612207903
2024-03-08 14:00:00,0,1,2,12.339191197550493,467,0,0,94,316,49.443646738411246
2024-03-08 15:00:00,1,1,1,6.265713990011892,334,0,0,32,231,41.22613693613256
2024-03-08 16:00:00,2,1,0,14.934712953377536,117,0,1,53,119,45.52055422743024
2024-03-08 17:00:00,0,1,2,14.737170525001943,493,1,0,85,393,47.3261441524357
2024-03-08 18:00:00,2,2,0,11.48882568057594,316,1,0,48,241,41.57434914344006
2024-03-08 19:00:00,0,2,1,5.577586256959983,267,1,0,52,203,38.05769412691913
2024-03-08 20:00:00,2,1,2,5.8203723427307645,387,1,0,61,301,28.82078114061649
2024-03-08 21:00:00,2,2,1,8.274393137203916,433,0,0,67,260,39.03340785260909
2024-03-08 22:00:00,0,0,2,3.755231180529421,422,1,0,98,261,49.28650184835151
2024-03-08 23:00:00,2,0,0,7.415458550627548,145,1,1,85,198,48.4522987241214
2024-03-09 00:00:00,0,2,2,14.002737423717935,237,1,0,41,214,58.37836404421133
2024-03-09 01:00:00,0,0,2,16.786060321129003,257,1,0,27,199,79.10481131904898
2024-03-09 02:00:00,1,1,2,7.319063519373866,123,0,0,51,82,40.10459889560475
2024-03-09 03:00:00,2,1,0,5.438214906832916,413,1,1,93,408,26.144749358376625
2024-03-09 04:00:00,2,2,2,16.820208988367554,211,1,1,11,233,59.1768970139372
2024-03-09 05:00:00,2,2,1,17.923376520332504,210,0,1,69,221,61.98958761643868
2024-03-09 06:00:00,1,2,0,8.790408942929222,443,0,1,42,345,58.41325333466728
2024-03-09 07:00:00,1,2,0,1.511178923143043,109,1,0,55,118,39.560963748342125
2024-03-09 08:00:00,0,0,1,14.204270796988888,75,1,0,90,100,74.61260752174844
2024-03-09 09:00:00,1,0,0,15.89663148747946,411,1,0,68,316,86.52758929924478
2024-03-09 10:00:00,0,2,2,1.3424608101243645,74,0,1,66,94,33.537550059478875
2024-03-09 11:00:00,0,2,0,12.30558621348875,307,1,0,71,250,58.26146810904494
2024-03-09 12:00:00,2,1,1,12.179006406639324,395,0,0,72,259,43.81225009517861
2024-03-09 13:00:00,0,1,0,8.195450266210367,389,0,1,82,325,39.17745602517127
2024-03-09 14:00:00,2,1,1,15.245579191165916,52,0,0,40,59,47.35998754015322
2024-03-09 15:00:00,1,2,0,9.135401724172851,337,0,1,48,308,64.30942854120504
2024-03-09 16:00:00,0,1,1,13.858743084035918,306,1,0,94,292,43.56898680669366
2024-03-09 17:00:00,0,0,0,10.825228788067887,329,0,1,31,270,61.14980510644524
2024-03-09 18:00:00,2,1,2,5.7208274893540345,355,1,0,26,277,32.67796039106085
2024-03-09 19:00:00,2,2,1,12.523516397192504,476,0,1,12,394,55.54630552409862
2024-03-09 20:00:00,2,1,1,15.001261402070991,297,1,1,41,324,49.26961397595885
2024-03-09 21:00:00,2,1,0,19.50420779530307,93,1,1,42,175,52.59398915653902
2024-03-09 22:00:00,2,0,0,8.222069989245856,82,1,1,73,159,64.48713748768046
2024-03-09 23:00:00,1,2,0,2.224978348660671,343,0,1,19,273,40.400677664818
2024-03-10 00:00:00,0,0,2,19.771453203205684,161,0,0,14,97,81.58830013579488
2024-03-10 01:00:00,2,0,0,12.85232652908519,357,1,0,77,299,59.86044116880058
2024-03-10 02:00:00,2,1,1,18.98255870505461,340,0,0,47,245,50.27083895356537
2024-03-10 03:00:00,2,1,0,2.972714634211268,322,1,1,50,312,21.213898626951668
2024-03-10 04:00:00,0,0,2,7.498642957538696,363,0,1,93,312,57.52322831120076
2024-03-10 05:00:00,0,0,0,3.5447972785817616,353,0,0,82,248,54.95000285269066
2024-03-10 06:00:00,1,2,0,16.87469293705913,92,0,1,70,129,75.46091893529761
2024-03-10 07:00:00,2,2,1,17.726512087157005,353,1,0,24,275,63.50977582163437
2024-03-10 08:00:00,1,2,0,10.524922297625388,93,1,0,61,76,66.57990016970354
2024-03-10 09:00:00,1,1,2,4.545518135578579,338,0,1,17,260,45.0912349447698
2024-03-10 10:00:00,2,2,0,3.4152604117544625,136,1,0,65,120,32.10908578151342
2024-03-10 11:00:00,1,0,0,12.175118091523927,279,0,1,39,233,80.34276017442359
2024-03-10 12:00:00,2,2,1,10.62115016712071,132,1,1,83,181,43.02959669388509
2024-03-10 13:00:00,1,1,0,14.200992944985684,253,1,1,87,249,68.69323428823948
2024-03-10 14:00:00,2,1,1,6.798937989779833,179,1,0,43,143,22.14466750005957
2024-03-10 15:00:00,1,1,1,8.644991905462884,187,0,0,68,100,42.58036853766848
2024-03-10 16:00:00,1,1,0,1.40586040317199,132,1,1,65,186,30.391183459272227
2024-03-10 17:00:00,1,0,1,12.592717856435051,461,0,0,95,322,67.89063391248534
2024-03-10 18:00:00,0,1,1,9.03972690558308,224,0,1,22,210,36.91046775608943
2024-03-10 19:00:00,2,1,0,18.475528042455508,185,0,0,60,119,52.22195863066387
2024-03-10 20:00:00,2,1,0,13.193939656391294,156,1,1,68,234,37.68931261953117
2024-03-10 21:00:00,2,2,2,8.575195337544184,200,1,1,71,206,42.62723995803344
2024-03-10 22:00:00,2,2,2,6.008194436593657,481,0,0,38,337,30.06775946726032
2024-03-10 23:00:00,0,1,1,18.200413909545137,158,1,0,71,106,51.41579106998755
2024-03-11 00:00:00,2,1,1,1.309036408231422,271,0,1,16,247,20.395443434900116
2024-03-11 01:00:00,1,1,0,7.211336877795452,397,0,0,53,262,46.87912524535452
2024-03-11 02:00:00,0,2,2,18.926606091972666,368,0,1,15,280,68.83374613611028
2024-03-11 03:00:00,1,1,2,13.426627132649909,382,1,0,71,316,60.40974994970654
2024-03-11 04:00:00,2,0,0,11.121662354382682,296,1,0,77,222,61.98650923906968
2024-03-11 05:00:00,1,2,0,4.867159640488121,86,1,1,87,133,52.52251635768536
2024-03-11 06:00:00,1,1,0,16.834120710833353,317,0,0,79,241,61.22403633855011
2024-03-11 07:00:00,2,2,0,4.8797821892627455,123,1,0,26,129,28.935125624553272
2024-03-11 08:00:00,0,1,2,5.716817098903749,164,0,0,58,107,31.804055367303526
2024-03-11 09:00:00,0,2,0,4.645171714565249,130,0,0,33,93,44.174850405354746
2024-03-11 10:00:00,2,1,0,4.004839750820917,242,1,0,86,201,22.2085773585182
2024-03-11 11:00:00,0,2,2,19.112937423597256,263,1,0,21,236,64.78983212974538
2024-03-11 12:00:00,2,2,0,12.43860032668486,64,0,1,66,91,52.10202732555245
2024-03-11 13:00:00,2,0,2,13.118905508191784,385,0,0,38,250,58.64988137735324
2024-03-11 14:00:00,2,1,2,19.132183847896886,133,1,0,97,103,56.07915458811486
2024-03-11 15:00:00,2,1,0,5.380926047385691,424,1,1,71,409,19.64797590836317
2024-03-11 16:00:00,2,2,0,1.1124332333561493,315,0,0,87,192,28.919774724103128
2024-03-11 17:00:00,2,0,1,12.378789341835532,347,1,1,36,347,70.61219794912223
2024-03-11 18:00:00,1,0,1,10.649052211259011,203,1,0,14,164,71.20881884641173
2024-03-11 19:00:00,0,1,2,10.075357170567589,354,0,0,49,234,48.881654539616335
2024-03-11 20:00:00,1,1,2,2.175724013677784,302,1,0,56,276,39.10126391392284
2024-03-11 21:00:00,2,2,1,9.634262464920903,456,0,1,18,355,47.49894290382023
2024-03-11 22:00:00,2,1,2,6.463631736723279,497,1,0,25,382,25.873811251169247
2024-03-11 23:00:00,0,1,1,6.216728867261949,322,0,1,22,298,37.55413311158186
2024-03-12 00:00:00,2,1,0,5.225250023402763,467,0,0,63,338,25.866122013702288
2024-03-12 01:00:00,2,2,0,7.318038835336844,410,1,0,24,340,41.01209009002224
2024-03-12 02:00:00,0,0,0,7.709528427724836,362,1,1,34,326,68.71704978325249
2024-03-12 03:00:00,2,0,2,6.866739750877953,391,1,0,25,296,55.27899764512874
2024-03-12 04:00:00,0,1,0,19.59630159867067,181,1,1,53,227,60.06686529810014
2024-03-12 05:00:00,0,2,2,18.721890624680256,248,0,0,56,173,67.58350768013453
2024-03-12 06:00:00,2,0,0,11.915691890972385,374,1,1,42,350,60.42142408800696
2024-03-12 07:00:00,2,1,2,19.64004192979589,400,1,1,93,345,56.60469613738909
2024-03-12 08:00:00,0,2,2,19.83276219606461,132,0,1,35,128,68.7202964914264
2024-03-12 09:00:00,2,2,1,7.762854490328747,355,0,0,49,214,47.30955698061729
2024-03-12 10:00:00,2,1,1,9.458563369055144,175,0,1,80,174,40.16299623798016
2024-03-12 11:00:00,1,2,1,19.22217376270865,263,1,1,54,282,76.70614722899154
2024-03-12 12:00:00,2,1,2,12.563897786675044,372,0,0,90,278,39.533634837046826
2024-03-12 13:00:00,0,2,1,5.045652573908178,264,1,1,52,245,34.3368300248045
2024-03-12 14:00:00,1,1,1,14.098232698393506,287,0,0,81,214,46.918191040277776
2024-03-12 15:00:00,2,1,1,4.909177458875663,137,1,1,32,184,27.101090968863844
2024-03-12 16:00:00,2,1,2,7.44779712976507,433,0,1,56,373,27.31127077746444
2024-03-12 17:00:00,2,0,2,5.323643098811679,492,0,1,53,358,53.94236777796928
2024-03-12 18:00:00,2,2,1,5.654624102743003,162,1,1,91,234,31.932587637525025
2024-03-12 19:00:00,2,2,1,1.088456049768863,154,1,1,51,193,25.88004918786868
2024-03-12 20:00:00,0,2,2,17.733467811789584,420,1,1,21,387,64.96324865199526
2024-03-12 21:00:00,2,2,2,6.623819410240082,112,0,0,45,61,37.56515961121873
2024-03-12 22:00:00,0,1,1,2.641113210933095,288,1,0,88,221,15.995711364245905
2024-03-12 23:00:00,1,2,1,2.6527607079406823,75,0,0,91,62,49.34923598126324
2024-03-13 00:00:00,1,1,1,11.564347252758091,177,1,0,98,157,52.540357352232434
2024-03-13 01:00:00,0,1,2,19.865490460144805,50,1,0,22,107,53.49004755456168
2024-03-13 02:00:00,2,2,1,3.755426878133641,143,0,0,97,94,38.51438896798032
2024-03-13 03:00:00,0,1,2,2.892813838043529,420,0,1,90,360,31.9965365576568
2024-03-13 04:00:00,0,1,0,9.327773727639723,451,1,1,74,401,39.49242203042972
2024-03-13 05:00:00,2,2,1,11.703293822975112,61,0,1,36,35,47.89349358775983
2024-03-13 06:00:00,2,2,0,6.5932268186808685,215,1,0,29,181,36.750805440883454
2024-03-13 07:00:00,1,2,2,6.747919757763462,347,1,0,27,297,48.334249423052704
2024-03-13 08:00:00,2,2,0,9.06505353513004,469,1,1,73,421,42.6758866726378
2024-03-13 09:00:00,2,2,1,6.968766687861514,321,1,1,18,304,29.05741035589942
2024-03-13 10:00:00,2,2,0,18.391300087801817,498,1,0,83,392,67.11194597802987
2024-03-13 11:00:00,2,1,0,1.7971368545219502,116,1,0,34,146,14.931502338147997
2024-03-13 12:00:00,1,1,0,5.456833037535218,216,1,1,10,262,33.20177740278577
2024-03-13 13:00:00,0,2,2,16.362503128321002,303,1,0,68,222,56.651708337819
2024-03-13 14:00:00,0,1,1,16.845204368634178,404,1,0,45,323,53.29565962908145
2024-03-13 15:00:00,2,0,2,3.1195465003198217,302,1,0,27,254,48.1658438050493
2024-03-13 16:00:00,2,0,0,19.501505550241617,295,1,1,56,274,77.04828541504158
2024-03-13 17:00:00,2,1,0,14.173742148083068,108,0,0,88,59,40.23024130150483
2024-03-13 18:00:00,2,1,2,6.179268063688317,343,0,1,42,270,22.59825794069932
2024-03-13 19:00:00,2,1,2,9.664719431474635,193,1,1,31,207,38.79539366259292
2024-03-13 20:00:00,0,1,0,6.645633771791376,258,1,0,97,189,36.19181102635892
2024-03-13 21:00:00,2,1,1,3.850422747233968,275,1,1,74,278,23.96287421882675
2024-03-13 22:00:00,0,2,2,6.532383230229388,444,1,1,20,414,37.14627566011495
2024-03-13 23:00:00,2,0,0,12.02174681230275,333,0,1,35,270,61.6191794325699
2024-03-14 00:00:00,2,2,0,16.693424201873903,140,0,1,99,180,55.92583521849913
2024-03-14 01:00:00,2,1,1,7.907052422901967,160,0,1,79,187,39.39025070208958
2024-03-14 02:00:00,1,1,0,7.610129270408993,289,1,1,72,286,45.7083736036474
2024-03-14 03:00:00,1,2,2,9.89201332054513,399,0,0,87,274,56.96031922081757
2024-03-14 04:00:00,1,0,0,13.24655639932258,382,0,0,97,292,90.27595709194972
2024-03-14 05:00:00,2,0,0,15.280708986213876,129,0,0,47,76,74.45101158692327
2024-03-14 06:00:00,2,0,0,7.209190591190003,435,0,1,58,359,58.46690827358586
2024-03-14 07:00:00,0,2,0,12.14069688867764,453,0,0,26,335,60.822148045910296
2024-03-14 08:00:00,2,2,1,8.397855984336767,253,1,0,66,206,46.68686592136287
2024-03-14 09:00:00,1,1,2,14.611597156904333,287,0,1,23,249,56.86505530304864
2024-03-14 10:00:00,2,2,0,4.128823489823396,377,0,1,92,288,32.382831955926434
2024-03-14 11:00:00,2,1,2,5.8815724359746255,343,0,0,17,217,28.687289657690368
2024-03-14 12:00:00,2,2,1,9.095147977012246,233,1,0,65,233,43.73158908136783
2024-03-14 13:00:00,2,2,2,17.898881008505985,261,0,0,32,190,51.71678544766968
2024-03-14 14:00:00,0,1,1,11.893189997663114,300,0,1,53,273,36.77601395793807
2024-03-14 15:00:00,2,1,2,19.34252626064682,276,1,0,75,241,53.56926115629565
2024-03-14 16:00:00,2,1,2,2.962276020340593,216,1,0,12,193,12.144429455739754
2024-03-14 17:00:00,2,1,0,9.743332859367762,80,0,1,62,95,27.955123717024914
2024-03-14 18:00:00,2,1,2,8.9624920708623,385,0,1,22,354,30.49697911245016
2024-03-14 19:00:00,0,1,0,12.4039173517134,200,0,1,78,164,45.17766259649712
2024-03-14 20:00:00,1,1,0,16.42732756544399,211,1,0,91,163,65.91946811903398
2024-03-14 21:00:00,1,1,2,16.987512486078145,145,1,1,10,178,68.4733537799555
2024-03-14 22:00:00,0,0,0,13.733697565404658,322,0,1,30,283,73.943886178246
2024-03-14 23:00:00,2,1,2,13.18919092066552,412,0,1,92,341,46.29948960867369
2024-03-15 00:00:00,0,1,0,19.031561298851344,73,0,1,65,84,54.27569791196445
2024-03-15 01:00:00,2,2,0,8.290060631130068,468,0,1,11,370,36.59261562548026
2024-03-15 02:00:00,2,0,1,16.82288296958128,167,0,0,93,107,72.71880575663494
2024-03-15 03:00:00,1,2,1,18.50857081475359,456,0,0,40,323,80.31310839659253
2024-03-15 04:00:00,2,1,2,10.33924564103874,441,0,0,22,299,39.75745708856467
2024-03-15 05:00:00,1,2,0,14.852948993462704,487,0,0,23,374,75.90274545433219
2024-03-15 06:00:00,2,2,1,8.163377276747216,136,1,0,85,129,44.06111269011178
2024-03-15 07:00:00,0,2,1,4.018701269712677,454,0,1,66,362,47.79312659960772
2024-03-15 08:00:00,0,2,1,12.14357374797608,324,0,0,22,240,58.16451025770228
2024-03-15 09:00:00,1,0,0,4.732961366141106,464,1,1,97,425,64.14276072373164
2024-03-15 10:00:00,0,0,2,9.694383485273512,99,1,0,23,132,69.3436911138742
2024-03-15 11:00:00,0,2,0,17.58470695323833,376,1,0,36,322,72.95291156582324
2024-03-15 12:00:00,2,2,0,2.63434556370993,161,0,0,79,108,23.123059886376424
2024-03-15 13:00:00,0,2,1,1.5781421776283433,329,0,1,69,303,31.031321100170217
2024-03-15 14:00:00,2,0,0,12.523079100255863,351,0,0,79,237,60.04466788973801
2024-03-15 15:00:00,0,1,0,7.290165205303007,185,1,1,24,197,33.85059958925202
2024-03-15 16:00:00,0,0,1,8.94081643159239,382,0,0,65,266,60.19249251004339
2024-03-15 17:00:00,0,1,1,8.7085011845083,52,0,1,97,94,39.99696938955131
2024-03-15 18:00:00,2,2,0,2.645784351181708,211,0,0,71,152,36.65267255721115
2024-03-15 19:00:00,2,0,1,1.0677622209122966,126,0,1,22,147,48.46120340570044
2024-03-15 20:00:00,0,1,2,18.070041614421022,234,1,1,16,238,60.49868878291601
2024-03-15 21:00:00,2,2,2,5.138172657171181,423,0,0,30,308,36.876285931996826
2024-03-15 22:00:00,2,1,2,9.095500845421478,107,0,0,23,102,28.6261565475858
2024-03-15 23:00:00,2,1,2,19.466590136750494,212,0,0,12,132,59.90679733006911
2024-03-16 00:00:00,1,1,2,16.70848905768939,70,0,0,72,66,70.05519524332163
2024-03-16 01:00:00,0,1,1,3.0506862499913416,114,1,0,52,127,9.79635500348995
2024-03-16 02:00:00,2,1,1,10.661861600639128,115,0,1,21,144,47.0142364608402
2024-03-16 03:00:00,2,0,2,14.871501503405304,490,1,0,64,367,62.23660761187122
2024-03-16 04:00:00,2,0,2,14.269462914985036,347,0,0,94,245,64.3688033090992
2024-03-16 05:00:00,0,1,2,15.455995195684936,348,0,0,68,244,54.0592096628194
2024-03-16 06:00:00,0,2,1,9.69163844287267,331,1,0,29,271,43.962650961593
2024-03-16 07:00:00,2,1,1,4.342535657275359,459,1,1,78,415,23.60915725986504
2024-03-16 08:00:00,2,1,0,9.83257643446808,441,0,1,54,369,29.11083301967637
2024-03-16 09:00:00,2,1,0,13.309857734292548,224,1,1,64,275,45.0710396680239
2024-03-16 10:00:00,0,0,0,12.56324964549819,214,0,1,68,220,69.00533093207872
2024-03-16 11:00:00,0,0,0,2.3399190219835413,131,0,1,84,160,47.52352772944018
2024-03-16 12:00:00,2,1,1,2.2340962475616437,195,1,1,69,253,23.107169947959346
2024-03-16 13:00:00,2,1,1,19.339898791949025,253,0,1,70,231,51.67377003064382
2024-03-16 14:00:00,2,1,1,3.88430364575565,213,0,1,51,181,27.88456325409144
2024-03-16 15:00:00,1,2,1,6.594786816222717,153,1,0,53,150,49.672923219986416
2024-03-16 16:00:00,2,2,2,15.585055160967144,179,1,0,15,174,51.86423421323994
2024-03-16 17:00:00,0,1,0,8.783864440640324,133,0,0,78,109,38.38823623220724
2024-03-16 18:00:00,0,2,1,4.4478322119406215,169,0,1,31,179,40.86785225109696
2024-03-16 19:00:00,2,1,1,9.877415263885847,308,0,1,74,262,34.34136258108402
2024-03-16 20:00:00,2,0,0,11.810049444503951,153,1,0,93,171,61.03723431962054
2024-03-16 21:00:00,2,2,1,9.602565576283435,413,0,0,97,295,38.9838361401055
2024-03-16 22:00:00,0,2,2,18.459975433970072,83,0,0,29,53,67.78506889111958
2024-03-16 23:00:00,0,2,1,6.409286606890582,431,1,1,56,356,43.55528942321821
2024-03-17 00:00:00,0,0,0,13.565311053293748,418,0,1,57,351,70.9362551516498
2024-03-17 01:00:00,0,1,2,3.1335997067880568,415,1,1,33,357,34.808103287411384
2024-03-17 02:00:00,2,1,2,8.453423695616504,223,1,1,81,226,28.48275383069946
2024-03-17 03:00:00,1,0,0,15.0788717801145,495,0,1,95,405,95.36015357519751
2024-03-17 04:00:00,0,1,0,5.271521871199844,375,1,0,48,312,29.10889068197743
2024-03-17 05:00:00,2,1,2,12.20564986743384,281,0,1,64,224,44.95856699135706
2024-03-17 06:00:00,1,2,1,3.915303554972146,234,0,1,64,205,49.51377773695951
2024-03-17 07:00:00,0,0,0,2.9513321358660507,443,1,1,79,398,57.1460063059381
2024-03-17 08:00:00,0,2,2,10.94142222957581,393,1,1,72,381,62.520901365077
2024-03-17 09:00:00,0,0,0,13.825208925634543,67,1,0,86,75,74.09422932959724
2024-03-17 10:00:00,1,2,1,3.153974258455185,466,0,1,28,391,42.29759850891271
2024-03-17 11:00:00,0,1,1,18.437748795085387,280,0,0,67,178,49.14464863005205
2024-03-17 12:00:00,2,2,2,5.28967299125187,184,1,0,35,143,33.25744528931034
2024-03-17 13:00:00,2,2,1,3.2795308550267004,94,0,0,90,87,37.663867904959936
2024-03-17 14:00:00,1,1,1,4.851279258654,161,1,1,97,231,46.22785281240523
2024-03-17 15:00:00,2,1,1,4.221876674104997,462,0,0,56,346,29.571898656583507
2024-03-17 16:00:00,2,1,0,2.72281836164603,132,0,0,23,106,19.63412379062765
2024-03-17 17:00:00,2,2,2,16.158945460795444,471,0,1,12,381,62.64478206876463
2024-03-17 18:00:00,2,0,2,10.41521772013811,88,0,0,78,72,63.48329043222308
2024-03-17 19:00:00,0,2,2,8.381869367194973,303,1,1,23,312,42.68996642779129
2024-03-17 20:00:00,1,0,1,19.06193061269853,458,0,0,17,356,91.07511498934252
2024-03-17 21:00:00,2,1,0,8.049159354231024,194,1,0,98,161,40.36482456802788
2024-03-17 22:00:00,2,0,2,4.172481794896598,366,0,1,24,294,41.24214218956859
2024-03-17 23:00:00,2,0,0,6.206814946605329,100,0,1,54,102,57.66374905272707
2024-03-18 00:00:00,1,1,2,5.540364138183332,342,1,1,54,356,35.92750266825446
2024-03-18 01:00:00,0,0,1,10.476084311702792,116,0,1,12,131,66.66393706339849
2024-03-18 02:00:00,2,1,2,6.538597355136905,73,1,0,20,76,36.2324187196399
2024-03-18 03:00:00,1,0,2,10.805162271540874,171,0,0,18,81,79.10125976563168
2024-03-18 04:00:00,1,0,1,13.71657507398899,98,0,0,13,52,82.32084525572587
2024-03-18 05:00:00,1,2,1,15.7686769285519,198,0,1,88,193,70.58262892501062
2024-03-18 06:00:00,1,2,2,14.492997844077388,234,1,1,59,219,75.82183270826127
2024-03-18 07:00:00,2,1,0,4.906223612670859,299,0,1,89,241,28.58090287471468
2024-03-18 08:00:00,0,2,1,3.202094665612321,474,1,0,15,372,42.28325339429008
2024-03-18 09:00:00,2,1,2,11.306553022923769,194,0,0,53,131,42.79072986955774
2024-03-18 10:00:00,1,2,1,4.779324032954758,292,1,1,14,270,54.1139935939609
2024-03-18 11:00:00,0,2,0,2.613740713658752,414,1,0,66,313,36.80014766277062
2024-03-18 12:00:00,0,0,2,11.014792516608926,407,1,1,97,369,63.66330020853528
2024-03-18 13:00:00,0,1,2,7.209089517048113,198,1,1,58,235,36.8937262247804
2024-03-18 14:00:00,2,0,0,15.366831226831572,117,0,1,92,143,69.53598935139019
2024-03-18 15:00:00,0,0,0,6.969640980419943,273,1,0,85,228,50.76010786773036
2024-03-18 16:00:00,1,2,2,19.595625604060466,259,1,0,78,247,87.36709774021804
2024-03-18 17:00:00,1,1,0,15.411940633953456,241,0,0,37,158,55.547414328592886
2024-03-18 18:00:00,2,1,0,2.0961712082883803,349,1,1,48,313,17.35432134993235
2024-03-18 19:00:00,2,1,2,10.668582066769249,173,0,0,43,84,31.750464691373576
2024-03-18 20:00:00,2,2,1,11.689789523068097,333,0,0,71,245,44.34180931921007
2024-03-18 21:00:00,0,2,0,14.210751502950355,341,0,1,21,286,53.38919627574731
2024-03-18 22:00:00,1,0,1,10.458139143641407,470,0,0,96,299,73.67563496530465
2024-03-18 23:00:00,2,1,1,10.18542836987689,432,1,0,78,347,36.49693416475003
2024-03-19 00:00:00,0,1,1,7.990833621874643,349,0,1,63,311,37.484933673860176
2024-03-19 01:00:00,1,2,0,6.1577662940843005,99,1,0,89,114,56.443975234770505
2024-03-19 02:00:00,0,0,2,18.977804027557955,418,0,0,82,279,80.86992996325357
2024-03-19 03:00:00,0,0,2,7.034336723053067,232,1,1,46,229,46.11855953112571
2024-03-19 04:00:00,0,0,2,2.205005167026283,296,0,0,42,212,54.75792662274569
2024-03-19 05:00:00,0,2,2,4.178410046574832,137,1,0,58,136,42.95002762581019
2024-03-19 06:00:00,2,2,2,17.288256084784503,187,0,1,10,229,56.45287062273441
2024-03-19 07:00:00,0,0,2,12.146035723344294,87,1,0,56,81,73.31923332867261
2024-03-19 08:00:00,0,2,1,15.796830438164248,98,1,0,46,116,62.68670866371784
2024-03-19 09:00:00,1,1,1,16.366849376654194,121,1,0,18,113,63.91687541195244
2024-03-19 10:00:00,0,1,1,16.64149234501039,307,0,0,27,201,55.033899185635086
2024-03-19 11:00:00,0,1,0,11.461660447147564,93,1,0,94,83,37.92183940831583
2024-03-19 12:00:00,2,2,0,4.365291318282993,340,1,0,53,298,30.61790955958817
2024-03-19 13:00:00,2,1,0,3.816422292486693,165,1,1,87,225,24.676010995630214
2024-03-19 14:00:00,2,1,2,11.905703987127136,198,0,1,79,205,38.512516185928405
2024-03-19 15:00:00,2,1,1,7.963772720027852,362,0,0,72,244,30.78772355674725
2024-03-19 16:00:00,0,2,0,11.60291658366958,396,1,0,12,327,58.40101546951813
2024-03-19 17:00:00,1,1,1,10.471079040519433,328,1,0,27,294,37.81500544806298
2024-03-19 18:00:00,2,2,2,12.44176351425342,337,1,1,46,280,55.76791265425418
2024-03-19 19:00:00,2,1,1,1.6101240239947414,267,1,0,29,237,18.67296401402545
2024-03-19 20:00:00,1,1,2,1.6238969319723435,120,1,1,45,192,33.00897702711612
2024-03-19 21:00:00,2,2,0,14.710308246121668,210,0,0,89,160,56.107510538811496
2024-03-19 22:00:00,0,1,2,4.669417632631677,322,0,1,13,258,27.35263233294321
2024-03-19 23:00:00,0,1,2,13.39177078164907,176,0,0,87,105,41.3558467907144
2024-03-20 00:00:00,0,1,1,11.384942305037637,219,0,1,26,209,46.02097124667927
2024-03-20 01:00:00,2,0,2,19.65409495668785,66,0,0,66,47,87.55088827930729
2024-03-20 02:00:00,2,2,0,16.872711698778183,353,0,1,58,314,64.24362518927877
2024-03-20 03:00:00,0,1,0,8.849555905295638,288,1,0,62,258,43.0709743038456
2024-03-20 04:00:00,0,1,2,12.711843581770134,225,0,0,19,147,37.70152681775645
2024-03-20 05:00:00,2,0,1,3.228499687283968,259,1,0,38,190,50.5446220053648
2024-03-20 06:00:00,0,2,0,8.34133481628524,106,0,0,85,48,44.29149607088321
2024-03-20 07:00:00,2,2,0,14.943867080707612,408,1,1,18,355,51.9184796418257
2024-03-20 08:00:00,0,2,2,12.83076009844442,238,1,0,99,196,55.40272878201933
2024-03-20 09:00:00,2,2,2,10.2049551631698,93,1,1,30,160,52.37114753435765
2024-03-20 10:00:00,1,2,0,4.354052977000713,456,1,1,10,403,44.17342114492054
2024-03-20 11:00:00,2,2,2,16.25977259699335,171,0,1,45,146,55.66626514928373
2024-03-20 12:00:00,2,2,2,6.190165483819961,358,0,0,92,262,30.43171912888676
2024-03-20 13:00:00,2,1,0,16.589102551576282,82,1,0,15,91,39.09789611737
2024-03-20 14:00:00,2,0,1,12.620572193104875,361,1,1,27,329,63.42810124590464
2024-03-20 15:00:00,1,2,1,8.081897131026961,77,1,0,81,78,61.66746090605502
2024-03-20 16:00:00,1,1,0,1.7714992172398385,200,1,1,20,235,39.5149791055272
2024-03-20 17:00:00,2,0,2,5.415958042543161,112,0,1,78,123,51.86766613917561
2024-03-20 18:00:00,2,0,0,17.892347584275115,56,0,1,30,77,76.0192692206283
2024-03-20 19:00:00,0,0,0,16.54151253401863,160,1,1,94,179,74.87120709871544
2024-03-20 20:00:00,1,0,2,11.92221294574786,179,1,1,93,203,70.63638311450245
2024-03-20 21:00:00,0,0,1,9.860126815280411,498,1,0,18,393,57.72646617324588
2024-03-20 22:00:00,2,1,1,13.295710907272074,181,1,1,11,228,48.03996501416727
2024-03-20 23:00:00,2,0,2,9.85871442902273,57,1,0,13,97,52.83522639722071
2024-03-21 00:00:00,0,0,0,13.241791973663666,431,1,1,99,378,62.71091766665588
2024-03-21 01:00:00,2,1,2,6.840677893543001,354,0,0,21,218,24.60293315391468
2024-03-21 02:00:00,0,1,0,16.931447140318028,78,1,1,92,155,43.95115854121722
2024-03-21 03:00:00,2,0,2,14.336439975840069,387,1,0,92,313,73.85262752107897
2024-03-21 04:00:00,0,1,2,7.269536940126144,360,1,0,92,264,34.12480887747813
2024-03-21 05:00:00,2,0,1,16.782656181645383,470,1,0,48,383,71.22512241883994
2024-03-21 06:00:00,0,1,1,10.2595080862104,400,1,1,69,313,42.44230748101986
2024-03-21 07:00:00,2,1,2,4.318138430011768,55,1,1,43,108,27.37206768485519
2024-03-21 08:00:00,0,2,2,2.4765367780670067,457,1,1,68,442,35.199559575436524
2024-03-21 09:00:00,2,1,1,14.292509205107187,161,0,0,81,168,43.52451785160967
2024-03-21 10:00:00,0,2,0,17.437295279952203,154,1,0,15,165,58.28394246482031
2024-03-21 11:00:00,0,2,1,16.34139778329633,256,0,0,41,172,59.25764804864922
2024-03-21 12:00:00,0,1,0,13.457369574220886,89,1,1,37,159,50.27786651888776
2024-03-21 13:00:00,0,1,1,3.686126056490593,317,0,1,84,231,27.17228560781849
2024-03-21 14:00:00,0,1,1,2.786837443556417,369,0,1,50,299,31.7226624849561
2024-03-21 15:00:00,1,1,0,7.555562837222782,95,0,1,81,84,49.48394170731664
2024-03-21 16:00:00,2,2,2,17.243306917576607,290,0,1,93,275,49.44152947133904
2024-03-21 17:00:00,1,2,1,19.27298913582662,319,1,1,97,328,80.74412441350961
2024-03-21 18:00:00,2,1,1,5.585856242094354,204,0,1,36,205,26.04115228152736
2024-03-21 19:00:00,2,2,1,15.47981774105268,165,1,1,62,221,46.41038802631623
2024-03-21 20:00:00,2,1,2,11.903515121236907,86,1,1,20,139,28.409470483544148
2024-03-21 21:00:00,2,1,1,1.604339974480912,254,1,0,96,217,14.554959325844214
2024-03-21 22:00:00,0,1,2,11.315410648725855,298,1,0,31,235,40.549698656997
2024-03-21 23:00:00,0,0,1,16.31286765679775,159,0,1,14,162,81.36591474896024
2024-03-22 00:00:00,0,0,0,6.246332883536503,367,1,1,43,344,51.95478710033403
2024-03-22 01:00:00,0,0,1,18.04987085543876,372,0,0,71,267,89.44488173688443
2024-03-22 02:00:00,2,1,1,5.488947730618101,129,0,1,40,118,29.223080378738207
2024-03-22 03:00:00,2,1,2,2.452989520237032,125,1,0,56,127,19.071266721704895
2024-03-22 04:00:00,2,2,2,4.038846879351716,319,1,0,46,263,34.8907133102625
2024-03-22 05:00:00,2,2,2,16.903054505697447,147,0,0,35,106,68.17567006581928
2024-03-22 06:00:00,2,0,0,8.928812461751038,472,0,0,96,311,56.65190948980633
2024-03-22 07:00:00,2,1,0,16.141965708811497,438,0,1,52,344,46.20140828956058
2024-03-22 08:00:00,0,1,2,11.093428158802308,125,1,1,70,160,44.63985126153033
2024-03-22 09:00:00,0,2,0,10.130623371094195,331,0,1,47,320,44.34111867731464
2024-03-22 10:00:00,1,0,2,16.33134987835684,130,1,1,41,204,87.3887067583095
2024-03-22 11:00:00,1,0,0,9.046264622535142,413,0,1,78,337,69.70407393829811
2024-03-22 12:00:00,0,2,2,16.238621890260998,358,0,1,71,309,66.64096189370309
2024-03-22 13:00:00,2,0,2,2.9125811343054666,112,1,1,34,199,45.42403912316248
2024-03-22 14:00:00,0,2,0,13.089905495245873,316,0,0,42,253,60.21794884221893
2024-03-22 15:00:00,0,0,1,14.34915407448771,82,1,0,73,105,72.37385919114443
2024-03-22 16:00:00,2,0,2,18.08285052669311,346,0,0,80,225,68.7758407585853
2024-03-22 17:00:00,2,0,2,5.262154455607704,89,1,1,25,176,58.26245391273705
2024-03-22 18:00:00,1,1,1,12.48017772176418,223,1,0,58,200,50.424029258009895
2024-03-22 19:00:00,2,1,2,9.231874710095235,309,1,1,24,299,33.760924687778854
2024-03-22 20:00:00,0,2,2,8.272661455336552,273,0,1,29,254,47.959243006188274
2024-03-22 21:00:00,0,2,0,3.027557549027192,272,1,1,31,267,40.24449017578593
2024-03-22 22:00:00,2,0,1,3.550433281303903,316,1,0,19,230,54.44394385079075
2024-03-22 23:00:00,2,1,2,16.902780767505277,204,0,0,81,168,47.090846702868056
2024-03-23 00:00:00,2,1,2,15.24531521418568,313,1,1,64,318,40.73997095194319
2024-03-23 01:00:00,2,2,1,8.26448147553091,198,1,0,37,195,29.899072490946068
2024-03-23 02:00:00,2,1,1,16.741245046402987,274,0,0,18,154,47.51202154256397
2024-03-23 03:00:00,1,1,0,2.5345575116479906,432,0,0,40,310,23.188745512538997
2024-03-23 04:00:00,2,1,0,12.870704423630205,176,1,0,96,169,35.33424538507496
2024-03-23 05:00:00,0,2,0,17.49534500157148,54,0,1,92,80,64.35164925956187
2024-03-23 06:00:00,2,1,2,16.938420389593738,495,0,1,83,389,56.0114098373525
2024-03-23 07:00:00,1,0,1,8.082872438895336,337,1,0,93,265,70.0098527121011
2024-03-23 08:00:00,2,2,0,15.159443208082791,394,0,1,66,357,58.9941390191356
2024-03-23 09:00:00,2,0,1,9.121894764877672,107,0,1,40,141,58.250483161302384
2024-03-23 10:00:00,1,2,2,16.96262512340904,121,1,1,84,169,73.60743693703945
2024-03-23 11:00:00,1,1,2,11.084477052945438,204,0,1,52,179,56.901692050434974
2024-03-23 12:00:00,2,1,1,15.532283932995782,331,1,1,83,321,47.259837597922015
2024-03-23 13:00:00,1,1,1,2.4928600635417624,217,1,1,18,241,32.54754392123733
2024-03-23 14:00:00,2,2,0,12.210493460568394,78,0,0,51,33,55.394172684070654
2024-03-23 15:00:00,2,1,1,11.455399371917435,131,1,1,83,203,34.90838261453346
2024-03-23 16:00:00,2,1,0,12.589557712968045,312,0,1,59,263,34.742858509835095
2024-03-23 17:00:00,2,2,1,14.217190550396213,155,1,0,46,149,47.29990606434741
2024-03-23 18:00:00,0,1,1,18.444070430648697,326,1,0,80,284,54.725839022628094
2024-03-23 19:00:00,2,1,1,15.92795955374459,401,0,0,93,312,47.04852995328853
2024-03-23 20:00:00,2,2,2,5.1731218372631895,59,0,1,93,93,36.72926744547051
2024-03-23 21:00:00,0,0,2,16.692029116549826,111,1,0,81,89,77.0839612208195
2024-03-23 22:00:00,0,1,2,3.319513874686817,273,1,1,26,292,24.75606731449125
2024-03-23 23:00:00,2,1,0,12.821773127826322,185,1,1,98,222,41.96535733314259
2024-03-24 00:00:00,0,0,0,17.77232235667292,273,0,1,86,230,85.55466251676096
2024-03-24 01:00:00,2,1,2,2.921319030083175,163,0,0,86,121,4.685664227609614
2024-03-24 02:00:00,0,0,2,17.14416041289495,309,0,1,57,253,69.3885892710561
2024-03-24 03:00:00,0,1,1,16.173793950374666,206,1,0,11,153,56.90070735995892
2024-03-24 04:00:00,1,0,1,10.571733242942344,445,0,1,51,364,73.94825026203287
2024-03-24 05:00:00,2,1,0,6.8690544436126775,278,0,1,72,225,32.715645130255325
2024-03-24 06:00:00,2,0,0,8.703326333359332,149,0,0,20,98,50.419613506446325
2024-03-24 07:00:00,2,1,1,19.404504578304024,304,1,1,93,314,53.4719053987556
2024-03-24 08:00:00,2,2,0,4.832253566885081,228,0,1,65,167,27.975572166947902
2024-03-24 09:00:00,2,1,2,12.01248146876801,324,1,1,82,309,40.63409947139318
2024-03-24 10:00:00,1,1,1,2.581574209694993,278,0,1,54,225,33.292122369152864
2024-03-24 11:00:00,2,2,1,5.139968219594272,416,0,0,54,261,27.558578801314138
2024-03-24 12:00:00,2,2,0,15.503011373415893,80,0,1,38,106,58.71463813690531
2024-03-24 13:00:00,0,0,1,6.749381766850017,157,0,0,43,99,61.00678903371346
2024-03-24 14:00:00,2,2,1,19.72955534069196,331,1,1,78,333,62.7847936386518
2024-03-24 15:00:00,0,0,2,10.51552381878296,158,1,1,99,208,63.15934823392381
2024-03-24 16:00:00,2,2,1,10.814247180847111,439,1,0,29,358,51.13133361295185
2024-03-24 17:00:00,2,0,1,1.68998004737897,78,0,0,81,16,44.94266268494695
2024-03-24 18:00:00,2,0,1,19.174008241968053,66,1,1,79,138,78.04358061567578
2024-03-24 19:00:00,2,1,1,4.310435376803941,453,1,0,27,360,17.37288440687371
2024-03-24 20:00:00,1,0,2,11.22847137739841,219,1,0,81,168,87.17664587610827
2024-03-24 21:00:00,2,0,1,8.5178175892159,415,1,1,69,377,56.58942241183016
2024-03-24 22:00:00,0,1,2,8.896109314147509,224,0,1,64,211,46.05622248781076
2024-03-24 23:00:00,2,2,2,13.22270315468606,123,0,0,61,86,48.47190500537948
2024-03-25 00:00:00,2,1,2,13.579684864757072,289,1,0,34,254,40.05681486031524
2024-03-25 01:00:00,1,0,0,3.93148368230384,145,1,0,75,150,60.11308559646392
2024-03-25 02:00:00,2,1,0,10.492146409315952,51,0,0,37,48,36.74610503616126
2024-03-25 03:00:00,0,1,1,16.019071533695282,251,1,1,98,238,51.8600763206864
2024-03-25 04:00:00,1,2,2,9.42244318749236,86,1,1,29,135,62.13839779956786
2024-03-25 05:00:00,0,2,0,4.150284945705023,140,1,1,79,179,37.10198375448282
2024-03-25 06:00:00,1,0,1,6.951121919977123,282,0,1,46,243,70.65656988043008
2024-03-25 07:00:00,2,0,0,5.035211717996334,196,0,1,25,154,52.641333895224285
2024-03-25 08:00:00,2,2,2,3.390531890381904,346,0,1,44,288,24.45207608062374
2024-03-25 09:00:00,2,1,1,8.17404142127172,449,1,0,64,368,25.74386625620596
2024-03-25 10:00:00,0,2,2,11.277788620763427,302,1,0,74,223,46.25611790182079
2024-03-25 11:00:00,1,2,2,2.382278980256004,420,1,1,87,353,48.05504083471832
2024-03-25 12:00:00,2,2,0,12.472644072335484,261,1,1,23,296,55.52374065853295
2024-03-25 13:00:00,0,1,1,19.867464363222545,493,0,1,33,402,57.265829534609615
2024-03-25 14:00:00,2,2,1,19.31837370838159,490,0,0,92,381,66.37929283948739
2024-03-25 15:00:00,0,1,1,16.75429615798402,113,0,0,47,81,51.090653665555024
2024-03-25 16:00:00,2,2,0,6.060481143245657,54,0,0,91,35,40.36911337922334
2024-03-25 17:00:00,1,2,1,1.4257443331079789,195,0,0,18,121,57.45800712913706
2024-03-25 18:00:00,0,0,0,16.83729235477417,121,1,0,86,171,86.45242064941257
2024-03-25 19:00:00,2,2,1,2.0586844075955515,446,0,1,68,385,35.84193037574954
2024-03-25 20:00:00,2,1,0,4.906933547944638,154,1,1,60,207,33.7674480004829
2024-03-25 21:00:00,2,0,1,11.344611093488902,379,1,1,60,360,65.28219879024158
2024-03-25 22:00:00,2,2,0,4.389182743729228,85,1,0,28,76,39.39169530922511
2024-03-25 23:00:00,2,1,2,16.8419782946742,196,0,0,71,137,46.11897730391265
2024-03-26 00:00:00,1,2,2,15.766034228936752,464,0,0,19,302,75.14784417925019
2024-03-26 01:00:00,0,1,2,15.359620609007743,305,0,0,47,207,46.01615619394149
2024-03-26 02:00:00,0,0,1,16.506424702053955,277,0,0,12,195,85.69316943873454
2024-03-26 03:00:00,2,2,0,5.174333825027629,398,1,1,57,372,30.832447266309188
2024-03-26 04:00:00,1,2,2,14.848955146845237,414,0,1,50,319,69.23963111899087
2024-03-26 05:00:00,0,1,1,7.75034854924353,328,1,0,26,279,33.54748571501763
2024-03-26 06:00:00,2,1,0,13.670050431799591,465,1,1,96,413,42.73450374356354
2024-03-26 07:00:00,0,0,2,3.318412843992321,162,1,0,82,168,54.14352791323002
2024-03-26 08:00:00,0,0,2,14.406145021225782,60,0,0,78,53,65.54817029905098
2024-03-26 09:00:00,2,1,1,19.47004683011481,243,1,0,92,234,53.91766062852109
2024-03-26 10:00:00,2,1,0,1.8284069410556087,273,0,0,24,175,25.252610027343813
2024-03-26 11:00:00,2,1,1,2.7827491221746103,299,0,0,65,248,20.391953530691637
2024-03-26 12:00:00,2,2,2,3.349098579422264,438,1,1,85,374,35.52579839923827
2024-03-26 13:00:00,1,2,1,9.180714193884723,298,1,1,87,291,48.83023924824396
2024-03-26 14:00:00,1,2,1,6.52482351372802,400,0,1,24,333,48.30050731279001
2024-03-26 15:00:00,0,2,2,16.331482917273178,318,0,1,14,283,70.9780373599728
2024-03-26 16:00:00,2,0,2,10.00195754481827,391,1,0,53,307,56.16701710977407
2024-03-26 17:00:00,2,2,0,10.206209511082497,497,0,1,12,396,42.995493966459456
2024-03-26 18:00:00,0,1,0,14.62372392518172,340,0,0,56,277,48.0263568302957
2024-03-26 19:00:00,0,2,2,7.877410668179168,132,0,0,39,79,43.873862942276986
2024-03-26 20:00:00,2,0,2,7.710937700988806,78,0,0,21,34,40.31817809805191
2024-03-26 21:00:00,0,2,0,15.381601364922128,456,1,1,24,383,64.52067385464248
2024-03-26 22:00:00,1,2,1,15.820793170898533,388,0,0,47,259,73.74190203371766
2024-03-26 23:00:00,2,2,2,1.273576678123571,129,1,1,37,113,31.884124064551614
2024-03-27 00:00:00,2,0,2,3.732019040973927,144,0,0,58,100,48.86874613515302
2024-03-27 01:00:00,0,2,1,5.048865441821116,449,0,0,96,348,36.95395017313123
2024-03-27 02:00:00,2,1,0,7.68040890639965,459,0,0,56,320,32.330301984480364
2024-03-27 03:00:00,2,0,0,6.537513585207108,308,0,1,88,289,49.950412246101216
2024-03-27 04:00:00,2,0,1,13.701880919377253,171,0,0,84,111,69.52552380314037
2024-03-27 05:00:00,2,1,2,16.734569442256205,173,1,1,21,246,54.16531502922236
2024-03-27 06:00:00,0,2,1,4.649652664764459,72,0,1,63,108,44.2464061516651
2024-03-27 07:00:00,0,2,2,11.69662115143702,490,0,0,92,342,52.12152443535838
2024-03-27 08:00:00,2,1,0,7.988508770539684,442,0,0,41,289,24.404889922083512
2024-03-27 09:00:00,1,0,2,10.609779625875175,484,1,1,10,432,77.7707373839544
2024-03-27 10:00:00,1,2,2,12.794398993884483,265,0,1,25,271,65.99363452961126
2024-03-27 11:00:00,1,0,2,17.97839655495821,338,1,0,20,238,87.68570910436469
2024-03-27 12:00:00,2,1,2,4.653560688718334,141,0,1,64,146,29.793361359591504
2024-03-27 13:00:00,2,2,2,2.6531251540651466,73,1,0,45,83,31.32498321855885
2024-03-27 14:00:00,1,1,0,12.917026461861695,156,1,0,39,121,59.49950637594279
2024-03-27 15:00:00,0,2,1,8.488486126679904,355,1,0,77,273,34.77083916896768
2024-03-27 16:00:00,2,2,0,4.095151172566783,101,1,0,65,127,21.77517540733886
2024-03-27 17:00:00,2,2,2,3.224656179742049,248,0,0,69,162,34.688424745765474
2024-03-27 18:00:00,2,1,1,11.619285950606567,343,1,1,98,352,41.57882324911663
2024-03-27 19:00:00,1,1,2,6.708941296035716,349,0,0,26,237,38.85004396019272
2024-03-27 20:00:00,0,1,0,19.95110121213358,394,1,1,42,364,65.62629342511691
2024-03-27 21:00:00,2,1,0,8.712115567283565,431,1,0,39,359,38.37151668312013
2024-03-27 22:00:00,2,2,2,5.033445566538471,105,1,0,22,110,34.59814090422534
2024-03-27 23:00:00,0,2,2,12.948131857228278,243,1,1,21,265,60.3272949124443
2024-03-28 00:00:00,1,2,1,5.640842904119631,94,1,1,41,145,55.05959100206296
2024-03-28 01:00:00,2,2,1,10.387634821392062,485,0,1,96,383,51.595154282816885
2024-03-28 02:00:00,0,1,2,10.16894749069914,434,1,0,43,359,41.256173299799705
2024-03-28 03:00:00,1,1,1,9.617594964599007,392,0,1,92,309,51.59868109601406
2024-03-28 04:00:00,2,1,2,16.125628229121922,288,1,1,21,269,50.08014255860842
2024-03-28 05:00:00,0,0,2,5.115647027857494,421,1,1,13,378,51.52763229126512
2024-03-28 06:00:00,2,2,2,18.18183879633893,281,1,1,98,286,54.84070421772199
2024-03-28 07:00:00,0,1,0,16.035469561057152,369,1,1,35,328,48.28977857894257
2024-03-28 08:00:00,0,1,2,7.329324920623152,288,0,0,91,230,38.69981703891549
2024-03-28 09:00:00,0,0,2,4.431447619322632,441,1,1,73,402,51.10505738227337
2024-03-28 10:00:00,0,2,2,6.3111654656280844,476,0,0,39,316,34.52428735805227
2024-03-28 11:00:00,2,2,1,7.320088691272488,185,0,0,43,139,27.283603187947143
2024-03-28 12:00:00,1,2,2,11.581730207333887,334,0,1,42,302,63.13750089081223
2024-03-28 13:00:00,0,1,0,1.8809952074593528,62,0,1,40,71,28.91532305658317
2024-03-28 14:00:00,2,0,0,18.37282346718901,434,0,0,65,313,73.05811869391272
2024-03-28 15:00:00,0,2,2,2.8748222765611087,78,0,0,71,44,35.02588324807701
2024-03-28 16:00:00,0,1,2,6.306194487900662,227,1,1,40,258,29.03746310530768
2024-03-28 17:00:00,2,0,2,3.076461321106365,342,0,0,86,280,44.15032847577864
2024-03-28 18:00:00,1,2,0,5.876783703987543,306,0,0,33,199,49.40239298028816
2024-03-28 19:00:00,1,1,1,16.91580255356736,157,0,0,78,115,58.93626191082359
2024-03-28 20:00:00,2,2,1,12.688340416281603,118,0,0,60,42,56.48796338154513
2024-03-28 21:00:00,1,1,2,5.319141276700132,422,0,0,74,335,43.12279017466139
2024-03-28 22:00:00,2,1,1,17.563412066187414,225,0,1,18,165,44.20127450821549
2024-03-28 23:00:00,2,2,0,16.21352912515121,232,1,0,17,205,54.1819596050211
2024-03-29 00:00:00,2,1,2,15.31933636411003,291,1,0,45,264,44.00988104380282
2024-03-29 01:00:00,1,0,1,17.105021269328546,243,0,1,78,218,89.51667204789572
2024-03-29 02:00:00,0,0,2,12.773343948847987,416,0,1,65,333,71.65423361066055
2024-03-29 03:00:00,2,1,2,10.527309844013416,368,1,0,55,295,34.16953252386802
2024-03-29 04:00:00,2,2,0,8.104765497256398,71,0,0,19,43,40.21332581328691
2024-03-29 05:00:00,0,0,0,5.251516387746269,399,1,0,83,286,56.81335028064344
2024-03-29 06:00:00,2,2,1,11.590821495291,60,1,1,20,82,45.6442810613903
2024-03-29 07:00:00,1,2,0,17.90035456856768,334,1,0,17,296,82.14723275326268
2024-03-29 08:00:00,1,1,2,12.285653990854176,411,0,0,77,271,59.36200279143179
2024-03-29 09:00:00,0,2,0,18.4725303726921,308,1,0,27,255,65.89625577267886
2024-03-29 10:00:00,1,2,1,7.781430022270108,222,1,1,93,220,61.47166592569965
2024-03-29 11:00:00,2,0,1,14.207621478022457,254,0,1,12,221,70.70811135571773
2024-03-29 12:00:00,1,1,1,13.324643976790185,297,0,1,24,273,58.59136977051276
2024-03-29 13:00:00,0,0,0,13.738243037192095,308,1,1,69,295,79.7048101856582
2024-03-29 14:00:00,0,1,0,13.25579823257506,379,0,1,81,340,50.75274819336552
2024-03-29 15:00:00,2,0,0,5.211438823805219,319,0,0,64,226,55.47168759294123
2024-03-29 16:00:00,1,2,0,3.728227067379831,130,1,1,79,181,41.46323207937058
2024-03-29 17:00:00,2,2,0,19.593936868409116,370,0,1,93,315,63.84847627467718
2024-03-29 18:00:00,2,2,1,1.8606074480075228,490,1,0,41,388,24.98690391612088
2024-03-29 19:00:00,2,1,1,9.886993253537137,448,0,0,15,325,27.716988727392422
2024-03-29 20:00:00,0,1,0,9.076526025695376,237,1,0,25,202,29.82567254657876
2024-03-29 21:00:00,0,1,2,7.840360206086449,487,0,0,75,323,39.25050088865856
2024-03-29 22:00:00,0,1,1,15.85769321795748,422,1,0,91,361,52.709164822897854
2024-03-29 23:00:00,1,1,2,15.161655477937805,435,0,0,99,324,53.01277108836253
2024-03-30 00:00:00,2,2,2,18.199273547068863,387,1,1,93,368,61.23922588513805
2024-03-30 01:00:00,0,2,1,8.514262997551521,497,0,1,25,416,44.35340694720946
2024-03-30 02:00:00,2,1,2,11.719411030659732,280,0,1,94,221,33.20240213259797
2024-03-30 03:00:00,1,0,2,17.953833899500292,77,1,0,23,73,94.46829645672749
2024-03-30 04:00:00,1,2,1,19.883113194252303,399,0,0,71,290,78.43548996192962
2024-03-30 05:00:00,0,0,1,19.416592884941743,372,1,1,27,324,88.49490132468343
2024-03-30 06:00:00,0,2,0,14.63903355410595,52,0,1,17,122,56.49405765259105
2024-03-30 07:00:00,2,1,1,3.721323598393412,286,0,0,14,186,10.8053530938999
2024-03-30 08:00:00,2,2,2,1.4405342240675054,230,1,1,97,221,28.281141738041416
2024-03-30 09:00:00,1,2,1,16.679148771655896,459,0,0,50,306,74.83071784225776
2024-03-30 10:00:00,2,1,0,16.977898465344683,53,1,0,68,59,48.10544755831658
2024-03-30 11:00:00,2,1,1,15.180857257005922,449,0,0,18,316,46.53969621597442
2024-03-30 12:00:00,2,1,2,6.318546233985183,397,1,0,51,323,25.159012300508618
2024-03-30 13:00:00,1,1,1,13.156539332372006,121,0,1,27,116,55.23766514712989
2024-03-30 14:00:00,2,2,2,7.008720394490211,231,0,1,55,211,39.286804255733365
2024-03-30 15:00:00,2,2,1,9.562316675917568,153,1,1,91,181,48.40773235774669
2024-03-30 16:00:00,0,1,0,8.2662666146297,321,0,1,57,295,35.536873410724226
2024-03-30 17:00:00,1,2,0,18.359161649011057,336,0,0,37,213,72.73885696635631
2024-03-30 18:00:00,2,2,1,5.448989284133636,136,1,1,46,215,33.279293089605005
2024-03-30 19:00:00,2,1,2,11.974607186901254,435,0,1,83,353,38.25642689660355
2024-03-30 20:00:00,2,1,0,7.858649051643324,122,1,0,29,139,24.148469647928515
2024-03-30 21:00:00,2,1,2,13.59835112637029,140,0,0,47,74,37.36371173870664
2024-03-30 22:00:00,2,1,1,11.726699682372024,222,0,1,50,200,38.13420073595292
2024-03-30 23:00:00,0,1,0,18.55557594595287,359,1,0,96,330,65.59142526275058
2024-03-31 00:00:00,0,1,0,2.9306308823230505,236,1,0,71,194,29.634257083441707
2024-03-31 01:00:00,0,2,2,5.192175955378505,492,0,0,29,351,39.78912333242579
2024-03-31 02:00:00,2,2,0,15.560611312790062,455,1,0,32,350,51.288820123076405
2024-03-31 03:00:00,1,1,2,8.006949958002025,285,0,0,59,190,38.75137247450577
2024-03-31 04:00:00,2,1,2,4.149891938345754,211,0,0,14,171,28.63652635602805
2024-03-31 05:00:00,1,2,1,10.563103925662366,122,1,0,69,153,65.06085552228592
2024-03-31 06:00:00,0,0,2,13.39069917061634,274,1,0,82,194,74.58908897967528
2024-03-31 07:00:00,2,2,0,1.8517075689164733,433,1,1,52,382,27.553532606052755
2024-03-31 08:00:00,0,2,2,6.5408158979814495,279,1,1,45,264,39.13956176918983
2024-03-31 09:00:00,2,1,0,16.379028216224814,303,0,0,12,218,41.45351451691446
2024-03-31 10:00:00,0,1,2,10.88464676559369,489,0,1,70,401,42.620344096903054
2024-03-31 11:00:00,2,0,1,1.67220508829308,211,1,0,63,172,36.38157836479695
2024-03-31 12:00:00,2,1,1,6.3570691002193165,404,0,0,45,271,29.52705847077897
2024-03-31 13:00:00,1,0,2,13.143672463609006,299,1,1,54,302,81.17966970436483
2024-03-31 14:00:00,2,2,2,4.78782992198247,459,0,1,38,365,34.39166978234145
2024-03-31 15:00:00,1,2,2,16.72043671816887,248,1,0,35,232,73.05344684789505
2024-03-31 16:00:00,2,1,1,13.85494223458962,478,0,0,17,319,43.157869838970754
2024-03-31 17:00:00,0,2,2,9.95620215800807,289,0,0,82,213,56.13027595602638
2024-03-31 18:00:00,0,2,2,18.396851840268912,286,1,0,31,235,66.72837890010004
2024-03-31 19:00:00,0,1,0,8.444214647568572,125,0,1,78,159,36.140275087862925
2024-03-31 20:00:00,2,1,1,5.46639480071762,454,1,1,53,414,26.20848404843373
2024-03-31 21:00:00,2,0,1,13.566656858007317,476,1,1,50,395,65.33933626446796
2024-03-31 22:00:00,2,2,2,11.89260856193282,391,0,1,45,303,42.82564439728378
2024-03-31 23:00:00,2,2,2,7.369710117693278,344,0,0,39,220,42.38880528775543
2024-04-01 00:00:00,0,1,0,7.529626665155566,446,0,1,58,357,25.496107865251943
2024-04-01 01:00:00,1,2,2,8.565995864047935,475,1,1,26,416,55.31588075433527
2024-04-01 02:00:00,1,2,1,6.531632782108017,94,0,1,39,118,49.77489277584592
2024-04-01 03:00:00,0,2,0,14.494586720857528,392,0,0,82,303,51.58745505977261
2024-04-01 04:00:00,0,2,1,13.3758096959729,228,1,0,13,211,62.347526770523466
2024-04-01 05:00:00,0,2,2,9.37477539838146,271,0,0,85,185,47.62064439391026
2024-04-01 06:00:00,2,2,0,8.559238839805506,424,0,0,44,284,44.187691027328775
2024-04-01 07:00:00,1,1,1,7.935974117834397,66,0,0,93,66,48.50440500377303
2024-04-01 08:00:00,0,0,1,6.385898106452817,268,0,1,26,251,57.61567745934952
2024-04-01 09:00:00,0,2,1,2.628236599984128,133,0,1,95,180,43.17906401397423
2024-04-01 10:00:00,2,1,2,6.09588902492751,240,0,1,16,234,29.387207879918165
2024-04-01 11:00:00,2,2,2,7.102825625168236,440,1,1,71,395,40.990225582828586
2024-04-01 12:00:00,2,0,2,11.405996119041523,488,0,0,67,360,67.52532549579364
2024-04-01 13:00:00,1,1,2,15.701981672482946,181,0,0,53,162,61.385589159163686
2024-04-01 14:00:00,0,1,1,8.518340751846601,336,0,0,67,224,36.64167297249889
2024-04-01 15:00:00,2,2,0,18.950381211189743,143,1,0,62,124,67.11809991304273
2024-04-01 16:00:00,1,1,2,16.719649305382084,144,1,1,81,169,61.33054955501501
2024-04-01 17:00:00,2,2,0,19.71123510979116,233,0,0,18,160,61.76969777267796
2024-04-01 18:00:00,2,1,1,17.647857779788154,181,1,1,15,206,44.98233801937392
2024-04-01 19:00:00,2,2,2,12.717793036878204,131,1,0,28,129,46.28931774379676
2024-04-01 20:00:00,0,1,1,12.37110646851766,389,1,1,95,357,45.36158496789816
2024-04-01 21:00:00,1,1,2,3.460996408330124,345,0,0,29,252,46.84265008009285
2024-04-01 22:00:00,2,0,2,14.725585728939786,409,1,1,73,394,65.70153162649679
2024-04-01 23:00:00,1,2,0,12.403930294260755,161,0,1,93,169,65.56932911026614
2024-04-02 00:00:00,2,1,1,10.63170996452371,352,1,1,36,340,38.372111786406
2024-04-02 01:00:00,1,1,1,14.172450578588483,355,1,0,16,292,55.03958067315266
2024-04-02 02:00:00,0,2,1,9.43690901392188,456,1,0,33,341,51.785702191221546
2024-04-02 03:00:00,1,2,0,10.953333585757438,100,0,0,17,82,56.15561363662851
2024-04-02 04:00:00,2,0,0,8.568693791261872,343,0,1,76,294,52.289103373681336
2024-04-02 05:00:00,1,0,1,14.630046974043106,442,1,1,20,353,83.39175409067869
2024-04-02 06:00:00,0,2,1,17.655608440409875,238,1,1,75,263,59.46516593462752
2024-04-02 07:00:00,2,2,2,16.976053843519452,257,0,1,10,227,51.72602709380413
2024-04-02 08:00:00,1,2,2,15.934480168939908,198,1,0,16,189,62.835232786615
2024-04-02 09:00:00,2,2,0,1.2619663863464674,314,0,1,33,281,25.49195383845406
2024-04-02 10:00:00,1,1,2,18.325728813671727,421,0,0,21,320,77.39756561532573
2024-04-02 11:00:00,2,1,1,6.222638693744485,330,1,1,72,306,32.761581958994256
2024-04-02 12:00:00,0,1,1,17.871504916304144,162,1,0,81,122,46.79926474546938
2024-04-02 13:00:00,0,1,2,4.742393958698154,85,0,1,22,137,23.324570556835
2024-04-02 14:00:00,2,1,2,9.353269277070009,160,1,1,79,222,31.44577576570896
2024-04-02 15:00:00,2,2,0,15.23857709221136,220,1,0,97,180,56.2657839151172
2024-04-02 16:00:00,2,2,2,13.165299960266278,127,1,0,33,119,51.89017798205644
2024-04-02 17:00:00,2,2,0,8.902516822559168,386,0,1,47,322,41.61543876954486
2024-04-02 18:00:00,2,1,2,13.893853278065288,77,0,1,80,104,40.573144272556135
2024-04-02 19:00:00,0,1,2,11.43004069088615,497,0,1,19,380,35.01968933447381
2024-04-02 20:00:00,2,2,2,6.238989826075113,94,0,0,39,80,33.12998919898529
2024-04-02 21:00:00,2,1,2,13.280259464445656,410,0,0,97,290,38.07064641432145
2024-04-02 22:00:00,0,2,1,4.880694640545944,489,0,0,36,314,29.547391995609125
2024-04-02 23:00:00,2,0,1,14.185777400924144,353,0,0,39,248,63.6766098228335
2024-04-03 00:00:00,1,1,1,1.0591066748416131,441,0,0,88,321,38.6834917050779
2024-04-03 01:00:00,1,1,2,11.426677761473623,191,0,1,11,172,51.2719590392072
2024-04-03 02:00:00,0,2,0,8.620284923566679,64,0,1,17,90,48.88719535379063
2024-04-03 03:00:00,0,0,2,6.758971702236999,177,1,0,26,166,66.70388139262387
2024-04-03 04:00:00,1,2,1,10.798451377458113,216,0,1,57,163,69.00910214090938
2024-04-03 05:00:00,2,0,0,13.260921018181874,202,0,0,73,137,60.66024521691102
2024-04-03 06:00:00,2,1,0,19.340933058055832,112,1,0,70,125,55.26015053997133
2024-04-03 07:00:00,2,0,1,16.828225307873858,108,0,0,22,77,77.91172080377412
2024-04-03 08:00:00,0,1,2,14.625847778592403,252,0,0,91,203,45.31273044125565
2024-04-03 09:00:00,2,1,0,10.10037132190378,206,1,0,30,198,37.48102595616076
2024-04-03 10:00:00,0,0,0,8.450738273622731,52,0,1,85,78,61.406907213697785
2024-04-03 11:00:00,1,0,1,1.618063437133947,88,1,1,11,149,60.73931093232117
2024-04-03 12:00:00,1,1,0,7.822841158121915,327,0,1,93,285,46.78626521897899
2024-04-03 13:00:00,0,1,0,17.119165634779716,150,0,1,32,101,59.01033825982797
2024-04-03 14:00:00,2,1,0,8.29646705754951,432,1,0,94,310,27.31270460212669
2024-04-03 15:00:00,1,1,2,9.770114982180782,218,0,1,25,201,50.7694597632303
2024-04-03 16:00:00,0,1,2,6.164854056473191,69,1,1,22,174,40.63844028572603
2024-04-03 17:00:00,2,0,1,6.208522417453968,452,0,0,13,312,55.12789507326624
2024-04-03 18:00:00,2,2,2,2.17556345694322,190,1,1,11,243,33.16312390648152
2024-04-03 19:00:00,1,2,0,12.662274586776215,396,1,1,74,338,59.83480723735841
2024-04-03 20:00:00,0,2,2,9.51331865786158,324,0,1,35,267,39.10034223214486
2024-04-03 21:00:00,1,2,0,12.513255342325095,371,0,1,39,294,64.53798186619515
2024-04-03 22:00:00,1,2,0,11.390851100548202,242,0,0,47,175,68.32907633099259
2024-04-03 23:00:00,0,2,2,16.178047158646322,436,1,0,29,362,60.51145189641363
2024-04-04 00:00:00,0,1,2,15.26922633391798,201,1,1,34,226,48.855036471035376
2024-04-04 01:00:00,2,2,2,15.65762320961971,285,0,0,61,191,52.10179259209984
2024-04-04 02:00:00,2,2,2,10.485541131891836,343,1,1,92,357,43.10055593516213
2024-04-04 03:00:00,2,0,1,7.72374567572468,435,1,1,19,438,54.05632724793723
2024-04-04 04:00:00,0,0,2,18.735295220126105,489,1,1,50,423,87.71897577128568
2024-04-04 05:00:00,0,2,1,2.031125700614525,257,1,0,90,218,40.96430832283727
2024-04-04 06:00:00,1,2,0,3.899804849154376,86,1,0,70,105,44.21704184237139
2024-04-04 07:00:00,2,1,1,8.972382751356154,437,0,1,11,363,26.42162035779895
2024-04-04 08:00:00,0,2,0,12.665195398792212,127,0,0,90,93,52.25575939846114
2024-04-04 09:00:00,0,1,1,1.1558071213277112,221,1,0,16,154,22.230234378132835
2024-04-04 10:00:00,0,1,1,14.667133566911698,94,0,0,69,74,51.43224932512028
2024-04-04 11:00:00,0,1,0,11.61580431300838,386,1,0,70,349,38.29878017051212
2024-04-04 12:00:00,2,2,1,10.20935241486158,133,1,1,89,150,57.91979464370715
2024-04-04 13:00:00,0,1,0,9.046405737729495,429,0,1,36,318,36.30810195910928
2024-04-04 14:00:00,2,0,2,10.870253603071866,480,1,1,10,400,62.154441043112826
2024-04-04 15:00:00,2,1,0,4.073928955153205,142,0,1,95,161,25.27886353169069
2024-04-04 16:00:00,2,0,1,3.065523046262668,203,0,1,95,156,40.727543868740966
2024-04-04 17:00:00,0,2,2,6.50311209628493,155,0,0,36,131,48.46652879565616
2024-04-04 18:00:00,1,1,1,14.48059104772117,407,0,0,89,263,67.65859594962603
2024-04-04 19:00:00,0,1,2,12.177469792874431,258,1,1,69,287,40.07970122183566
2024-04-04 20:00:00,0,2,0,10.12233733476124,253,1,1,62,255,54.33597201139288
2024-04-04 21:00:00,0,2,2,11.858898352023246,297,1,1,45,283,51.89401407191521
2024-04-04 22:00:00,0,2,2,11.62590224774752,397,1,1,89,377,50.81113764352865
2024-04-04 23:00:00,2,1,2,6.833796584308582,442,1,0,33,360,28.06463150408305
2024-04-05 00:00:00,2,2,1,2.851662997649791,401,0,0,44,265,30.66544526047412
2024-04-05 01:00:00,2,0,2,18.03886500459796,275,1,1,42,287,77.86246683057233
2024-04-05 02:00:00,2,1,0,12.398313989854378,385,0,1,26,332,43.53842738235655
2024-04-05 03:00:00,2,2,0,14.25721199393618,97,1,0,78,70,52.11338411505416
2024-04-05 04:00:00,2,1,0,9.815947262972148,295,1,1,44,295,34.40609915657539
2024-04-05 05:00:00,2,2,2,15.37313101955469,80,0,1,92,104,62.68920290501124
2024-04-05 06:00:00,1,2,0,12.105448015594677,232,1,1,56,215,59.83331943712969
2024-04-05 07:00:00,2,1,1,2.0222213198466146,306,1,1,98,304,21.18904248284329
2024-04-05 08:00:00,2,1,0,17.91184367248013,175,0,0,68,121,45.10022854987763
2024-04-05 09:00:00,2,1,2,6.80518678896985,268,0,1,70,254,32.16165156293357
2024-04-05 10:00:00,0,2,0,3.6199247710053744,294,1,0,31,255,36.46520021011279
2024-04-05 11:00:00,2,2,2,2.672779146382,492,1,0,36,412,28.3035543378595
2024-04-05 12:00:00,2,0,2,14.688365963000106,188,0,1,81,189,62.1199739161042
2024-04-05 13:00:00,0,2,0,14.375398969282836,276,1,1,99,263,59.37114825211081
2024-04-05 14:00:00,2,1,1,14.303080371452143,435,0,1,24,345,43.37110647331375
2024-04-05 15:00:00,2,0,1,18.399302680949752,351,0,1,45,315,79.55012132640914
2024-04-05 16:00:00,2,2,0,7.629917417955378,306,1,0,66,270,35.198332336276124
2024-04-05 17:00:00,2,2,2,11.66152807081954,304,0,1,85,277,55.28883882017507
2024-04-05 18:00:00,2,1,0,12.77041607689264,119,1,1,50,190,37.488721720130535
2024-04-05 19:00:00,2,1,2,19.610154742762788,115,1,0,54,126,49.46781269788215
2024-04-05 20:00:00,1,0,2,6.934576730653244,51,0,1,52,88,72.59680806679927
2024-04-05 21:00:00,0,2,2,19.17029279817487,374,1,1,21,348,65.97751586281477
2024-04-05 22:00:00,0,1,1,3.825952328565246,318,1,0,77,283,35.55273478575977
2024-04-05 23:00:00,2,2,1,15.516027664528998,452,1,1,76,412,48.78880476478973
2024-04-06 00:00:00,1,0,0,13.024832100387844,388,0,0,99,231,80.16828021666171
2024-04-06 01:00:00,2,1,1,16.52102470816776,352,0,1,13,304,54.94562564610212
2024-04-06 02:00:00,2,2,2,1.5450258991570958,178,1,0,74,182,28.54499385780573
2024-04-06 03:00:00,0,0,2,2.4844898158420605,195,1,0,14,159,45.52421803016399
2024-04-06 04:00:00,2,1,0,2.324219811813771,162,0,1,11,152,19.9915624717874
2024-04-06 05:00:00,2,2,2,12.266229654448468,337,0,0,55,236,49.13253669408924
2024-04-06 06:00:00,0,2,0,12.45578528393522,145,1,1,84,219,60.34093246371792
2024-04-06 07:00:00,1,2,0,18.21599289774455,316,1,1,18,304,85.14606699303908
2024-04-06 08:00:00,2,1,2,9.884466775850454,453,1,1,17,400,33.69990597370046
2024-04-06 09:00:00,0,1,1,2.292932045094315,57,0,1,67,99,23.33740221038021
2024-04-06 10:00:00,1,2,2,4.981058630827793,269,0,1,72,242,47.88709529583408
2024-04-06 11:00:00,2,1,2,1.1533888015390152,262,0,1,70,220,18.544735745608182
2024-04-06 12:00:00,2,2,0,15.757575977439696,151,1,1,24,196,59.191340685092
2024-04-06 13:00:00,2,1,1,16.496389300734716,215,0,1,82,201,49.59287079188436
2024-04-06 14:00:00,2,1,0,19.960867909398583,311,1,0,51,282,48.243126267638175
2024-04-06 15:00:00,2,0,2,8.831694532008793,51,0,1,59,66,52.31337238310381
2024-04-06 16:00:00,1,2,0,1.3666691326302578,251,0,0,60,177,49.22267196050407
2024-04-06 17:00:00,0,0,0,5.459867748317072,378,1,0,34,315,49.45054285838956
2024-04-06 18:00:00,0,1,2,12.16760848560262,232,0,0,31,183,41.965526664643015
2024-04-06 19:00:00,2,2,0,19.276916374001992,308,1,0,31,243,73.01047349488644
2024-04-06 20:00:00,1,1,2,2.967992477945092,371,0,1,83,346,36.49559330765168
2024-04-06 21:00:00,1,2,0,3.3098873830541127,277,0,1,78,210,47.18688474193325
2024-04-06 22:00:00,1,2,1,14.333420720299916,249,0,0,78,144,66.50902176649052
2024-04-06 23:00:00,2,1,2,13.67693404540944,75,1,0,75,96,44.43198920372015
2024-04-07 00:00:00,0,0,1,5.759620750924828,481,0,0,73,303,61.34347045566455
2024-04-07 01:00:00,2,1,0,16.44975102927586,399,0,1,31,316,49.91565083578799
2024-04-07 02:00:00,2,2,1,3.4467963540718007,151,1,1,22,205,30.8015877262032
2024-04-07 03:00:00,2,0,1,18.58909505075844,185,0,1,98,208,75.4435257477201
2024-04-07 04:00:00,0,0,1,4.819606676316006,380,0,1,36,321,54.47652337955514
2024-04-07 05:00:00,0,0,0,2.5456950817370947,394,1,1,56,373,52.13108413178809
2024-04-07 06:00:00,2,1,2,7.450919643003238,421,0,0,30,308,19.227089179273943
2024-04-07 07:00:00,2,1,0,4.568984482156354,246,0,1,40,190,26.29079129914368
2024-04-07 08:00:00,2,1,0,11.011883275684625,79,1,0,88,107,41.34768318315023
2024-04-07 09:00:00,2,2,0,14.050084210062796,460,0,0,47,322,51.91859273756281
2024-04-07 10:00:00,2,2,2,10.327509991087531,348,0,0,48,227,42.26370487873289
2024-04-07 11:00:00,2,1,0,13.551539304408577,182,1,0,45,148,37.63821493260507
2024-04-07 12:00:00,0,2,0,7.933489773599704,305,0,1,74,261,36.01518156782779
2024-04-07 13:00:00,2,1,2,1.5305293475341597,69,0,1,20,114,18.095190098153147
2024-04-07 14:00:00,2,1,2,19.507218360277832,357,0,1,78,321,55.40329213072959
2024-04-07 15:00:00,2,2,2,16.568856586259912,70,1,1,43,136,62.238212815665605
2024-04-07 16:00:00,1,2,1,2.394957657607933,436,1,1,14,416,57.30742541060681
2024-04-07 17:00:00,0,0,2,9.534351526970354,90,1,0,29,81,64.51880303162088
2024-04-07 18:00:00,0,1,1,13.065362331365618,429,1,1,72,381,51.43321760634447
2024-04-07 19:00:00,2,2,1,4.621291140880119,497,0,1,54,432,26.177279187609276
2024-04-07 20:00:00,0,1,0,11.981783615892658,413,0,1,51,363,41.61156593578302
2024-04-07 21:00:00,2,1,1,11.139323744236052,201,1,0,22,164,42.3351328035539
2024-04-07 22:00:00,0,2,0,4.957038582159391,357,1,0,18,304,40.64024412472515
2024-04-07 23:00:00,1,0,1,3.682995876271612,51,1,1,14,114,67.98212105736762
2024-04-08 00:00:00,0,1,2,15.420283502754112,93,0,0,47,59,56.3257215263433
2024-04-08 01:00:00,1,1,0,7.1291424768430405,90,0,0,58,61,52.78428429678328
2024-04-08 02:00:00,0,2,1,5.636770143002623,375,0,0,37,235,44.99893228427695
2024-04-08 03:00:00,2,1,0,15.019688703313784,312,0,0,52,224,44.31889519483212
2024-04-08 04:00:00,1,0,2,14.985305148436655,343,1,1,79,357,89.39952113304274
2024-04-08 05:00:00,2,2,1,6.251631470388354,222,0,1,50,202,32.57364183409758
2024-04-08 06:00:00,0,1,1,17.57880076378522,58,0,0,53,29,65.7670894857841
2024-04-08 07:00:00,2,2,2,14.076753136374505,102,1,0,38,99,50.72568258565649
2024-04-08 08:00:00,2,2,1,7.569520138609224,333,1,0,77,229,40.05177445154951
2024-04-08 09:00:00,2,1,1,9.12230335350852,177,0,0,91,75,34.75496384601848
2024-04-08 10:00:00,2,2,0,14.80748403268174,68,0,0,88,84,58.011415298724096
2024-04-08 11:00:00,2,1,1,5.020092825014348,181,0,0,34,117,31.22504708396041
2024-04-08 12:00:00,0,2,2,9.906455057029255,62,1,1,77,115,45.894891950876925
2024-04-08 13:00:00,2,1,1,13.417608502903892,269,1,0,23,210,35.9343961687675
2024-04-08 14:00:00,2,0,0,11.250472412165552,316,1,1,68,309,58.257331642189854
2024-04-08 15:00:00,0,1,1,12.558238572185372,294,1,1,71,290,46.07440573972291
2024-04-08 16:00:00,2,1,0,11.378037490058812,307,1,1,26,312,41.11006185764809
2024-04-08 17:00:00,0,0,1,4.785321432010382,189,0,0,28,106,57.64626152599182
2024-04-08 18:00:00,0,1,0,8.793901554479806,431,0,0,38,310,39.30123218912073
2024-04-08 19:00:00,1,1,0,11.107724414073369,296,0,1,95,268,53.791491436244144
2024-04-08 20:00:00,0,1,1,15.821192104572976,281,0,1,87,240,57.13186576640825
2024-04-08 21:00:00,2,1,2,13.42418050622131,470,0,0,75,345,46.10353859319012
2024-04-08 22:00:00,0,0,2,9.10522795853276,105,0,0,54,99,56.13146297741429
2024-04-08 23:00:00,2,2,1,19.513596811023763,137,0,0,80,90,66.32417896157177
2024-04-09 00:00:00,2,1,1,3.0481149119147783,303,1,0,37,250,24.12052689578041
2024-04-09 01:00:00,0,2,1,4.929292502544399,101,0,0,68,77,36.25962818401057
2024-04-09 02:00:00,2,2,1,7.484939590601616,296,1,1,63,310,43.98331008723776
2024-04-09 03:00:00,0,0,1,5.342869462770293,301,0,0,17,226,55.4225916674436
2024-04-09 04:00:00,1,1,2,12.883397939314214,174,0,1,19,185,59.44322205152822
2024-04-09 05:00:00,1,2,0,1.75146385738885,250,1,1,30,279,37.04511829969657
2024-04-09 06:00:00,1,2,0,4.371298901194902,437,1,1,44,399,43.37618991980005
2024-04-09 07:00:00,2,2,2,6.573597515513483,410,0,1,13,352,43.168419074853496
2024-04-09 08:00:00,2,2,2,13.983569726507014,181,0,0,62,141,57.01776923730233
2024-04-09 09:00:00,0,1,0,17.641432769041433,226,0,1,94,205,44.83233433344
2024-04-09 10:00:00,2,2,2,16.171343640508034,101,0,1,34,146,56.46598347923099
2024-04-09 11:00:00,0,2,1,4.459537731754843,83,0,0,29,29,26.887418675357324
2024-04-09 12:00:00,0,0,2,11.742709410380312,71,1,0,80,92,78.4783122796377
2024-04-09 13:00:00,0,1,2,1.5704302615490575,190,1,1,80,231,20.49233837871532
2024-04-09 14:00:00,2,2,2,6.9001987317043625,368,1,0,31,297,37.32183168300436
2024-04-09 15:00:00,2,0,2,16.313692101738205,320,0,0,58,260,69.00020771105478
2024-04-09 16:00:00,2,2,0,9.676648561123452,217,0,0,98,149,42.6809931622524
2024-04-09 17:00:00,2,0,0,3.8488851232408567,87,1,0,15,128,44.77237772268252
2024-04-09 18:00:00,1,0,0,9.332514248277942,410,1,0,60,316,79.6422670047895
2024-04-09 19:00:00,2,1,0,4.762625583782338,295,0,1,36,252,23.68702283937681
2024-04-09 20:00:00,2,2,1,8.470637699415294,284,0,0,27,203,39.11006047563255
2024-04-09 21:00:00,2,1,1,10.268835982209024,104,0,0,21,70,37.69903336279475
2024-04-09 22:00:00,0,2,0,7.64160413770954,477,0,0,37,310,35.53627014034967
2024-04-09 23:00:00,0,1,0,18.80241005824336,422,0,0,28,302,54.49696761555565
2024-04-10 00:00:00,2,2,0,11.688075653571255,169,1,1,52,209,47.22885325214749
2024-04-10 01:00:00,2,2,2,17.014960804991038,115,1,0,90,108,53.33022205406312
2024-04-10 02:00:00,2,2,1,15.453842394056023,371,0,1,24,265,58.61302039869394
2024-04-10 03:00:00,2,1,1,13.562159876087756,476,0,0,78,302,41.79964462445149
2024-04-10 04:00:00,0,0,2,10.440886217749062,377,0,1,45,284,68.74534836123962
2024-04-10 05:00:00,0,1,2,1.0413018918501624,215,0,0,94,149,24.81842617603477
2024-04-10 06:00:00,2,1,2,12.655884410489591,259,0,0,51,203,47.49808034108083
2024-04-10 07:00:00,2,1,1,7.763191607047457,462,0,1,54,358,25.67904824453912
2024-04-10 08:00:00,1,0,2,3.237481169225057,124,0,0,39,98,66.25362737059514
2024-04-10 09:00:00,2,0,2,9.447899008629475,489,0,1,48,371,56.248890064811775
2024-04-10 10:00:00,0,2,2,14.97551312338279,183,1,0,55,163,60.49863601192983
2024-04-10 11:00:00,2,0,0,19.271878099275376,314,0,1,67,264,80.83157014572575
2024-04-10 12:00:00,2,1,2,8.107992931319558,455,1,1,39,409,36.59835144462809
2024-04-10 13:00:00,2,0,0,11.311742675394555,223,1,0,65,192,63.038640196266
2024-04-10 14:00:00,0,1,1,17.173643283908113,292,0,1,94,255,59.082304040067726
2024-04-10 15:00:00,1,1,1,7.345988979050281,138,0,0,99,112,51.96467069884634
2024-04-10 16:00:00,2,1,1,3.702887654445492,299,1,1,97,309,20.57921034365907
2024-04-10 17:00:00,2,2,0,6.3557547934210925,80,0,0,63,60,36.30032362679399
2024-04-10 18:00:00,2,2,2,18.08333376635937,326,0,1,95,281,57.08419698009703
2024-04-10 19:00:00,2,1,1,4.028469060774917,87,0,1,46,95,20.40846449468942
2024-04-10 20:00:00,2,0,2,7.255200159128859,357,1,0,99,280,55.68479085241027
2024-04-10 21:00:00,2,2,0,9.828165899506471,452,0,1,31,367,43.93242935021806
2024-04-10 22:00:00,0,1,1,17.09515124632748,187,1,0,33,174,53.26312341237978
2024-04-10 23:00:00,2,2,2,18.81655238940652,479,0,0,78,311,64.1989110455778
2024-04-11 00:00:00,2,2,2,9.090395883031842,125,0,0,97,44,42.10729779205717
2024-04-11 01:00:00,1,0,1,18.7071269187168,388,1,0,95,310,85.37950512956408
2024-04-11 02:00:00,2,2,2,4.067722802297337,302,1,0,42,231,28.771595522059663
2024-04-11 03:00:00,1,2,0,3.9801935460310376,499,1,0,26,417,49.93664292246914
2024-04-11 04:00:00,2,1,1,19.03576557306116,128,0,0,71,103,54.55356452785978
2024-04-11 05:00:00,1,2,1,10.683922537038292,87,0,0,21,72,57.16673129233611
2024-04-11 06:00:00,0,0,1,4.532248871725125,367,1,0,39,270,50.8938412414402
2024-04-11 07:00:00,1,1,1,10.271817040935677,377,1,0,99,321,47.08224540716541
2024-04-11 08:00:00,1,0,0,15.88101195220198,479,0,0,22,322,85.15960961511179
2024-04-11 09:00:00,2,2,0,16.711486948746952,212,0,1,15,213,62.86323325219837
2024-04-11 10:00:00,1,1,2,17.415415876335604,407,0,0,76,302,72.79112107472835
2024-04-11 11:00:00,2,0,0,11.821847158660953,476,0,0,20,301,64.86869577294217
2024-04-11 12:00:00,2,2,2,17.471974272989726,177,0,0,69,103,67.51351291678351
2024-04-11 13:00:00,2,1,2,10.69057396726184,207,1,1,19,264,34.59094379163455
2024-04-11 14:00:00,0,1,1,12.53413814543047,378,0,0,84,234,46.85419176445704
2024-04-11 15:00:00,2,1,2,15.41567624316126,368,0,0,25,268,44.69306440612287
2024-04-11 16:00:00,0,0,1,9.083270561499662,463,0,0,93,302,66.60222073354166
2024-04-11 17:00:00,0,2,2,2.398048255636721,418,1,1,51,405,39.057481896253485
2024-04-11 18:00:00,0,0,0,7.653160780296254,132,1,0,53,127,57.51170514360902
2024-04-11 19:00:00,1,1,1,12.854940119123247,462,0,1,28,371,61.20087004925446
2024-04-11 20:00:00,2,1,2,4.65431502315006,499,0,0,82,372,21.69928869261225
2024-04-11 21:00:00,2,1,0,3.819321906493161,266,1,0,24,259,17.06569635856516
2024-04-11 22:00:00,2,2,0,6.568530347237314,251,0,1,96,223,43.54779240169733
2024-04-11 23:00:00,2,0,1,1.6101177832786058,327,1,1,94,329,44.8955864964786
2024-04-12 00:00:00,2,2,1,15.125035063651476,468,1,1,48,417,56.06963357154543
2024-04-12 01:00:00,2,1,1,5.915596441578437,475,1,0,14,408,28.418591361453565
2024-04-12 02:00:00,2,0,2,3.360529536095391,201,0,1,95,220,45.10027826289554
2024-04-12 03:00:00,1,2,1,14.28345890330527,75,1,1,40,144,71.61103021984124
2024-04-12 04:00:00,0,1,0,17.015632238322468,464,0,0,88,337,47.73894551565523
2024-04-12 05:00:00,2,0,0,1.3776363213737906,392,1,0,37,336,52.42164264639752
2024-04-12 06:00:00,0,1,1,5.438395644083272,303,1,0,47,238,26.494230246272537
2024-04-12 07:00:00,2,1,1,18.959414172522084,435,1,1,61,391,47.30395042551978
2024-04-12 08:00:00,2,1,0,8.31982858272273,300,1,0,24,270,34.86706513461899
2024-04-12 09:00:00,0,2,2,18.83324920425669,216,1,0,28,164,62.93349830808859
2024-04-12 10:00:00,2,2,0,6.21003822904287,402,0,1,44,344,41.926519170441
2024-04-12 11:00:00,2,1,0,5.143285075866707,189,1,0,91,183,28.897500696725658
2024-04-12 12:00:00,1,1,0,5.068059822831922,278,1,0,83,220,34.5051229885256
2024-04-12 13:00:00,1,2,1,2.619344548073827,122,0,1,24,157,44.73190225379116
2024-04-12 14:00:00,0,0,2,18.032213481673388,477,0,1,97,392,88.76725776713039
2024-04-12 15:00:00,0,2,2,19.61686543002512,348,1,1,56,320,66.81423118918697
2024-04-12 16:00:00,0,1,1,19.13566733816112,285,0,1,65,221,54.57618295891481
2024-04-12 17:00:00,2,1,0,17.188534656718204,244,1,1,29,251,48.79154850176255
2024-04-12 18:00:00,2,1,1,17.090870245368528,137,1,0,84,117,51.79314945632824
2024-04-12 19:00:00,2,1,1,13.560623876210766,146,1,1,18,182,39.75922676240824
2024-04-12 20:00:00,2,2,2,16.698060527061656,215,0,1,14,191,54.60481267784591
2024-04-12 21:00:00,0,2,2,4.958504922517907,499,1,0,20,413,43.3991682038621
2024-04-12 22:00:00,2,2,1,8.370339977355442,345,0,1,11,265,51.429459611219926
2024-04-12 23:00:00,1,2,1,13.17588957260021,455,1,1,61,387,66.33501488217651
2024-04-13 00:00:00,1,1,2,17.62065531867033,252,1,0,29,207,62.247870396688576
2024-04-13 01:00:00,0,1,2,13.54891978500689,496,0,0,30,398,45.82272307181286
2024-04-13 02:00:00,0,2,0,16.94141720834991,236,1,0,60,173,56.29821856293616
2024-04-13 03:00:00,1,1,1,10.005040801136651,324,1,0,39,226,49.79424067927421
2024-04-13 04:00:00,2,1,0,14.628771016395842,69,0,0,57,73,46.96286115194325
2024-04-13 05:00:00,0,1,0,19.619635321126648,424,0,0,10,286,56.09637417045736
2024-04-13 06:00:00,2,1,0,3.916282585465397,122,1,1,44,159,14.774144723625977
2024-04-13 07:00:00,0,1,2,18.61149315400191,476,1,0,35,380,61.77307877520921
2024-04-13 08:00:00,2,0,0,10.924915008996152,491,0,0,18,357,54.28584230117581
2024-04-13 09:00:00,1,0,2,13.221142583871105,387,1,0,49,327,80.3614193743126
2024-04-13 10:00:00,1,1,2,17.67951113129974,410,1,0,30,338,73.12338142402135
2024-04-13 11:00:00,2,1,2,8.783429278494022,359,0,1,89,287,34.42989879075137
2024-04-13 12:00:00,2,2,1,8.955158922910961,131,0,0,21,104,33.2094493887446
2024-04-13 13:00:00,1,1,0,11.016454890594908,345,1,1,46,339,46.05904174109301
2024-04-13 14:00:00,2,1,2,1.362939605440161,405,0,1,80,360,13.646017549237545
2024-04-13 15:00:00,1,1,1,10.436657437923666,76,0,0,33,82,45.13620182797001
2024-04-13 16:00:00,0,1,1,6.530658034890376,190,0,1,59,164,26.07677632551015
2024-04-13 17:00:00,2,2,1,18.63112946544385,96,1,0,63,141,57.04092076664587
2024-04-13 18:00:00,2,0,2,2.666970676307595,161,1,1,93,193,48.44660467000196
2024-04-13 19:00:00,2,1,2,9.727088778376237,284,0,1,37,220,38.82855628533877
2024-04-13 20:00:00,0,1,2,19.00189523716985,200,0,1,13,223,49.70454545976274
2024-04-13 21:00:00,2,1,1,18.119669756051078,424,1,1,21,403,61.84947653924724
2024-04-13 22:00:00,0,1,2,14.325620405116451,364,1,0,76,255,53.17208536811472
2024-04-13 23:00:00,2,0,0,12.19785998792542,382,1,1,46,347,73.26821613013927
2024-04-14 00:00:00,0,2,2,6.333887805523963,175,1,0,13,148,37.08684824515103
2024-04-14 01:00:00,1,2,2,7.972185142296641,56,0,1,24,77,49.723180157968905
2024-04-14 02:00:00,1,2,0,2.712562430328417,99,0,0,37,106,49.72575607430589
2024-04-14 03:00:00,2,0,2,15.936057657406517,409,1,1,46,372,74.2332226913287
2024-04-14 04:00:00,1,0,2,7.153525590172423,115,1,0,18,110,71.14416549914478
2024-04-14 05:00:00,0,1,2,13.68785608157394,436,0,1,23,375,45.76978246783809
2024-04-14 06:00:00,0,1,2,7.794300766773655,411,1,0,76,318,34.44759489236108
2024-04-14 07:00:00,1,2,1,9.82227838652899,216,1,0,91,238,63.94684457412781
2024-04-14 08:00:00,2,1,2,11.545046975151504,301,0,1,59,264,34.86299666211033
2024-04-14 09:00:00,2,0,0,16.235195759421465,312,0,1,87,287,64.89295576650504
2024-04-14 10:00:00,1,2,0,5.011971173272928,245,1,1,34,300,51.62978887306448
2024-04-14 11:00:00,2,0,1,8.576542349767273,232,1,1,48,236,63.98960523439537
2024-04-14 12:00:00,1,1,2,3.471549865944534,313,1,1,35,324,29.47233095715101
2024-04-14 13:00:00,1,0,0,2.439449593503926,337,0,0,69,225,59.72500063756421
2024-04-14 14:00:00,2,1,1,12.488812767207046,324,1,0,61,270,29.16582161180775
2024-04-14 15:00:00,1,0,2,4.592729842819151,167,0,1,79,129,69.94794907856674
2024-04-14 16:00:00,2,1,1,2.1361874965958774,445,1,1,35,390,14.797751917701536
2024-04-14 17:00:00,0,2,2,18.044860692921706,362,1,1,57,370,66.15738909810261
2024-04-14 18:00:00,0,2,1,11.15197397592252,443,0,1,63,376,52.589224266035
2024-04-14 19:00:00,1,2,1,3.557935940656708,396,0,1,50,321,47.57245133380583
2024-04-14 20:00:00,2,2,0,2.0150964215034444,326,1,0,10,270,31.66755528028981
2024-04-14 21:00:00,2,0,0,3.2773410148594664,453,0,0,30,332,54.33315707188157
2024-04-14 22:00:00,0,2,1,9.955407566091669,426,1,0,87,353,48.28640918403841
2024-04-14 23:00:00,0,2,2,13.700839848209055,181,0,1,81,185,56.28567427041647
2024-04-15 00:00:00,0,1,2,13.184321424734865,196,0,1,34,207,40.7424911829163
2024-04-15 01:00:00,2,0,2,3.744038639025472,78,1,1,27,141,38.54519347748028
2024-04-15 02:00:00,2,2,2,13.036290084916468,376,0,0,24,233,48.153347849647325
2024-04-15 03:00:00,2,2,2,8.692446860134389,369,1,1,51,328,44.55048546162166
2024-04-15 04:00:00,1,1,0,9.830131901689835,274,0,1,29,232,48.48332709089733
2024-04-15 05:00:00,2,2,1,16.227177718661025,188,0,1,25,142,63.98407251784712
2024-04-15 06:00:00,2,1,0,7.317488080913129,338,1,0,16,254,29.5091928666106
2024-04-15 07:00:00,1,1,2,3.7929818961037216,330,1,0,90,251,44.7319611751352
2024-04-15 08:00:00,2,2,1,17.59560953776047,466,0,0,14,300,60.8561791248254
2024-04-15 09:00:00,1,1,2,5.0304809414604215,75,1,0,27,59,37.30169814009641
2024-04-15 10:00:00,0,1,2,6.586567540538211,341,1,0,87,313,26.643149890466358
2024-04-15 11:00:00,1,2,1,14.425211119149823,316,1,0,27,279,57.16920898743743
2024-04-15 12:00:00,2,1,2,13.987456024094538,335,1,1,73,319,39.59200903642418
2024-04-15 13:00:00,2,1,0,16.207600404392746,362,0,1,34,306,50.86105008161771
2024-04-15 14:00:00,0,1,0,4.49346618751088,146,1,1,84,183,26.81142422065565
2024-04-15 15:00:00,1,2,0,7.693317972969862,187,0,0,35,122,50.582639938704645
2024-04-15 16:00:00,0,2,2,3.3917815401689606,330,1,0,78,289,36.22548033511443
2024-04-15 17:00:00,2,2,0,11.27974379620348,145,1,0,25,145,47.15511808645708
2024-04-15 18:00:00,0,1,2,6.558841258235323,106,1,0,72,93,30.70051323080044
2024-04-15 19:00:00,0,1,2,14.089777179162692,172,1,1,81,233,50.90460696950407
2024-04-15 20:00:00,0,1,0,1.0065429917062805,280,0,1,86,254,20.974883662271665
2024-04-15 21:00:00,0,2,0,2.133976970732005,339,1,0,67,295,41.94953694182863
2024-04-15 22:00:00,1,0,2,9.218645709867523,135,1,0,36,138,70.90370670231361
2024-04-15 23:00:00,0,1,2,19.205498963535803,359,0,0,58,252,54.89578851609459
2024-04-16 00:00:00,2,1,2,17.926176359824474,100,1,1,99,157,49.330047083912106
2024-04-16 01:00:00,2,1,2,19.88617153317768,277,1,0,82,244,58.820712050458056
2024-04-16 02:00:00,2,2,0,8.919774272416852,55,1,1,56,104,45.43547241130062
2024-04-16 03:00:00,2,2,2,1.8848012392012792,492,1,1,80,445,26.07348028499919
2024-04-16 04:00:00,2,2,2,6.813166698375485,359,0,0,59,219,33.562024280746606
2024-04-16 05:00:00,2,0,2,13.83964619130508,322,0,0,55,213,61.02184408816206
2024-04-16 06:00:00,2,2,2,3.56811238558089,459,0,0,17,350,26.281609400935025
2024-04-16 07:00:00,2,1,2,6.699471396440019,393,0,1,11,303,36.19034399678422
2024-04-16 08:00:00,1,1,1,2.0671571263523147,442,1,1,27,388,30.221479955547032
2024-04-16 09:00:00,1,2,1,10.024373729414451,51,1,1,45,115,56.04857543818285
2024-04-16 10:00:00,2,2,1,4.969492876206671,325,0,1,97,261,38.522388429777976
2024-04-16 11:00:00,1,2,0,2.7337125110810447,140,1,1,51,183,45.48348966705267
2024-04-16 12:00:00,0,2,2,8.813100380167102,311,1,1,20,310,52.78713379944641
2024-04-16 13:00:00,2,2,0,7.673282683108944,291,0,0,68,231,46.8051786814888
2024-04-16 14:00:00,2,0,2,11.212837001964354,424,0,0,61,317,68.05342493037882
2024-04-16 15:00:00,0,2,1,15.231734450959143,295,0,0,83,218,57.97378194526159
2024-04-16 16:00:00,0,2,2,3.1388059921036,128,1,1,58,176,23.431192424896107
2024-04-16 17:00:00,0,1,0,16.03138621399016,360,1,0,65,277,44.00434854235135
2024-04-16 18:00:00,2,2,0,1.4995096176284222,353,1,0,79,298,28.36602351830988
2024-04-16 19:00:00,2,0,2,9.418936147421109,107,1,0,83,123,64.33754700102737
2024-04-16 20:00:00,2,1,0,12.161175450831758,274,1,1,39,291,34.6311008834889
2024-04-16 21:00:00,2,2,1,19.182974789656157,475,1,0,64,364,65.4446927466348
2024-04-16 22:00:00,2,2,2,11.904537510523344,251,0,0,37,178,46.74958707132062
2024-04-16 23:00:00,2,1,1,4.016234672156383,454,0,1,60,372,31.157822278220035
2024-04-17 00:00:00,1,2,1,10.833294301534274,55,0,0,98,26,58.86030485237226
2024-04-17 01:00:00,1,1,0,8.519894996636907,79,0,0,36,77,51.09816604079333
2024-04-17 02:00:00,2,0,2,10.10775578440463,200,1,1,61,198,59.52815802755212
2024-04-17 03:00:00,1,0,1,4.744843278522658,85,0,0,43,46,65.98913823024873
2024-04-17 04:00:00,2,1,1,10.515713803914164,159,0,1,41,143,33.51200782655808
2024-04-17 05:00:00,2,1,2,3.85075552152666,170,0,1,53,161,24.39274016217028
2024-04-17 06:00:00,2,2,0,15.136818533126528,290,0,0,13,191,45.10418254053071
2024-04-17 07:00:00,0,1,1,12.28421894428636,308,1,1,57,294,38.05412350705027
2024-04-17 08:00:00,1,1,2,2.492026140243883,139,0,0,25,113,30.107273589225358
2024-04-17 09:00:00,0,2,2,17.902674890650616,467,1,0,69,371,68.90584288930668
2024-04-17 10:00:00,2,1,1,12.711212487697129,79,0,0,56,38,38.69066459188216
2024-04-17 11:00:00,0,1,1,7.006034047428797,286,1,0,84,250,22.800707999273435
2024-04-17 12:00:00,2,0,1,1.867205591018896,420,0,0,24,302,43.82436748929238
2024-04-17 13:00:00,1,0,0,13.012307219661029,219,1,1,65,205,73.44633173483518
2024-04-17 14:00:00,0,2,0,8.095364965618401,198,1,1,25,219,50.50454328297723
2024-04-17 15:00:00,2,0,2,18.244743992691262,423,1,0,10,348,79.04519740056179
2024-04-17 16:00:00,0,1,2,1.6626788215693165,137,0,1,34,153,16.01940295775173
2024-04-17 17:00:00,0,1,1,1.7429462715026234,53,0,0,73,49,25.49589050113624
2024-04-17 18:00:00,2,1,2,19.036686451231773,482,0,0,52,320,61.1667575083722
2024-04-17 19:00:00,0,2,0,19.33260496791062,301,1,0,23,258,61.90847835233162
2024-04-17 20:00:00,2,0,2,1.5271023086801334,481,1,0,57,341,43.52252313741749
2024-04-17 21:00:00,0,2,2,14.604631463885225,100,1,1,77,155,60.41118241013244
2024-04-17 22:00:00,1,0,1,5.208402194247969,73,0,0,23,85,62.31805365674188
2024-04-17 23:00:00,1,2,1,14.326462559435376,95,0,0,89,84,70.1886514881195
2024-04-18 00:00:00,0,1,0,17.50592313650169,165,1,0,24,159,52.211731623869085
2024-04-18 01:00:00,0,2,2,2.9157980983832323,76,0,0,86,41,28.962032520550046
2024-04-18 02:00:00,2,1,2,5.536561918478799,144,1,1,26,215,28.941638120569205
2024-04-18 03:00:00,0,1,2,1.4574756982034018,416,0,0,61,291,20.182649805663782
2024-04-18 04:00:00,2,2,1,1.8327670634443751,484,1,1,19,420,22.391268542919363
2024-04-18 05:00:00,2,2,0,1.5627393061377095,148,1,1,26,220,30.328408850354148
2024-04-18 06:00:00,2,2,2,16.212964772101877,165,1,1,17,206,58.578881433073455
2024-04-18 07:00:00,2,2,2,6.667560890184757,325,0,1,11,284,46.00562385824075
2024-04-18 08:00:00,0,1,2,10.371017351867792,385,0,0,65,240,43.20108560347629
2024-04-18 09:00:00,2,2,2,15.96904100834331,144,1,1,74,180,54.84270239542435
2024-04-18 10:00:00,0,2,0,10.403929591427644,248,0,1,64,238,54.126463052255474
2024-04-18 11:00:00,2,1,0,9.154725189867326,195,0,1,78,185,28.26027810038151
2024-04-18 12:00:00,2,0,0,1.2198909232997177,441,1,1,95,396,49.75147857017864
2024-04-18 13:00:00,0,2,1,11.792750548198368,204,0,1,89,171,50.65184792928116
2024-04-18 14:00:00,2,2,2,3.370118484604641,319,0,0,82,240,23.36864440416196
2024-04-18 15:00:00,2,0,2,15.528316575029498,451,0,0,45,308,68.05380995102536
2024-04-18 16:00:00,0,0,2,5.8970167524853725,370,0,1,18,313,54.162754796420494
2024-04-18 17:00:00,2,0,2,13.809560805364448,464,1,1,23,442,72.22672445598909
2024-04-18 18:00:00,1,1,0,13.27824702866891,325,0,0,83,262,51.37633843552743
2024-04-18 19:00:00,2,1,1,12.716836455670382,375,0,1,31,296,38.02641984667742
2024-04-18 20:00:00,2,1,1,6.07208814320666,305,0,0,25,207,27.33798569587369
2024-04-18 21:00:00,0,1,2,6.074705766335795,94,1,1,50,167,32.12864284270377
2024-04-18 22:00:00,2,0,0,17.39791282538527,50,1,1,76,111,82.72025986052944
2024-04-18 23:00:00,2,2,1,1.2433393199781129,196,1,0,37,197,30.64892501244628
2024-04-19 00:00:00,2,1,1,4.4489300356252,344,0,1,38,303,19.813931233781634
2024-04-19 01:00:00,2,1,2,12.593247435197716,424,1,1,74,399,43.44991989388398
2024-04-19 02:00:00,1,1,1,16.523878833660227,204,0,0,37,138,61.28050120146998
2024-04-19 03:00:00,2,2,2,7.808564664784314,105,1,1,95,165,49.39953120973309
2024-04-19 04:00:00,0,2,0,13.415425713605202,449,1,0,41,364,55.5782760965466
2024-04-19 05:00:00,1,0,2,11.58597197278449,275,0,1,61,246,81.96895544280288
2024-04-19 06:00:00,2,0,1,2.2262619851586725,56,1,0,20,49,49.915749593990526
2024-04-19 07:00:00,1,1,2,12.813253741682884,69,1,1,35,165,54.068596259999
2024-04-19 08:00:00,2,1,2,16.464165973177376,208,1,0,40,188,47.26139389214393
2024-04-19 09:00:00,1,1,2,19.856518085688776,389,1,0,29,312,67.56052499192506
2024-04-19 10:00:00,2,1,2,1.5631613803827342,128,1,0,93,154,21.289547720443476
2024-04-19 11:00:00,0,0,2,13.541105279093491,458,0,1,78,368,84.4740558428187
2024-04-19 12:00:00,2,2,2,8.876441509811281,415,0,1,50,320,45.669995510071466
2024-04-19 13:00:00,2,2,1,1.1859698854179004,50,1,0,76,68,29.105992489603512
2024-04-19 14:00:00,0,2,2,12.672857930461715,450,0,1,53,389,51.4032719076994
2024-04-19 15:00:00,0,1,1,3.3261186725570746,385,0,0,69,250,32.02137643275477
2024-04-19 16:00:00,2,1,2,8.192770153593596,278,1,1,16,246,32.272455255865125
2024-04-19 17:00:00,2,2,0,5.965974757279644,262,1,0,63,211,48.490465363266914
2024-04-19 18:00:00,0,2,2,7.862104643150888,332,0,1,72,291,54.37347796962226
2024-04-19 19:00:00,0,1,1,10.361216048518042,297,1,1,91,321,41.32627134482808
2024-04-19 20:00:00,1,2,1,7.824981117300775,168,0,1,89,171,57.28817839315583
2024-04-19 21:00:00,0,0,0,11.501905541201245,428,0,1,22,342,67.94799166797131
2024-04-19 22:00:00,1,2,2,5.534344114424221,276,1,1,42,254,46.15409211200739
2024-04-19 23:00:00,0,2,0,13.07187358113925,73,1,1,16,130,60.094852359266746
2024-04-20 00:00:00,2,2,2,17.221497078372213,239,0,1,39,179,58.39750696298273
2024-04-20 01:00:00,2,2,2,5.257273891389035,357,0,1,20,321,46.16002844186109
2024-04-20 02:00:00,0,2,1,10.649667101256828,356,1,0,79,267,51.64184196935317
2024-04-20 03:00:00,0,0,0,13.325105906447885,499,1,0,30,373,65.46528971463016
2024-04-20 04:00:00,2,1,0,11.727896493054908,106,1,0,41,88,40.69476056203087
2024-04-20 05:00:00,2,2,1,7.947339477652293,360,1,1,14,338,45.14196299735321
2024-04-20 06:00:00,1,1,1,13.20179445210922,358,1,1,44,346,59.13188070862754
2024-04-20 07:00:00,0,1,0,1.5366779179914485,138,1,0,56,158,24.641422117784785
2024-04-20 08:00:00,2,2,1,8.028218407932227,324,0,0,21,225,40.42344243572762
2024-04-20 09:00:00,2,0,2,11.11963207817906,158,0,0,46,96,63.61030549419181
2024-04-20 10:00:00,2,1,0,1.3916500178814288,190,1,0,53,192,18.657485451802906
2024-04-20 11:00:00,2,1,0,10.645327764001696,334,0,0,31,240,30.621986761435014
2024-04-20 12:00:00,2,1,1,13.430834754546938,439,0,0,20,306,51.82820860020173
2024-04-20 13:00:00,2,2,2,15.424946256547855,425,0,0,96,289,57.41454340568994
2024-04-20 14:00:00,0,1,0,3.1541075467791773,293,0,0,64,186,26.44288396207589
2024-04-20 15:00:00,2,1,0,19.8207326229422,434,0,0,19,316,63.0754109643688
2024-04-20 16:00:00,1,2,2,12.517186325366817,457,0,0,51,318,58.10379442221488
2024-04-20 17:00:00,1,1,1,7.90068205963427,123,0,1,97,105,57.00915935469659
2024-04-20 18:00:00,2,2,1,5.732764234677562,404,0,1,89,327,32.54828007145582
2024-04-20 19:00:00,0,2,1,11.885040371984877,311,1,1,85,326,61.01239984551244
2024-04-20 20:00:00,2,1,1,17.752521296164844,225,1,0,64,242,45.65891597503877
2024-04-20 21:00:00,1,2,2,10.89074252668593,453,1,0,59,351,57.29538090909036
2024-04-20 22:00:00,2,2,2,13.567969056494244,279,1,1,41,300,55.14198238174082
2024-04-20 23:00:00,0,2,0,7.7962323512706435,125,0,1,97,129,46.67842023902352
2024-04-21 00:00:00,0,2,0,8.37489347369048,372,1,0,77,302,42.09877078503265
2024-04-21 01:00:00,2,1,2,6.437327009665948,232,1,1,27,258,23.666318060148537
2024-04-21 02:00:00,2,0,0,14.407108592996556,323,0,1,90,304,66.82908826125477
2024-04-21 03:00:00,0,2,2,7.824563514914736,326,1,1,94,340,51.14525245266307
2024-04-21 04:00:00,0,1,1,4.623611676783545,276,1,1,74,295,30.7015628822354
2024-04-21 05:00:00,2,1,2,8.01861085215852,497,0,1,34,381,33.838217686641286
2024-04-21 06:00:00,0,1,2,17.222716948822367,214,1,1,40,249,51.78047646862353
2024-04-21 07:00:00,2,1,0,15.026788827961544,324,1,1,93,346,47.4261980858962
2024-04-21 08:00:00,0,2,2,7.358176044807714,266,0,1,99,247,37.80114048722846
2024-04-21 09:00:00,2,1,1,18.229370331897343,361,0,1,28,316,47.17847536294135
2024-04-21 10:00:00,1,1,1,2.4218200672318724,239,1,0,98,210,39.6604934165604
2024-04-21 11:00:00,2,2,0,1.9453220368592208,67,1,1,27,130,30.45080707421655
2024-04-21 12:00:00,2,1,0,3.421936740919584,281,1,0,77,247,30.92752852181717
2024-04-21 13:00:00,2,2,2,3.212640361313458,463,0,0,42,319,34.66247564575279
2024-04-21 14:00:00,2,2,0,2.6688519852344696,233,1,0,79,171,24.04225684096258
2024-04-21 15:00:00,0,1,1,13.565509627961855,155,1,1,16,225,51.18382554083489
2024-04-21 16:00:00,2,2,0,12.416005213453053,292,1,1,10,307,43.22506538485443
2024-04-21 17:00:00,1,2,0,13.30450470105258,475,1,1,96,383,70.05296249938813
2024-04-21 18:00:00,2,1,1,14.07895502907857,102,0,1,89,72,41.92635561481836
2024-04-21 19:00:00,2,1,2,15.380715297132918,275,0,1,68,238,42.27991749436152
2024-04-21 20:00:00,2,2,2,4.936361622241797,251,1,1,43,277,34.97810104861323
2024-04-21 21:00:00,2,0,0,12.823766751461196,135,1,1,61,172,59.71423366174195
2024-04-21 22:00:00,2,2,1,12.020924527391092,99,0,1,20,101,47.45840549778055
2024-04-21 23:00:00,2,1,1,18.929540490266,432,0,1,17,349,42.48843073775352
2024-04-22 00:00:00,2,2,1,5.414986760553323,309,0,0,97,213,41.26869790484804
2024-04-22 01:00:00,2,2,2,2.115735753112297,368,0,1,96,302,30.730441050202117
2024-04-22 02:00:00,0,2,1,13.41640632457632,244,1,1,62,237,56.09244126744908
2024-04-22 03:00:00,0,2,1,15.063283964497524,418,0,1,24,346,62.619562491921
2024-04-22 04:00:00,2,2,2,6.380724110343463,297,0,0,37,208,32.09925713094531
2024-04-22 05:00:00,2,0,1,11.84612018785371,105,1,1,93,133,62.451830388458106
2024-04-22 06:00:00,1,2,2,2.131185245148861,226,1,1,23,257,47.28720168692574
2024-04-22 07:00:00,0,2,0,19.24085198219749,199,1,0,99,171,64.2571985290116
2024-04-22 08:00:00,0,1,0,3.088574492684204,445,1,1,67,385,32.0845005611228
2024-04-22 09:00:00,2,0,0,2.2838401868879186,482,1,0,66,380,43.45060318874386
2024-04-22 10:00:00,0,0,0,1.8380930303977616,62,1,0,61,77,39.6769962545464
2024-04-22 11:00:00,0,1,0,9.1181662235637,410,1,1,46,369,39.44337963057042
2024-04-22 12:00:00,0,2,2,2.8460351256866105,338,0,1,11,270,34.179816324029176
2024-04-22 13:00:00,1,1,2,15.14831657815593,480,0,0,43,341,70.25267385224525
2024-04-22 14:00:00,2,2,2,18.078609051901708,113,1,1,43,192,59.773468568654735
2024-04-22 15:00:00,2,2,1,5.944159714172284,388,0,0,67,270,41.10172969464929
2024-04-22 16:00:00,0,1,0,12.94668926577658,154,0,1,82,144,43.9134149935906
2024-04-22 17:00:00,1,0,1,1.8044304932245376,450,1,0,70,372,50.58847620203278
2024-04-22 18:00:00,2,1,1,8.344724962163113,288,0,1,63,253,33.18224284364171
2024-04-22 19:00:00,2,2,1,6.565900155126839,83,0,0,76,30,39.7380066890916
2024-04-22 20:00:00,2,2,0,5.343762832366818,373,0,0,39,265,40.339519186557126
2024-04-22 21:00:00,2,1,1,13.249746302945285,88,0,0,92,48,32.9320276224793
2024-04-22 22:00:00,0,1,0,3.47433098081219,274,1,1,89,297,29.417428926101238
2024-04-22 23:00:00,0,1,0,17.35349994264278,178,0,0,68,85,56.85246102167478
2024-04-23 00:00:00,2,2,0,13.63188222100596,182,0,1,67,175,54.00683673273633
2024-04-23 01:00:00,2,2,1,14.503968395073102,89,1,1,33,174,41.40914465774281
2024-04-23 02:00:00,2,1,0,18.771541864495696,368,0,0,24,250,57.64425036816789
2024-04-23 03:00:00,2,1,0,18.90508455854778,434,1,0,31,341,47.41252188740536
2024-04-23 04:00:00,0,1,2,11.48139415256548,468,0,1,41,363,47.489869699879605
2024-04-23 05:00:00,1,2,1,10.412216528433628,270,0,0,84,185,69.43180913244473
2024-04-23 06:00:00,1,2,2,7.3722505563112914,450,1,0,51,326,58.76304912208752
2024-04-23 07:00:00,2,1,2,14.595860593846895,143,1,1,68,165,45.47508477547338
2024-04-23 08:00:00,1,2,1,11.225968852616449,148,1,0,97,117,61.5581735027345
2024-04-23 09:00:00,0,1,2,18.72462651506237,109,0,1,92,154,58.21168799528709
2024-04-23 10:00:00,0,0,0,5.533893025539501,178,1,0,64,134,50.95026253034663
2024-04-23 11:00:00,2,0,2,6.894801038759324,181,1,0,14,150,55.94817469434788
2024-04-23 12:00:00,2,2,2,7.005718500979405,442,0,1,50,328,38.1759297643286
2024-04-23 13:00:00,2,0,0,16.313970636577434,350,1,0,66,315,66.84170816200623
2024-04-23 14:00:00,2,0,2,2.881766305000894,465,0,1,62,365,40.94183074736105
2024-04-23 15:00:00,2,0,0,9.657333298790617,118,0,0,47,53,59.13863594948168
2024-04-23 16:00:00,2,2,1,9.1240340024879,63,1,0,10,69,36.65902093675058
2024-04-23 17:00:00,2,1,2,2.3896527992614134,484,1,1,69,409,20.0198756660849
2024-04-23 18:00:00,0,1,1,8.805142972342596,200,0,1,85,208,43.84424563699047
2024-04-23 19:00:00,2,1,2,10.754181682395645,223,1,1,55,241,37.45899785472464
2024-04-23 20:00:00,2,2,0,2.236989157593352,460,0,1,13,348,28.52869328629607
2024-04-23 21:00:00,1,1,2,10.68738044044868,394,1,1,24,394,47.489853723631455
2024-04-23 22:00:00,1,1,1,19.22552018898462,341,1,0,90,289,70.52825378801589
2024-04-23 23:00:00,0,2,0,19.599372140069114,245,0,1,21,203,61.78903312813254
2024-04-24 00:00:00,1,1,0,11.101915793206413,81,0,1,10,114,51.69198105603768
2024-04-24 01:00:00,0,2,1,10.78684171945622,122,1,1,86,144,52.23904358880266
2024-04-24 02:00:00,1,0,1,6.424655161911437,243,0,1,39,185,64.67070834234912
2024-04-24 03:00:00,2,2,2,19.94519396252993,475,1,1,83,399,66.26761590051845
2024-04-24 04:00:00,2,2,2,6.210354249479295,99,1,1,15,174,47.15163698256834
2024-04-24 05:00:00,2,2,0,9.60512470835917,106,0,1,82,153,46.74123702112583
2024-04-24 06:00:00,2,2,1,1.055747098250854,166,0,0,59,94,33.048023967339816
2024-04-24 07:00:00,2,1,1,7.635413527273601,241,0,1,11,219,34.52914144685489
2024-04-24 08:00:00,0,0,2,2.357365711567654,479,1,0,15,409,57.13212105382003
2024-04-24 09:00:00,0,1,2,15.132670637317512,266,1,0,84,241,47.90838301860106
2024-04-24 10:00:00,0,1,0,11.659274607568712,160,0,0,99,100,33.30395074005447
2024-04-24 11:00:00,2,2,1,11.871265668465474,138,0,0,86,114,47.20961154601843
2024-04-24 12:00:00,1,1,1,6.443714432094357,409,1,1,47,394,38.076946741730175
2024-04-24 13:00:00,0,1,1,16.483029514806496,359,1,1,85,324,50.32527764076907
2024-04-24 14:00:00,2,1,1,1.0621475812937533,358,0,0,92,202,13.317018907749656
2024-04-24 15:00:00,0,1,2,7.338422404119649,206,0,1,27,177,37.12971441233956
2024-04-24 16:00:00,2,1,2,13.530452318718488,470,1,0,28,364,49.16665214888391
2024-04-24 17:00:00,2,1,2,18.250528210921495,118,1,0,37,98,57.354260574225954
2024-04-24 18:00:00,1,2,0,5.457703181579428,319,0,0,21,215,50.42472066266062
2024-04-24 19:00:00,2,0,1,11.280900982820942,274,1,0,61,266,53.35431781121643
2024-04-24 20:00:00,2,1,2,11.2218369901331,460,1,0,86,370,33.58105773410956
2024-04-24 21:00:00,1,0,1,17.609313011830295,54,1,1,96,104,82.98966154540113
2024-04-24 22:00:00,0,1,2,1.9598209016370047,292,0,1,67,230,23.604206465317464
2024-04-24 23:00:00,2,1,0,9.06503566034344,167,1,1,31,225,36.93024071047196
2024-04-25 00:00:00,2,1,2,4.4668478210467,221,0,1,54,201,34.47445234674973
2024-04-25 01:00:00,2,2,0,1.409119405673363,192,1,1,71,233,28.266723723551447
2024-04-25 02:00:00,0,2,1,3.7935878698891736,372,1,0,51,307,26.707017361622142
2024-04-25 03:00:00,2,2,2,19.552942784115785,306,0,1,76,262,56.29970702847437
2024-04-25 04:00:00,2,2,2,5.08212168088509,457,0,0,18,367,34.25189580555675
2024-04-25 05:00:00,1,2,2,18.7655846933802,414,1,1,73,371,86.98930240341949
2024-04-25 06:00:00,0,2,1,4.899832509987892,367,0,0,24,230,45.00017897600375
2024-04-25 07:00:00,2,0,0,18.694609320305204,127,0,0,39,92,68.69226187090202
2024-04-25 08:00:00,0,1,0,13.437797768805972,106,0,0,35,73,39.29076162571042
2024-04-25 09:00:00,0,1,2,3.1511529725366083,69,1,0,78,95,14.091209828350408
2024-04-25 10:00:00,2,2,1,12.056387947404978,491,0,0,31,334,52.47150123701761
2024-04-25 11:00:00,2,2,0,7.051766713265294,63,1,0,63,75,35.89329462335662
2024-04-25 12:00:00,1,1,0,8.279909963583334,255,0,1,67,254,43.22407861333018
2024-04-25 13:00:00,2,1,0,9.363248198864488,286,0,1,88,269,38.60378350398639
2024-04-25 14:00:00,0,2,0,9.031433428076356,230,1,0,62,196,42.98551593874508
2024-04-25 15:00:00,2,2,0,13.61806891917755,340,1,0,28,285,47.41204123890429
2024-04-25 16:00:00,2,1,2,15.5989933032245,495,0,1,43,405,47.11868107559209
2024-04-25 17:00:00,2,0,2,7.254376094821305,238,1,0,91,205,53.64169523150046
2024-04-25 18:00:00,2,2,2,18.562915272028107,196,1,1,23,200,66.63698427121446
2024-04-25 19:00:00,2,2,0,18.83085996635865,389,0,0,31,225,57.33846154830849
2024-04-25 20:00:00,2,2,0,1.7731183058717246,91,0,1,97,127,29.923528105124277
2024-04-25 21:00:00,1,0,0,1.2832669887773511,477,1,0,22,366,55.22402796951276
2024-04-25 22:00:00,1,1,2,9.076260272870158,403,0,1,73,359,47.20078069167722
2024-04-25 23:00:00,0,1,0,12.222259768765513,50,1,1,65,97,43.4606953927803
2024-04-26 00:00:00,1,2,2,6.28019020158917,373,1,1,81,359,49.92831891271084
2024-04-26 01:00:00,2,2,0,5.928861270629713,153,1,0,51,123,41.03128577935906
2024-04-26 02:00:00,1,1,2,13.888342764474622,304,0,1,75,266,58.49884858889364
2024-04-26 03:00:00,2,0,1,12.432381408455829,258,1,1,72,258,58.45183239308202
2024-04-26 04:00:00,1,2,0,4.175790624869084,267,0,0,51,148,49.3692223554375
2024-04-26 05:00:00,1,1,0,17.805518302038017,127,1,0,43,143,63.55497572891293
2024-04-26 06:00:00,0,1,2,13.919545333060327,479,1,0,38,383,45.430769567654174
2024-04-26 07:00:00,1,1,0,7.888948734211159,100,1,1,35,169,49.04529142127864
2024-04-26 08:00:00,0,2,2,13.98886910983185,337,0,0,32,261,56.56302487798599
2024-04-26 09:00:00,2,0,2,3.1404086485885028,149,0,1,45,169,46.908577091784615
2024-04-26 10:00:00,2,2,1,9.896866366907066,261,1,1,18,264,47.95006633140086
2024-04-26 11:00:00,0,0,1,4.210703781631627,452,1,1,94,447,53.26792421773945
2024-04-26 12:00:00,2,0,0,1.787193676440296,286,0,1,51,262,31.7955644719168
2024-04-26 13:00:00,0,2,0,7.428199135477695,344,1,1,76,310,49.88149277034034
2024-04-26 14:00:00,1,2,2,3.8639741861348815,447,0,0,16,307,38.03484126446428
2024-04-26 15:00:00,2,2,2,13.03684118212267,206,1,0,32,171,45.41821555219259
2024-04-26 16:00:00,0,2,2,13.807289986336496,347,1,0,41,320,55.62316620344405
2024-04-26 17:00:00,1,1,2,3.825153818305464,63,0,0,32,63,37.39511746591492
2024-04-26 18:00:00,1,2,0,1.467647106465099,165,0,0,25,120,34.6892045096571
2024-04-26 19:00:00,1,1,1,16.063400671068045,188,0,0,78,123,63.16289442494464
2024-04-26 20:00:00,0,0,0,1.0390833938426836,124,1,0,22,166,51.67872987013159
2024-04-26 21:00:00,1,0,0,7.534348694491985,352,1,1,19,361,68.88527714324474
2024-04-26 22:00:00,0,1,0,10.397082662867726,409,0,1,68,327,38.97547128112655
2024-04-26 23:00:00,2,1,1,16.554201582230224,73,1,1,11,143,53.956788606254406
2024-04-27 00:00:00,2,2,0,16.932614212176674,455,1,1,89,419,56.371161576012646
2024-04-27 01:00:00,0,2,1,14.773849371598654,226,1,1,61,232,47.23058520607921
2024-04-27 02:00:00,2,1,2,5.696754828258059,488,0,0,10,326,27.659475117107107
2024-04-27 03:00:00,0,2,0,14.683551752064243,104,0,0,79,113,56.64303440143357
2024-04-27 04:00:00,0,1,2,5.684244759661892,262,1,0,63,222,27.89282694431552
2024-04-27 05:00:00,2,1,2,5.077555642902332,375,1,1,28,346,33.22737155297414
2024-04-27 06:00:00,0,1,2,11.395431130380116,383,1,0,37,324,37.812031886792376
2024-04-27 07:00:00,0,1,0,13.89823443284719,378,0,1,14,293,44.52773676236114
2024-04-27 08:00:00,2,2,2,2.007983552321931,212,0,1,85,198,24.16455697351326
2024-04-27 09:00:00,2,0,0,2.1404294213675605,349,0,0,39,270,47.53186408947866
2024-04-27 10:00:00,2,2,2,15.899243049519006,213,0,1,90,168,61.54556867473688
2024-04-27 11:00:00,2,2,0,17.330447768344115,138,0,1,28,133,62.90597274667908
2024-04-27 12:00:00,1,1,0,12.484377410495986,64,1,0,51,80,55.84574039306353
2024-04-27 13:00:00,2,2,0,9.147732184430833,350,1,0,34,269,45.05450658154226
2024-04-27 14:00:00,0,1,2,17.061013112384533,171,0,0,44,142,56.69404658923792
2024-04-27 15:00:00,2,2,0,14.847523622731272,367,0,0,18,281,60.21491079464313
2024-04-27 16:00:00,2,0,2,12.012289770194103,397,0,1,48,336,74.85379167578401
2024-04-27 17:00:00,1,1,1,7.075385317026504,227,0,0,65,157,46.3306533101761
2024-04-27 18:00:00,0,2,2,4.761906171479509,318,1,0,47,294,36.32082804326564
2024-04-27 19:00:00,2,1,2,8.954787746158797,154,1,0,24,139,22.289811771004413
2024-04-27 20:00:00,2,1,0,6.44962894324402,208,1,0,55,188,32.753216882456286
2024-04-27 21:00:00,2,1,2,7.445913166954758,54,1,1,46,132,36.04250039624682
2024-04-27 22:00:00,2,1,1,10.796990050928615,388,0,1,99,312,33.780925680697536
2024-04-27 23:00:00,0,1,0,4.2127851820805855,441,0,1,69,354,29.00925092183585
2024-04-28 00:00:00,2,1,2,16.317356921402684,190,0,0,71,111,51.43121231433894
2024-04-28 01:00:00,2,2,2,3.765059772580581,218,1,0,40,215,24.743753199514856
2024-04-28 02:00:00,2,1,0,10.138879148998097,66,1,1,39,96,25.03129481103604
2024-04-28 03:00:00,1,2,0,15.173455423528296,81,1,1,75,148,68.04477270149287
2024-04-28 04:00:00,1,0,2,10.215393446102327,54,1,0,16,63,71.52730528952412
2024-04-28 05:00:00,2,2,2,7.859419208184136,431,1,1,39,388,48.21774521316269
2024-04-28 06:00:00,0,1,0,10.022934810632268,186,0,0,42,90,40.39129529868865
2024-04-28 07:00:00,2,1,0,17.12474327860867,156,1,0,47,170,53.70065352430751
2024-04-28 08:00:00,2,0,1,19.818202267395197,211,1,1,93,230,69.12159163952867
2024-04-28 09:00:00,0,2,1,12.991722496499277,306,1,1,28,315,54.91836928472752
2024-04-28 10:00:00,1,2,1,16.075436810325314,217,0,0,18,152,69.81709998593251
2024-04-28 11:00:00,1,1,0,1.2752850370264848,487,1,0,95,376,33.500407379161985
2024-04-28 12:00:00,0,2,0,17.726923780966878,431,1,1,41,399,69.38238462477189
2024-04-28 13:00:00,2,1,0,19.126945438630447,337,0,1,39,262,51.42406765176917
2024-04-28 14:00:00,0,0,2,11.92821749339384,431,0,1,15,351,73.98599925082124
2024-04-28 15:00:00,2,0,0,15.322292379144177,404,0,0,70,254,70.35134238779119
2024-04-28 16:00:00,0,1,2,10.742150116241422,294,1,1,90,275,38.071133716234165
2024-04-28 17:00:00,2,2,0,6.437871068656205,162,1,1,46,192,36.49761027189938
2024-04-28 18:00:00,0,1,0,17.192711467677245,227,1,1,88,233,43.1419534609086
2024-04-28 19:00:00,2,2,2,12.339897527922894,492,1,0,80,388,55.26862081915176
2024-04-28 20:00:00,2,0,0,12.008278592036731,239,0,0,87,139,63.53377426342632
2024-04-28 21:00:00,1,2,0,13.523511872982922,60,0,0,29,54,69.67665095259143
2024-04-28 22:00:00,2,1,0,17.26406015074812,72,0,0,39,94,55.53013426984082
2024-04-28 23:00:00,0,1,1,14.906216389648325,168,0,0,27,137,40.84506905909888
2024-04-29 00:00:00,2,0,0,5.01135969009916,331,1,1,72,330,37.186899048982376
2024-04-29 01:00:00,2,2,2,9.869647343739071,368,0,0,70,246,52.17998751839973
2024-04-29 02:00:00,2,2,2,19.62566830773792,479,1,1,66,428,59.56903104862972
2024-04-29 03:00:00,2,1,2,11.536653561492717,118,1,0,31,133,38.10350341695258
2024-04-29 04:00:00,1,1,0,18.82666171594517,395,0,0,98,298,65.18472106305123
2024-04-29 05:00:00,2,0,2,16.454020239948065,183,1,0,97,202,73.28076910124216
2024-04-29 06:00:00,1,2,1,13.654445394366418,302,1,1,58,289,72.5047026668726
2024-04-29 07:00:00,0,2,2,7.63793885053535,100,1,0,27,79,39.64973327636035
2024-04-29 08:00:00,2,2,0,6.782067602983341,92,0,1,70,124,47.13010243543097
2024-04-29 09:00:00,0,2,1,13.22500024065417,475,1,1,91,419,54.863235542793205
2024-04-29 10:00:00,0,1,2,9.218663576081806,190,1,0,87,153,46.68955086570471
2024-04-29 11:00:00,0,1,1,16.176318833517815,74,1,1,77,129,40.80597172063716
2024-04-29 12:00:00,2,2,2,15.44867805126372,435,0,1,16,333,51.82869565671432
2024-04-29 13:00:00,2,2,0,6.930479248031771,319,1,0,16,266,32.72916791615851
2024-04-29 14:00:00,1,2,1,14.35184687817348,450,1,1,74,444,62.2439811238116
2024-04-29 15:00:00,1,0,2,10.396453611846496,410,1,0,49,328,82.10221746241437
2024-04-29 16:00:00,1,1,2,7.142549915465944,153,0,0,33,100,39.380469935394565
2024-04-29 17:00:00,2,1,1,8.84636526252816,473,0,1,41,403,37.69829495447394
2024-04-29 18:00:00,0,0,1,18.011685477032977,344,0,1,19,297,84.72635763359956
2024-04-29 19:00:00,2,2,1,7.830836150328269,202,1,1,18,242,46.27995846980312
2024-04-29 20:00:00,2,2,1,6.460586193069703,353,1,1,48,376,29.371376232135127
2024-04-29 21:00:00,2,2,2,7.684337193492619,420,1,0,12,298,43.63324981442474
2024-04-29 22:00:00,0,2,2,5.077750287965142,354,1,0,78,260,46.58818601200418
2024-04-29 23:00:00,2,1,2,11.348064760530244,210,1,1,16,231,42.7527001450874
2024-04-30 00:00:00,2,2,0,3.801292290128112,332,0,0,21,259,32.29176815094497
2024-04-30 01:00:00,1,0,1,16.53143194230141,94,0,1,32,111,79.4664998563681
2024-04-30 02:00:00,2,2,2,5.286024697666896,336,1,0,98,291,35.84705972878572
2024-04-30 03:00:00,2,2,1,12.363045523253268,368,0,1,72,280,52.597632715737525
2024-04-30 04:00:00,2,1,1,3.375484479477977,417,0,1,26,358,19.27589994648384
2024-04-30 05:00:00,1,1,2,19.5906098160722,215,1,1,87,242,68.74923735301402
2024-04-30 06:00:00,0,1,1,9.636933718979297,256,1,1,73,254,44.11575720887555
2024-04-30 07:00:00,2,1,1,16.621255474417474,157,0,0,74,136,49.318104356311096
2024-04-30 08:00:00,1,0,1,15.604308877349691,473,0,0,95,348,93.62067509107018
2024-04-30 09:00:00,1,2,1,14.560167895767895,491,1,1,37,436,70.24650371708479
2024-04-30 10:00:00,2,2,1,16.719932552887585,114,1,1,67,166,57.318160524723545
2024-04-30 11:00:00,0,2,2,2.908808564534411,316,1,0,96,230,40.48899909800134
2024-04-30 12:00:00,0,1,2,13.89144675196728,448,0,1,27,355,51.56713770615353
2024-04-30 13:00:00,0,0,1,6.0507174702018425,402,0,0,53,253,56.30740930245189
2024-04-30 14:00:00,2,1,1,15.931561617265206,234,1,1,73,254,53.18973786565901
2024-04-30 15:00:00,1,1,1,19.180506437109887,417,1,1,46,389,62.11760762302812
2024-04-30 16:00:00,0,2,0,18.128301067011225,273,1,0,12,242,64.79380376737953
2024-04-30 17:00:00,2,0,1,3.184092226999656,202,1,0,23,182,58.196060805604496
2024-04-30 18:00:00,2,0,0,8.0214959927836,472,1,0,16,402,62.90956666136944
2024-04-30 19:00:00,2,1,0,7.922132386754395,338,0,0,26,208,35.64349457714501
2024-04-30 20:00:00,2,0,0,3.323629060831082,334,0,1,79,284,42.01027415436158
2024-04-30 21:00:00,0,1,2,2.8643950135897214,235,1,1,92,279,16.027711187027684
2024-04-30 22:00:00,2,1,0,8.312912564414452,275,1,0,88,245,30.27912082064623
2024-04-30 23:00:00,2,0,1,19.849359459433717,249,1,0,48,203,82.07173661254488
2024-05-01 00:00:00,0,0,1,11.809910370259228,60,0,1,14,106,74.5917604161235
2024-05-01 01:00:00,2,2,2,12.813850943480867,446,1,1,88,392,45.09687344286319
2024-05-01 02:00:00,1,2,2,9.949359290354964,374,0,1,61,313,60.979289809669
2024-05-01 03:00:00,2,0,1,13.584280493776433,326,0,0,35,241,65.70413851754148
2024-05-01 04:00:00,2,2,2,19.176579534150623,52,1,0,48,47,64.1010111492268
2024-05-01 05:00:00,2,0,2,12.185261118673443,459,1,1,54,431,66.71278276566619
2024-05-01 06:00:00,2,2,0,2.2357307347026723,466,1,0,86,383,28.01516792377301
2024-05-01 07:00:00,2,0,0,10.364920814195774,399,1,1,40,333,57.65945031912224
2024-05-01 08:00:00,0,0,2,19.862274191787076,327,1,1,86,251,83.86163610040086
2024-05-01 09:00:00,1,1,1,8.360651691291002,111,0,0,32,35,49.41527097167968
2024-05-01 10:00:00,2,0,0,12.283743507074972,54,0,1,49,88,67.23866643324892
2024-05-01 11:00:00,0,2,1,3.026098505147523,452,1,0,41,393,30.83385637385162
2024-05-01 12:00:00,0,1,2,3.682429475994771,58,1,1,13,147,21.229076086007154
2024-05-01 13:00:00,1,2,1,17.61894760992529,107,1,1,90,187,80.13753708422838
2024-05-01 14:00:00,2,1,1,6.706547936780618,329,1,0,93,288,21.78636033639279
2024-05-01 15:00:00,2,2,1,6.8035741937372665,472,1,1,55,428,35.43117036754616
2024-05-01 16:00:00,2,0,1,8.357046924044235,287,0,1,84,207,55.74795973556515
2024-05-01 17:00:00,0,1,2,19.36309478518593,366,0,1,51,330,58.9354217616156
2024-05-01 18:00:00,1,2,2,2.603419424700652,176,0,1,48,161,44.96508442856573
2024-05-01 19:00:00,2,0,0,16.556517948475364,353,0,1,79,274,76.42599561923201
2024-05-01 20:00:00,2,2,0,7.489599652853743,286,1,1,65,282,47.74775862931087
2024-05-01 21:00:00,1,1,0,17.139892493724023,268,1,1,56,294,63.96503864412871
2024-05-01 22:00:00,1,2,0,19.843357340586305,227,1,0,47,199,75.04433620506445
2024-05-01 23:00:00,1,2,1,7.6246807940232095,367,0,1,27,309,56.64364611019286
2024-05-02 00:00:00,0,2,0,3.4577709580347498,486,0,0,11,339,35.504573200988446
2024-05-02 01:00:00,2,0,0,3.743134461675637,198,1,1,63,255,45.23977932528925
2024-05-02 02:00:00,0,2,1,15.416076928034531,87,0,0,90,26,64.46419065859516
2024-05-02 03:00:00,0,0,2,3.753509494424594,167,1,1,97,206,46.5696458635644
2024-05-02 04:00:00,2,2,0,5.948009802158095,364,1,0,39,307,34.205473367147086
2024-05-02 05:00:00,0,1,2,4.883568529579516,146,1,1,97,196,28.78546163210178
2024-05-02 06:00:00,0,2,0,7.7578927165886675,476,1,0,13,401,49.6178571405188
2024-05-02 07:00:00,2,2,2,2.412964927844062,66,0,1,16,100,32.89615375244445
2024-05-02 08:00:00,0,2,0,17.278107165737904,374,1,1,88,344,69.46045891071556
2024-05-02 09:00:00,0,1,2,17.342779924218878,477,1,1,66,410,51.21716470515514
2024-05-02 10:00:00,1,1,2,8.845725071171106,496,1,1,39,405,56.27374142367914
2024-05-02 11:00:00,2,1,0,12.62966381144603,328,1,1,53,306,38.66968560425224
2024-05-02 12:00:00,2,1,2,13.197079847181788,408,1,1,86,351,44.3451886641844
2024-05-02 13:00:00,0,2,0,15.235904191572647,203,0,1,38,189,61.46923773096786
2024-05-02 14:00:00,2,1,0,10.89311166333697,143,1,0,99,102,33.130022774658975
2024-05-02 15:00:00,0,2,1,10.696384863392034,481,1,0,45,378,49.78007541823155
2024-05-02 16:00:00,0,1,0,12.994771769236008,224,0,1,57,198,48.94587037218815
2024-05-02 17:00:00,2,1,0,14.357919517727671,351,1,0,28,309,46.44046315875375
2024-05-02 18:00:00,0,2,0,7.587117163555783,78,1,0,72,106,46.92530279969417
2024-05-02 19:00:00,0,1,0,7.277038992107487,83,1,1,11,171,40.33616693371499
2024-05-02 20:00:00,2,0,1,6.1246496778222745,59,1,0,23,82,58.62702992570813
2024-05-02 21:00:00,1,1,1,11.428084550942222,325,1,1,89,336,51.93529693190171
2024-05-02 22:00:00,1,2,1,7.842958101559675,339,1,1,44,328,51.74165628505847
2024-05-02 23:00:00,0,0,1,11.265952086445006,150,1,1,95,177,61.811176040011226
2024-05-03 00:00:00,0,2,2,8.71371055071151,190,0,0,30,123,49.77089147641436
2024-05-03 01:00:00,2,1,0,16.897949468500556,136,1,1,26,196,55.83714694019128
2024-05-03 02:00:00,1,2,1,2.389474555163754,443,1,0,91,359,45.91310382902304
2024-05-03 03:00:00,0,2,0,11.87200127848882,350,1,1,41,339,52.904627722862834
2024-05-03 04:00:00,0,0,1,11.936851261156756,177,0,1,32,175,74.01551782046353
2024-05-03 05:00:00,1,0,0,8.290628900235298,255,1,0,15,223,67.38718161225486
2024-05-03 06:00:00,2,1,2,8.99939699669972,138,1,1,38,169,32.50380593833085
2024-05-03 07:00:00,1,0,1,16.20249585677564,131,1,1,72,184,82.14454252479811
2024-05-03 08:00:00,2,1,2,6.332800494946362,261,0,1,79,226,30.962419815519315
2024-05-03 09:00:00,2,1,2,17.556672037097094,168,1,0,90,154,44.46636845416421
2024-05-03 10:00:00,2,0,0,18.03052277855917,397,0,1,13,289,81.02861863000282
2024-05-03 11:00:00,1,1,1,13.361766783641723,185,0,0,67,137,54.72302078438246
2024-05-03 12:00:00,1,1,2,15.68429656045387,310,1,1,40,279,71.13390139913527
2024-05-03 13:00:00,0,1,0,12.64600303873528,325,1,0,31,241,34.13179666429665
2024-05-03 14:00:00,0,2,0,10.97992316118524,426,0,0,36,306,53.30598663756566
2024-05-03 15:00:00,0,2,0,19.366877330754363,477,1,1,94,390,70.68346075959312
2024-05-03 16:00:00,1,2,2,6.370444320321819,257,0,0,93,195,50.48962211376089
2024-05-03 17:00:00,2,1,0,3.9288679862191302,363,1,1,96,328,33.261889570628256
2024-05-03 18:00:00,2,2,0,6.462221899707791,453,0,1,25,378,45.76404972600492
2024-05-03 19:00:00,2,0,0,12.677886559209458,292,0,1,15,227,68.53435258405821
2024-05-03 20:00:00,0,0,2,4.51848532392173,394,1,0,89,305,51.63521682563606
2024-05-03 21:00:00,0,1,0,18.26746682129997,149,0,0,16,119,54.3555156669878
2024-05-03 22:00:00,2,0,2,8.80946361264246,164,1,0,23,149,53.01195889992563
2024-05-03 23:00:00,2,2,0,17.149294687545027,379,0,1,12,296,61.82216837042053
2024-05-04 00:00:00,1,1,2,5.735494346047518,473,0,1,58,390,32.8640723436867
2024-05-04 01:00:00,2,1,2,6.950198746572204,65,1,1,45,84,29.372845304299968
2024-05-04 02:00:00,0,1,1,2.125244546277435,53,0,1,38,109,24.915143844475697
2024-05-04 03:00:00,1,2,1,5.897586151525905,315,0,0,13,198,46.381985360228775
2024-05-04 04:00:00,2,1,1,10.315962560302726,484,1,0,49,408,38.0484523480109
2024-05-04 05:00:00,2,2,2,18.976601436741603,97,0,0,50,82,60.95792383984016
2024-05-04 06:00:00,0,1,0,8.389156503938466,272,0,0,31,184,36.92369359311732
2024-05-04 07:00:00,1,0,0,13.155133710183572,253,0,0,88,185,80.87929101615202
2024-05-04 08:00:00,0,1,2,9.12649223190697,69,0,0,13,11,35.63614253434335
2024-05-04 09:00:00,1,0,0,1.8890451645908837,337,0,0,91,220,57.3214569365121
2024-05-04 10:00:00,2,0,2,10.56711989203735,243,1,0,32,200,63.85812323540503
2024-05-04 11:00:00,0,1,0,2.2523592873744964,365,1,1,13,352,30.06615966244012
2024-05-04 12:00:00,0,2,2,17.790298567353183,60,1,1,77,131,69.62043138564464
2024-05-04 13:00:00,1,1,1,15.307702277067364,69,0,0,27,42,65.67952367448423
2024-05-04 14:00:00,2,0,1,8.194377953794959,328,1,0,10,260,48.926634232568006
2024-05-04 15:00:00,1,2,0,13.164154657634503,432,0,0,41,298,62.15925786865958
2024-05-04 16:00:00,0,1,0,3.12853495095331,382,1,1,30,356,21.16037251891938
2024-05-04 17:00:00,2,1,0,14.348544752290366,84,1,0,47,113,38.036564534075566
2024-05-04 18:00:00,2,1,0,16.63191577083792,450,0,0,35,322,46.19493913919037
2024-05-04 19:00:00,1,0,1,16.613167322226456,315,1,0,50,269,82.15434354708623
2024-05-04 20:00:00,2,2,1,6.401273406122461,281,0,0,58,227,36.14571667235226
2024-05-04 21:00:00,2,0,2,6.011177710259706,87,0,0,94,70,48.8376649022457
2024-05-04 22:00:00,2,1,0,10.906556070150891,132,0,0,50,94,43.33147066222794
2024-05-04 23:00:00,1,1,1,19.38767107666712,81,0,1,68,121,67.99233319992166
2024-05-05 00:00:00,0,0,2,18.48993657451562,103,1,1,13,158,90.5576147785486
2024-05-05 01:00:00,0,1,2,7.833131153363654,274,0,1,22,241,43.3662822511583
2024-05-05 02:00:00,2,0,2,15.816760617477838,362,0,1,70,329,70.59634515939675
2024-05-05 03:00:00,0,1,1,18.50503751773769,156,0,1,60,162,56.48965222220312
2024-05-05 04:00:00,0,1,2,5.957602848634496,74,0,1,44,115,35.78856795048763
2024-05-05 05:00:00,1,2,0,16.775617342455856,447,1,0,74,377,66.23915109196214
2024-05-05 06:00:00,1,0,2,6.090016911274355,94,0,1,58,151,71.26250596570479
2024-05-05 07:00:00,2,0,2,7.522360391857002,477,1,0,58,338,62.64899291424973
2024-05-05 08:00:00,0,1,1,4.777593126164329,167,1,1,23,173,25.478231921786985
2024-05-05 09:00:00,2,1,2,10.634516182381557,343,0,0,46,217,36.798795784992826
2024-05-05 10:00:00,0,2,1,17.022906990963584,174,1,1,39,177,61.21329941352814
2024-05-05 11:00:00,2,2,1,11.032990611274734,85,0,0,23,128,52.08195391395013
2024-05-05 12:00:00,2,2,0,3.3453601841688534,393,0,1,84,347,40.12746258866725
2024-05-05 13:00:00,2,1,2,5.783742712316229,429,0,1,36,339,19.931455867786728
2024-05-05 14:00:00,0,0,0,11.69437547834544,472,1,0,71,372,68.83440956824043
2024-05-05 15:00:00,2,2,0,12.080561655840643,216,0,1,12,184,50.976728296773686
2024-05-05 16:00:00,0,0,2,11.961212167352526,318,1,1,79,288,72.44007507119247
2024-05-05 17:00:00,2,2,2,2.463066357618104,243,0,1,48,175,26.653893741342664
2024-05-05 18:00:00,2,2,1,15.32022196006033,467,0,0,28,291,53.03063796128823
2024-05-05 19:00:00,0,0,2,18.27913578079113,173,0,0,85,136,89.16749774815501
2024-05-05 20:00:00,2,2,1,10.699860006868098,320,1,0,48,252,38.629872812213954
2024-05-05 21:00:00,2,0,0,14.657756448665394,107,0,0,19,56,69.95090965100704
2024-05-05 22:00:00,0,0,0,18.366294348694478,417,1,1,56,418,79.10262491314927
2024-05-05 23:00:00,2,2,1,13.209832344012302,108,0,0,98,83,49.70327287984727
2024-05-06 00:00:00,2,2,2,13.81218876418997,499,1,1,32,463,61.27282084456504
2024-05-06 01:00:00,2,1,2,14.706683854295136,357,0,1,68,286,44.57801263967461
2024-05-06 02:00:00,1,1,1,5.949546577627237,266,0,1,99,258,49.302149265846026
2024-05-06 03:00:00,0,1,0,12.07087961961972,118,1,1,92,184,51.18032445312186
2024-05-06 04:00:00,0,1,1,17.00132717634467,293,0,0,29,177,59.55199125822168
2024-05-06 05:00:00,0,1,2,6.627091874954263,152,0,1,54,156,26.059120484443977
2024-05-06 06:00:00,2,1,2,18.046239492340344,54,0,1,53,48,51.03705644151107
2024-05-06 07:00:00,2,1,1,12.787257045547008,348,1,1,27,328,46.43184562263881
2024-05-06 08:00:00,0,2,2,9.040322177228068,313,1,0,57,243,54.22192137405442
2024-05-06 09:00:00,2,1,0,12.840476266605569,290,1,1,84,301,41.43782284681362
2024-05-06 10:00:00,2,1,1,8.63533820809245,383,1,1,98,350,33.54847584296204
2024-05-06 11:00:00,2,2,0,16.922676435115317,398,0,1,10,353,54.06534140618199
2024-05-06 12:00:00,2,2,0,10.164053021284344,271,0,1,41,234,32.67696527386573
2024-05-06 13:00:00,1,2,1,18.1230538353324,368,1,1,73,351,72.33578198302264
2024-05-06 14:00:00,2,2,1,10.686353536108705,278,0,0,16,202,55.0940948897444
2024-05-06 15:00:00,0,0,2,13.546999403110355,468,1,0,99,360,66.03111197419261
2024-05-06 16:00:00,2,2,2,19.95714399913016,81,0,1,80,131,66.3382337554965
2024-05-06 17:00:00,1,2,1,3.792350979162282,402,1,1,55,389,51.35745638708257
2024-05-06 18:00:00,2,0,1,14.997853825934708,423,1,1,33,393,66.79329031534209
2024-05-06 19:00:00,2,0,2,3.638572330402738,73,1,0,78,80,45.19377912383008
2024-05-06 20:00:00,0,2,2,16.938460949523527,355,0,1,95,275,62.06874806211218
2024-05-06 21:00:00,0,2,2,12.332614242078222,423,1,1,45,386,54.5385501644481
2024-05-06 22:00:00,2,1,1,18.825031651522725,236,1,1,76,252,55.364372032529005
2024-05-06 23:00:00,2,2,1,17.4531754369525,498,0,1,59,381,62.78795527210784
2024-05-07 00:00:00,2,0,2,2.422568711907645,177,0,1,68,167,39.78259822505058
2024-05-07 01:00:00,2,2,0,3.608748291898357,161,0,1,67,138,39.065091183871786
2024-05-07 02:00:00,2,0,0,12.422247643529678,343,1,0,55,312,64.4743586207613
2024-05-07 03:00:00,2,2,2,10.84797815889942,471,0,1,79,399,34.97619050453818
2024-05-07 04:00:00,2,0,1,4.202737481655447,198,1,1,98,203,42.580655790267386
2024-05-07 05:00:00,2,2,1,3.4578253371613465,200,0,1,32,195,30.19401347223563
2024-05-07 06:00:00,0,1,0,11.71582488539065,223,1,0,21,156,39.84692591693126
2024-05-07 07:00:00,1,2,2,1.92950941152499,246,1,1,37,255,38.15958886332676
2024-05-07 08:00:00,0,1,0,17.60097075611534,304,1,0,67,248,54.57076429525644
2024-05-07 09:00:00,2,1,0,16.33457547624979,463,0,0,70,308,54.25972466338753
2024-05-07 10:00:00,2,0,2,15.922029462510698,217,1,0,64,174,74.73632910326062
2024-05-07 11:00:00,1,1,0,1.3039457937740804,131,1,1,98,186,27.93960281008185
2024-05-07 12:00:00,2,2,1,1.9051779248420209,119,1,1,43,163,37.66721295246463
2024-05-07 13:00:00,2,1,0,11.446943301863843,374,0,0,27,273,42.11365747567614
2024-05-07 14:00:00,0,1,2,19.894088088989378,475,0,1,44,409,54.58070929402012
2024-05-07 15:00:00,0,0,1,7.504007818455683,451,0,1,57,372,55.19352544007135
2024-05-07 16:00:00,0,1,1,7.543121511701535,492,1,1,46,461,34.548915099187454
2024-05-07 17:00:00,2,2,0,3.5512813703776835,62,1,0,50,68,34.50033031204904
2024-05-07 18:00:00,2,2,1,13.812380271050529,168,0,0,15,117,58.08609795746119
2024-05-07 19:00:00,1,2,2,13.286857090886109,261,1,1,92,294,59.14558461862182
2024-05-07 20:00:00,2,0,0,2.925125911204022,151,0,1,95,151,45.70072452960741
2024-05-07 21:00:00,0,2,1,9.880833454298672,326,0,1,89,283,50.93587558998405
2024-05-07 22:00:00,0,2,2,13.674423267617511,245,0,0,99,151,58.71940846353064
2024-05-07 23:00:00,0,0,0,10.376806590116614,126,0,1,48,171,63.20040067241236
2024-05-08 00:00:00,2,1,2,13.812908055430356,387,0,0,13,255,44.14964773713408
2024-05-08 01:00:00,2,2,1,16.509137551198307,382,0,0,25,271,61.3758038993452
2024-05-08 02:00:00,0,0,0,14.030493229313583,254,0,0,61,163,64.82148204718604
2024-05-08 03:00:00,1,2,0,12.706170480779951,278,1,1,28,259,65.32372069088052
2024-05-08 04:00:00,1,0,1,17.21821488194537,238,1,1,26,265,78.84113952460278
2024-05-08 05:00:00,2,2,2,18.111182789525973,148,0,0,54,138,53.86334303184245
2024-05-08 06:00:00,2,0,1,8.38884230634028,471,1,1,11,404,49.6621914090009
2024-05-08 07:00:00,1,0,0,4.291747866753833,473,0,1,11,360,58.48676002260789
2024-05-08 08:00:00,0,1,0,16.53934767615296,460,1,1,97,400,55.24473667461756
2024-05-08 09:00:00,1,1,1,5.06130903869018,491,0,0,64,336,37.57121273205013
2024-05-08 10:00:00,2,2,2,18.65006272523263,267,1,1,13,284,66.67602736268951
2024-05-08 11:00:00,0,2,1,1.4346809592161656,243,0,1,93,181,33.556362745268984
2024-05-08 12:00:00,0,1,2,18.504152469766765,92,1,0,21,126,58.05295104345655
2024-05-08 13:00:00,0,1,2,12.194476859629193,427,0,0,63,326,49.50161154613352
2024-05-08 14:00:00,2,1,0,15.720100213744749,173,0,0,69,128,40.61222616065756
2024-05-08 15:00:00,2,0,2,8.571359154223686,69,1,1,38,116,58.04911115095883
2024-05-08 16:00:00,0,2,0,19.84260954626872,468,0,1,70,399,70.0417966042826
2024-05-08 17:00:00,2,2,2,5.323477123759519,360,0,1,55,292,34.97161577115404
2024-05-08 18:00:00,2,1,2,6.022529590125321,379,0,0,58,268,33.37294400015588
2024-05-08 19:00:00,1,1,0,1.9772164367119855,377,1,1,27,352,36.36587672111678
2024-05-08 20:00:00,2,1,2,18.868993898167325,217,1,0,85,167,49.69598815570596
2024-05-08 21:00:00,1,1,1,9.664556768374846,95,1,1,83,195,45.41568308316712
2024-05-08 22:00:00,2,0,2,13.822195879667635,272,1,1,33,254,66.94959987435273
2024-05-08 23:00:00,0,0,0,14.061373821793971,128,1,1,26,179,78.44227532338643
2024-05-09 00:00:00,1,1,0,17.615539753370875,219,0,1,65,206,68.30936691027783
2024-05-09 01:00:00,2,1,1,13.633579762281776,451,0,1,98,366,43.76340434012375
2024-05-09 02:00:00,2,1,2,11.678402463779555,295,1,0,61,251,34.723738081614385
2024-05-09 03:00:00,2,2,1,14.496051959629828,320,1,1,80,314,51.91337890769997
2024-05-09 04:00:00,2,1,2,15.268445181059402,148,1,1,29,201,34.266229745241745
2024-05-09 05:00:00,0,1,1,4.532630978721158,371,0,0,38,239,33.14615683574149
2024-05-09 06:00:00,1,1,0,3.0836737405583072,190,0,1,92,159,38.7821530796658
2024-05-09 07:00:00,2,2,0,2.422128159225699,158,1,0,84,172,43.03565213687863
2024-05-09 08:00:00,2,2,1,8.107016395928197,362,1,1,59,352,42.45015747798578
2024-05-09 09:00:00,2,2,2,10.46200455691716,186,1,0,24,167,51.570070655196666
2024-05-09 10:00:00,0,1,2,12.697348067507356,170,0,0,40,145,47.6116535553593
2024-05-09 11:00:00,2,0,0,19.20265587410259,148,1,0,22,154,78.42195432701709
2024-05-09 12:00:00,0,0,2,7.284968583933119,115,1,1,65,185,61.84058316167743
2024-05-09 13:00:00,0,1,1,15.456606989468217,193,0,0,28,164,53.346317293315074
2024-05-09 14:00:00,0,1,1,11.095794772302812,159,1,1,79,204,42.24808560129327
2024-05-09 15:00:00,2,2,2,5.18170870965142,179,1,1,37,207,38.15181996281862
2024-05-09 16:00:00,0,1,0,12.690803153446424,449,1,0,31,345,52.77167342086099
2024-05-09 17:00:00,2,2,0,19.376347387504367,377,0,0,37,221,64.50695082595392
2024-05-09 18:00:00,2,2,0,3.361857685774176,306,0,1,89,243,37.392792278601725
2024-05-09 19:00:00,1,2,0,10.63831552643535,259,0,0,42,196,67.34819443128828
2024-05-09 20:00:00,0,1,0,1.980558728860036,295,0,0,54,190,25.911238850031737
2024-05-09 21:00:00,2,2,1,7.103109679030883,410,1,1,57,368,43.86769666764786
2024-05-09 22:00:00,2,0,2,12.791450874285834,203,0,0,72,156,56.07530133429982
2024-05-09 23:00:00,2,1,1,16.980081784584335,477,0,0,35,336,46.85943898411205
2024-05-10 00:00:00,2,2,0,14.87624001279535,182,0,0,96,131,54.50052243804571
2024-05-10 01:00:00,2,1,0,9.794278786094004,70,0,0,10,76,35.30820941034916
2024-05-10 02:00:00,2,1,2,18.275232384978786,84,1,1,71,163,55.53787818084469
2024-05-10 03:00:00,2,2,2,6.751578635451642,409,0,0,81,244,35.16702887673262
2024-05-10 04:00:00,0,1,2,15.32568479427816,359,0,1,12,333,43.89539761637636
2024-05-10 05:00:00,0,1,1,10.006171413205587,273,0,1,86,234,39.96224125108169
2024-05-10 06:00:00,0,1,2,18.074079338782735,173,0,1,93,183,50.29057539509821
2024-05-10 07:00:00,2,2,1,16.151223611421443,289,0,0,14,206,54.51845007783101
2024-05-10 08:00:00,1,2,0,18.12792356483481,483,1,1,54,411,69.80132377216947
2024-05-10 09:00:00,1,1,1,5.070709129899394,413,0,1,21,347,47.42110097247607
2024-05-10 10:00:00,1,2,2,13.69485821020795,349,0,0,57,232,68.25481530582155
2024-05-10 11:00:00,1,1,1,15.03080475355116,390,1,1,90,355,57.53784636728026
2024-05-10 12:00:00,1,2,1,15.10587104036928,53,0,0,23,51,66.03517778747837
2024-05-10 13:00:00,0,2,1,10.576008558879414,172,1,0,62,145,48.64129303618079
2024-05-10 14:00:00,2,2,2,1.2137599246110984,91,1,1,99,114,35.00939752634052
2024-05-10 15:00:00,0,0,1,5.967184893512424,218,1,0,54,175,49.49724641752088
2024-05-10 16:00:00,0,0,2,7.14271662508324,469,1,1,41,443,57.88751413624056
2024-05-10 17:00:00,0,1,1,17.18869572835347,329,1,0,39,289,55.359539016562906
2024-05-10 18:00:00,0,0,1,16.976830524980187,274,1,1,21,291,73.85022286698211
2024-05-10 19:00:00,2,1,1,2.988921976717882,438,0,1,92,364,16.314692253454446
2024-05-10 20:00:00,2,0,2,19.04688175365389,234,1,0,53,243,72.91573778227611
2024-05-10 21:00:00,1,1,2,4.4666922463783285,372,0,1,34,335,39.400186585510056
2024-05-10 22:00:00,0,1,2,8.872829574717501,60,1,1,51,116,40.54600726505573
2024-05-10 23:00:00,0,1,0,5.0879823561043525,222,0,0,30,164,35.03752740047083
2024-05-11 00:00:00,2,1,2,17.346316907757792,145,1,0,70,154,47.82847480048754
2024-05-11 01:00:00,2,2,1,15.238638605326926,327,0,0,75,214,57.90389088997389
2024-05-11 02:00:00,1,0,0,7.717047330868276,188,1,1,30,229,75.59946948585751
2024-05-11 03:00:00,0,2,2,13.955693894495052,215,0,0,35,134,59.684508681731565
2024-05-11 04:00:00,0,2,2,4.502970799259304,236,0,1,41,213,39.35970523530936
2024-05-11 05:00:00,2,2,0,8.263644755144032,135,0,0,26,90,38.38378966417844
2024-05-11 06:00:00,0,1,0,8.165044178424056,437,1,1,13,421,32.362888016616445
2024-05-11 07:00:00,2,1,2,5.520796952706559,280,0,0,48,215,33.06074698907827
2024-05-11 08:00:00,0,1,0,17.64992894207477,187,1,1,24,202,53.95012595303743
2024-05-11 09:00:00,2,1,1,13.898068974103396,68,0,0,42,88,42.37347181347396
2024-05-11 10:00:00,2,1,1,6.318846900712186,387,1,0,70,324,40.37678843631068
2024-05-11 11:00:00,0,1,1,5.600294451951709,205,1,0,23,155,29.839053944751857
2024-05-11 12:00:00,1,1,2,1.341115948985542,144,0,0,99,81,30.867230363693448
2024-05-11 13:00:00,2,1,1,7.585062822054738,66,0,0,56,20,31.22488046308894
2024-05-11 14:00:00,1,0,0,11.008654382991043,329,1,0,11,260,69.28835202005187
2024-05-11 15:00:00,2,1,1,6.276507896259152,434,1,1,93,428,24.896433639462
2024-05-11 16:00:00,2,2,0,14.308707252165629,310,1,0,99,255,50.31843896005343
2024-05-11 17:00:00,2,2,1,8.823241051214058,209,0,0,75,152,38.84453059199871
2024-05-11 18:00:00,2,2,0,7.010038903202689,358,0,0,57,289,45.72695943398325
2024-05-11 19:00:00,0,1,1,18.842095517016293,130,0,0,73,72,53.66695323019931
2024-05-11 20:00:00,2,1,1,5.993216668474642,234,0,1,75,220,23.497687079567324
2024-05-11 21:00:00,2,1,1,8.56689478183647,262,0,0,57,205,31.620177533415717
2024-05-11 22:00:00,1,1,0,8.263524981894665,476,0,1,90,365,42.613737923469245
2024-05-11 23:00:00,2,1,0,5.5827685677537175,391,0,1,27,340,24.63543539216692
2024-05-12 00:00:00,0,2,1,5.132058056397917,408,1,0,60,330,38.28276504766449
2024-05-12 01:00:00,2,2,0,6.745220357454668,216,1,1,13,213,36.950428428053335
2024-05-12 02:00:00,0,2,0,17.420487228692437,467,0,1,90,394,58.011476414369454
2024-05-12 03:00:00,2,2,2,15.57457485735652,255,0,0,42,185,59.57011514831303
2024-05-12 04:00:00,2,1,1,13.938990769040991,385,0,0,32,271,44.608097338069605
2024-05-12 05:00:00,2,0,0,9.684956860207375,310,1,1,62,314,57.721980115837056
2024-05-12 06:00:00,2,1,0,10.647325708019466,323,1,1,22,348,37.33806609985317
2024-05-12 07:00:00,2,2,0,6.075638064375746,437,0,1,80,356,34.84387085382855
2024-05-12 08:00:00,0,2,0,2.412002362882435,285,1,1,67,273,34.34708007075409
2024-05-12 09:00:00,1,2,2,7.289770577689163,292,0,1,72,228,45.15980504923323
2024-05-12 10:00:00,1,1,0,10.416091363854957,269,1,0,74,212,53.236939756220885
2024-05-12 11:00:00,0,2,0,2.0889478838673163,414,0,0,51,271,28.875701477488484
2024-05-12 12:00:00,2,1,2,2.6764327390850227,396,1,0,98,304,19.465262974185997
2024-05-12 13:00:00,2,1,1,5.9974794248067775,119,0,1,49,129,28.53511712405475
2024-05-12 14:00:00,2,1,1,7.97452709826247,444,1,1,30,416,39.896678683542106
2024-05-12 15:00:00,2,1,2,8.473019411255398,480,1,1,92,407,36.3038487714972
2024-05-12 16:00:00,0,2,1,3.2398352594720974,262,0,1,89,215,26.07019275543825
2024-05-12 17:00:00,0,0,1,5.290605736160988,386,0,0,42,266,52.27835277490448
2024-05-12 18:00:00,2,1,2,5.971297789208566,336,0,0,79,234,25.64512579054601
2024-05-12 19:00:00,2,0,0,2.2850626478236777,275,1,1,51,298,42.75269016408653
2024-05-12 20:00:00,1,0,2,7.195894311204248,318,0,0,46,227,60.828087298900016
2024-05-12 21:00:00,0,0,2,2.372209882354637,328,0,0,81,238,53.84222035314218
2024-05-12 22:00:00,2,0,2,14.365699019083731,298,0,1,10,261,70.54397305846686
2024-05-12 23:00:00,1,1,2,8.3349075645889,370,0,1,86,281,43.38161423799619
2024-05-13 00:00:00,1,1,2,7.20829539818912,245,1,1,35,229,41.52715359948072
2024-05-13 01:00:00,2,2,0,3.403921258568531,79,0,0,89,11,31.987508577988944
2024-05-13 02:00:00,2,2,1,5.30356945345302,464,0,0,48,300,39.85690494855017
2024-05-13 03:00:00,0,0,2,5.421398969843349,352,1,1,56,329,57.871003673028426
2024-05-13 04:00:00,1,0,0,19.71888008259276,449,0,0,65,319,91.19037892738176
2024-05-13 05:00:00,1,2,2,16.871638210661374,476,0,1,67,334,72.46531387714774
2024-05-13 06:00:00,2,1,0,1.289983541035201,180,0,0,37,109,20.276384964519195
2024-05-13 07:00:00,2,1,1,12.719895224601116,61,0,0,66,31,41.87616597915533
2024-05-13 08:00:00,0,1,0,5.862291832016552,444,0,0,96,299,25.997931137509067
2024-05-13 09:00:00,0,2,0,2.983161647572101,65,0,1,80,84,31.54876199078947
2024-05-13 10:00:00,2,2,1,14.40639549927534,462,0,1,97,344,58.78834053024016
2024-05-13 11:00:00,1,0,1,3.5005054398986357,166,1,1,81,200,66.68561131870065
2024-05-13 12:00:00,0,2,0,9.431074811064978,198,1,0,54,159,51.50692884169054
2024-05-13 13:00:00,1,0,2,13.01113813195856,158,0,1,74,185,84.56713111178544
2024-05-13 14:00:00,1,2,2,11.535400366944785,285,0,0,13,221,55.88613883109088
2024-05-13 15:00:00,0,0,1,19.57495286775212,363,1,0,70,276,74.85893370982859
2024-05-13 16:00:00,2,1,2,15.929109649327929,476,0,1,70,368,43.72948530092459
2024-05-13 17:00:00,0,0,1,15.709674146422303,54,1,0,52,112,80.51265333655181
2024-05-13 18:00:00,2,2,0,7.756312487539594,229,1,0,28,171,39.40264799238826
2024-05-13 19:00:00,0,1,0,1.1595143495986924,446,0,0,95,313,20.77936245417026
2024-05-13 20:00:00,2,1,2,14.953807663743078,386,1,0,10,339,58.85471069379871
2024-05-13 21:00:00,0,0,1,19.99490960161777,445,1,0,28,332,86.04652608246349
2024-05-13 22:00:00,2,1,2,8.711703047128696,50,0,1,60,52,31.42901454608089
2024-05-13 23:00:00,2,2,2,19.72485148018523,57,0,1,73,78,62.27824812943394
2024-05-14 00:00:00,2,1,0,3.692454081152582,193,0,1,72,179,25.332811398499075
2024-05-14 01:00:00,2,2,2,6.63373468109763,192,0,0,38,137,40.29490600022277
2024-05-14 02:00:00,0,0,0,4.2438117031069424,324,0,1,28,278,53.76411883241857
2024-05-14 03:00:00,0,1,1,10.0283434856095,202,0,0,52,148,34.589707381801254
2024-05-14 04:00:00,0,2,2,16.142646628637188,336,0,0,79,182,64.60078979056644
2024-05-14 05:00:00,2,0,0,7.472572139221124,179,0,0,98,126,51.29274921882492
2024-05-14 06:00:00,2,2,2,18.21834980588556,170,0,0,48,104,57.01764002445377
2024-05-14 07:00:00,2,0,1,11.351777853265917,108,0,1,32,151,62.05720411783805
2024-05-14 08:00:00,2,2,2,9.843063861095668,266,0,0,10,200,46.901999034096335
2024-05-14 09:00:00,1,1,2,15.953681001710253,80,1,1,70,165,64.05025447359344
2024-05-14 10:00:00,2,2,0,2.927426443793907,293,1,1,88,314,44.52827815851112
2024-05-14 11:00:00,2,2,1,15.70129695300282,189,1,1,34,224,58.61542744719255
2024-05-14 12:00:00,2,1,1,5.616088003283707,450,0,1,13,355,24.21431486437304
2024-05-14 13:00:00,2,1,1,6.335438396481513,262,0,0,10,180,24.351624558568744
2024-05-14 14:00:00,0,1,2,12.389621693081518,78,1,0,49,113,43.40433776674631
2024-05-14 15:00:00,0,2,0,18.136754075877896,213,1,0,30,183,64.44915260892542
2024-05-14 16:00:00,2,0,2,11.98973204564643,153,1,0,52,148,72.03147346517099
2024-05-14 17:00:00,2,1,2,13.330037627095251,112,1,1,19,166,36.989833511695046
2024-05-14 18:00:00,2,2,2,15.75529720250021,64,1,0,75,79,54.45201061605485
2024-05-14 19:00:00,2,0,1,5.927170420857248,335,1,0,26,299,60.30553693148463
2024-05-14 20:00:00,2,1,0,16.717439783278706,228,0,0,22,148,52.94693396918079
2024-05-14 21:00:00,1,2,1,8.941242832275844,60,1,0,19,59,54.86671716034702
2024-05-14 22:00:00,0,0,2,4.337458176332087,490,1,1,61,446,62.88033131853309
2024-05-14 23:00:00,0,0,2,7.652243509761374,62,0,0,19,40,50.80780533723268
2024-05-15 00:00:00,2,1,0,5.676491122646281,264,0,0,56,173,25.252807660275217
2024-05-15 01:00:00,2,1,1,5.345558497577271,360,1,1,18,332,25.09911881083725
2024-05-15 02:00:00,0,1,2,6.3687007756641565,275,0,0,55,185,35.306322116139086
2024-05-15 03:00:00,0,2,2,4.4376854800997005,112,1,0,77,103,34.83141149889659
2024-05-15 04:00:00,0,2,0,13.686333384570217,304,1,0,63,283,54.17870836011127
2024-05-15 05:00:00,2,2,2,12.019843383667226,179,0,0,77,147,47.1295199939944
2024-05-15 06:00:00,0,1,1,13.32039596668514,489,0,1,13,366,44.93171325603792
2024-05-15 07:00:00,2,1,1,7.530769752735049,312,0,1,84,255,41.09567109460619
2024-05-15 08:00:00,1,2,2,15.624934648906844,220,1,0,10,186,78.98352838544714
2024-05-15 09:00:00,0,2,2,3.46256607812913,464,1,0,94,318,31.056581668584183
2024-05-15 10:00:00,0,2,2,11.851597479765845,494,0,1,68,382,53.09255250120258
2024-05-15 11:00:00,2,2,0,6.233606472683005,455,1,0,34,367,27.61494967393249
2024-05-15 12:00:00,0,1,0,11.024588113254616,239,1,0,18,202,39.284189538907285
2024-05-15 13:00:00,2,1,1,7.149106329564544,333,0,0,34,258,28.044040982474943
2024-05-15 14:00:00,2,1,1,16.01972353673461,74,0,1,91,109,43.00004224180798
2024-05-15 15:00:00,2,1,2,17.934164937923796,498,1,1,80,466,45.168148904468126
2024-05-15 16:00:00,0,1,2,15.109043244060992,209,1,1,35,249,48.470651634032926
2024-05-15 17:00:00,2,1,2,4.336090544135689,266,0,1,65,233,17.71734816791781
2024-05-15 18:00:00,2,1,0,6.222471069378884,225,0,1,58,186,28.912375051366872
2024-05-15 19:00:00,1,1,0,18.4678032448499,385,0,1,91,296,67.58736796940374
2024-05-15 20:00:00,2,2,2,9.307182425505824,270,0,0,74,195,34.30700105573084
2024-05-15 21:00:00,0,1,2,18.88242777763607,329,0,0,70,248,59.57184234397704
2024-05-15 22:00:00,2,2,1,8.456582088383069,130,1,1,18,183,36.48870551171453
2024-05-15 23:00:00,2,2,0,19.08371855122261,174,0,1,19,180,63.31112758140389
2024-05-16 00:00:00,0,2,2,18.589040766933287,219,1,0,20,206,61.329116032627184
2024-05-16 01:00:00,2,0,0,13.550010909745708,119,1,1,94,165,73.14012481567532
2024-05-16 02:00:00,2,1,2,1.1677139207685538,127,1,1,45,188,18.13739569729815
2024-05-16 03:00:00,0,2,2,8.606358957542803,139,1,1,65,198,49.46299279424802
2024-05-16 04:00:00,0,0,1,18.31346746421632,429,0,0,41,278,73.81897778492147
2024-05-16 05:00:00,0,0,1,17.81709549305418,397,1,1,92,371,79.94262631249143
2024-05-16 06:00:00,2,1,1,4.56036820182616,160,1,0,81,160,27.86206050714308
2024-05-16 07:00:00,2,1,2,8.58446742341295,213,0,0,44,156,45.54050907779714
2024-05-16 08:00:00,0,1,1,16.87468862970996,464,1,0,95,370,58.37514826254031
2024-05-16 09:00:00,0,2,2,11.979679211751034,177,0,0,13,139,60.66805163554966
2024-05-16 10:00:00,1,2,0,17.09868543547781,204,0,0,71,186,77.42356145797581
2024-05-16 11:00:00,1,1,0,16.7047803045227,243,0,0,72,173,57.77111119270538
2024-05-16 12:00:00,1,2,2,18.242158132097178,222,1,1,17,277,75.70169674206632
2024-05-16 13:00:00,2,2,1,3.2271911756970524,349,1,1,85,300,39.48445308324835
2024-05-16 14:00:00,2,2,1,3.759087687616797,362,1,0,78,296,32.30228695561863
2024-05-16 15:00:00,0,0,0,2.5733715504119976,70,1,1,70,107,55.80372049493888
2024-05-16 16:00:00,2,2,2,18.7701079808132,360,1,1,72,331,59.98996986421335
2024-05-16 17:00:00,2,1,2,10.02808530317997,158,0,1,70,194,33.05417534715881
2024-05-16 18:00:00,1,2,2,2.2221803861665146,448,0,1,46,379,36.83432636559108
2024-05-16 19:00:00,1,1,0,7.109068147766783,467,1,1,13,419,52.71312351494494
2024-05-16 20:00:00,2,2,0,7.67684018146937,409,1,1,65,399,34.9044838883218
2024-05-16 21:00:00,2,0,1,16.38163664605839,436,1,1,52,400,72.01146355530689
2024-05-16 22:00:00,2,0,2,14.974060951247536,178,1,0,30,156,67.86066823072545
2024-05-16 23:00:00,1,2,2,14.098353941688812,329,0,1,67,246,66.91198959237065
2024-05-17 00:00:00,1,1,2,1.415407499236196,476,1,1,25,431,26.575009213874864
2024-05-17 01:00:00,2,1,2,18.303220132101195,76,1,0,62,73,46.21220803821329
2024-05-17 02:00:00,2,2,0,5.0955500713990896,442,1,0,27,349,31.84439511894005
2024-05-17 03:00:00,1,1,1,12.952166689160878,393,1,0,66,312,60.3453740324378
2024-05-17 04:00:00,2,2,0,2.174561817216964,450,1,1,47,397,31.229597340745343
2024-05-17 05:00:00,0,1,1,2.5489957455690355,141,0,0,41,105,20.301427931901124
2024-05-17 06:00:00,1,1,2,1.1819686264723208,344,0,0,28,276,44.81724429518107
2024-05-17 07:00:00,2,1,2,11.752625246361282,104,0,0,93,76,35.43450613455802
2024-05-17 08:00:00,0,0,2,12.95821372272119,245,1,0,57,209,63.79416930934028
2024-05-17 09:00:00,2,2,2,1.9587837614313464,430,1,1,83,386,24.106977654544444
2024-05-17 10:00:00,2,1,2,6.519212810516739,270,0,1,35,239,29.752164517810744
2024-05-17 11:00:00,1,1,0,17.17763386938232,350,0,1,91,316,60.1222750252954
2024-05-17 12:00:00,2,2,1,2.924858969635368,205,1,0,54,116,35.463502966091205
2024-05-17 13:00:00,1,1,0,5.114396126513293,489,1,1,54,427,30.51722706344825
2024-05-17 14:00:00,0,2,2,9.063432960976114,150,0,1,24,108,51.48089140429677
2024-05-17 15:00:00,2,0,1,17.003207950029203,462,0,1,27,363,69.6153573952219
2024-05-17 16:00:00,2,2,1,5.842132035028881,285,0,1,40,250,42.24694631774148
2024-05-17 17:00:00,2,2,2,19.9456032919035,334,0,1,24,304,59.27973798411977
2024-05-17 18:00:00,2,2,1,7.749974449632038,118,1,1,24,188,42.15614588184695
2024-05-17 19:00:00,2,0,0,8.342524511188838,316,0,1,74,298,61.63629353934134
2024-05-17 20:00:00,2,0,0,3.320017880385092,435,0,0,96,297,42.23046772921926
2024-05-17 21:00:00,2,2,0,13.923760116274083,187,1,0,55,152,50.3385381379966
2024-05-17 22:00:00,0,1,0,5.625838472905151,297,0,1,84,246,27.27646584807942
2024-05-17 23:00:00,0,2,1,12.94848431060588,152,1,1,25,209,59.174178675960526
2024-05-18 00:00:00,0,1,0,5.239996839655605,157,0,0,64,137,34.53654904730239
2024-05-18 01:00:00,2,2,1,8.369573077302892,249,0,1,39,232,29.431973402483365
2024-05-18 02:00:00,2,2,2,17.276769747133933,424,1,1,50,377,60.17307352649163
2024-05-18 03:00:00,0,1,0,15.03921231800733,264,0,1,76,207,49.1748757139515
2024-05-18 04:00:00,2,1,2,3.9372270989307454,204,1,0,26,178,22.64424674020765
2024-05-18 05:00:00,2,2,0,12.546455180107928,136,1,0,35,148,55.62755967721641
2024-05-18 06:00:00,1,0,2,12.944172381802378,417,0,0,82,266,82.37641040173507
2024-05-18 07:00:00,0,2,2,2.72080099653536,468,1,1,90,457,30.414478000987337
2024-05-18 08:00:00,0,2,2,9.85030743238278,258,1,0,73,216,49.435674446304034
2024-05-18 09:00:00,2,1,2,5.95269951768455,227,1,1,67,268,35.96571438581458
2024-05-18 10:00:00,0,2,2,9.875472712506175,123,0,0,84,64,51.71784786333459
2024-05-18 11:00:00,0,2,1,15.764348835134626,307,1,0,95,245,55.36214447150308
2024-05-18 12:00:00,0,2,1,4.006931636396074,322,0,0,12,251,33.60963866512875
2024-05-18 13:00:00,0,1,0,3.342779906172832,400,1,0,37,296,27.969644407456137
2024-05-18 14:00:00,1,2,1,6.1170134070096855,385,1,0,13,320,48.01126179217528
2024-05-18 15:00:00,0,1,2,19.09323355658508,73,1,1,49,123,52.789863353976415
2024-05-18 16:00:00,2,1,1,15.20866001251436,362,1,1,84,325,46.66215727231353
2024-05-18 17:00:00,0,0,1,1.369661393476385,120,1,1,66,172,53.1041455813782
2024-05-18 18:00:00,0,1,2,8.619092007184157,132,1,1,74,169,33.24214600688573
2024-05-18 19:00:00,0,1,1,5.890561602527319,449,0,1,56,370,26.393765289861783
2024-05-18 20:00:00,2,2,2,13.124746799071303,402,0,0,89,276,48.68907756107887
2024-05-18 21:00:00,2,0,1,9.726556617149669,341,0,0,43,224,59.50640885068639
2024-05-18 22:00:00,1,2,2,19.325471972414874,350,1,1,54,331,82.2431483161949
2024-05-18 23:00:00,0,2,0,5.160590568700526,59,0,1,41,121,44.24303088385292
2024-05-19 00:00:00,1,0,1,12.169271903979872,368,1,1,53,328,76.33955895676046
2024-05-19 01:00:00,0,1,0,14.30399028481423,92,0,1,20,93,49.59207459669667
2024-05-19 02:00:00,0,1,2,16.68572529756225,100,1,0,45,90,44.61683363020507
2024-05-19 03:00:00,0,1,2,8.732449578132135,256,0,0,22,159,35.72161279437013
2024-05-19 04:00:00,1,0,0,14.051516245492149,156,0,1,66,140,78.47620343372306
2024-05-19 05:00:00,0,1,2,6.760827956301373,308,0,1,93,239,26.300958483949305
2024-05-19 06:00:00,0,1,2,9.274045754874583,243,0,0,34,187,44.26544376807036
2024-05-19 07:00:00,2,2,2,18.016915492864584,284,1,0,79,242,54.71267851888855
2024-05-19 08:00:00,2,2,2,19.04824457728813,212,1,1,46,237,68.18964437452408
2024-05-19 09:00:00,0,2,2,14.65752959161803,118,1,0,99,170,69.5422059810981
2024-05-19 10:00:00,2,2,2,8.112685924747517,384,0,1,13,330,35.937880674479004
2024-05-19 11:00:00,2,1,2,16.58109800951862,341,1,0,35,349,48.01210401972638
2024-05-19 12:00:00,2,2,2,1.4914745527829836,354,1,1,91,363,29.19103675789533
2024-05-19 13:00:00,2,2,0,2.952172300249,306,0,0,22,189,36.93520481235446
2024-05-19 14:00:00,2,0,1,13.566100991131862,475,0,1,81,355,70.33627857586406
2024-05-19 15:00:00,2,1,2,6.533722930131091,474,0,0,60,321,28.34292112828617
2024-05-19 16:00:00,1,0,0,19.07633814960908,378,0,1,56,307,93.06651010597504
2024-05-19 17:00:00,0,2,2,9.28515162975379,234,1,0,42,229,44.318672023271695
2024-05-19 18:00:00,2,1,1,9.157931587394364,304,0,0,89,204,37.99456883110642
2024-05-19 19:00:00,2,2,2,13.883510693627692,165,1,1,51,203,56.01073379714702
2024-05-19 20:00:00,0,1,0,15.583802683817604,453,0,1,40,343,56.17471661725192
2024-05-19 21:00:00,2,0,0,10.035616024377592,63,0,1,49,107,58.99303299708892
2024-05-19 22:00:00,1,0,1,5.066017132522759,427,0,0,96,320,66.95461623940146
2024-05-19 23:00:00,0,1,2,15.69286421178681,264,0,0,25,200,55.05215456646934
2024-05-20 00:00:00,0,1,0,7.086674222598924,142,1,1,65,192,28.1076900939294
2024-05-20 01:00:00,2,1,1,4.327104616583295,283,0,1,83,268,30.127916170471707
2024-05-20 02:00:00,0,1,1,13.001163608575252,229,0,1,45,220,49.34190093213131
2024-05-20 03:00:00,2,1,2,2.718619672816658,103,1,0,94,127,13.812759702997234
2024-05-20 04:00:00,1,1,0,19.455700826635045,354,0,1,89,282,62.61849449259576
2024-05-20 05:00:00,0,2,2,13.015548023830602,79,1,1,65,139,57.44925953877507
2024-05-20 06:00:00,2,1,2,19.73201489751336,436,1,0,57,357,65.78429063547543
2024-05-20 07:00:00,2,0,2,7.438975046094085,61,1,1,89,123,54.42975201283662
2024-05-20 08:00:00,2,0,0,19.45289806261756,160,0,0,67,152,83.2059875970553
2024-05-20 09:00:00,0,2,1,3.765682706843848,464,1,0,24,373,36.33917051625221
2024-05-20 10:00:00,2,0,2,1.7732006745935407,470,0,0,81,340,43.93200000227719
2024-05-20 11:00:00,0,1,2,1.6266971486374486,460,1,1,24,433,28.161166063370395
2024-05-20 12:00:00,2,1,0,9.832537041385317,421,1,0,30,340,40.59628444197384
2024-05-20 13:00:00,0,2,2,2.577079752093301,457,0,0,73,329,31.46808503289411
2024-05-20 14:00:00,1,2,1,10.731189799184431,161,1,1,94,191,60.59177048474744
2024-05-20 15:00:00,0,2,2,7.222509566669109,218,0,0,16,145,40.1825102760459
2024-05-20 16:00:00,0,0,1,7.376950857008197,153,1,0,61,147,61.50874763356464
2024-05-20 17:00:00,2,0,2,13.076570934358228,497,0,1,28,375,67.11039508979948
2024-05-20 18:00:00,2,2,2,4.098862116880783,60,0,0,95,74,28.387890580695554
2024-05-20 19:00:00,0,2,2,15.56451403645489,396,1,1,55,344,61.14972217645595
2024-05-20 20:00:00,2,1,1,12.05858747579406,378,1,0,47,283,44.30600593811198
2024-05-20 21:00:00,2,1,2,18.38394794810271,321,0,0,22,224,52.95482930468303
2024-05-20 22:00:00,2,2,2,7.931972421582945,63,1,1,99,143,36.090159791235926
2024-05-20 23:00:00,2,2,2,19.671584849275384,224,0,0,53,142,65.94758192246749
2024-05-21 00:00:00,2,2,1,11.94072528756644,207,1,1,31,224,46.38488971349844
2024-05-21 01:00:00,1,1,2,19.49463716756314,159,0,1,80,155,69.896657520682
2024-05-21 02:00:00,2,2,0,1.5141524268951914,201,0,0,44,141,19.802249236350097
2024-05-21 03:00:00,0,1,1,14.83155012583537,283,1,1,12,300,52.93112064559367
2024-05-21 04:00:00,2,2,0,16.515808961561987,190,0,0,25,118,62.67110998970231
2024-05-21 05:00:00,0,1,2,2.010292446853264,168,0,0,54,109,17.319158343404386
2024-05-21 06:00:00,2,1,1,12.00042361630867,431,1,1,25,399,40.42182998499028
2024-05-21 07:00:00,1,1,1,16.236903578199517,58,1,0,75,104,58.313348785492806
2024-05-21 08:00:00,1,1,2,11.659735779238382,226,0,0,90,176,57.25099746414943
2024-05-21 09:00:00,2,0,0,2.2124582177038663,459,1,0,47,368,46.60156154399989
2024-05-21 10:00:00,1,1,1,14.175497577067915,98,0,0,33,27,64.22631164006754
2024-05-21 11:00:00,1,1,1,2.151341378792864,347,0,0,95,225,40.86778794254322
2024-05-21 12:00:00,1,2,1,16.53190900531233,478,1,0,59,358,71.40220539222432
2024-05-21 13:00:00,1,2,1,1.8176494828271936,419,1,0,96,353,44.20229667436988
2024-05-21 14:00:00,2,1,1,3.610550239197045,382,1,1,92,336,31.23022347186021
2024-05-21 15:00:00,0,1,2,6.227044219942101,198,0,0,66,107,22.197085206128435
2024-05-21 16:00:00,2,0,1,13.0339310529552,206,1,1,65,241,59.83954025639596
2024-05-21 17:00:00,2,2,0,19.55082289299481,141,0,1,95,158,69.02643596204747
2024-05-21 18:00:00,1,1,1,3.2386341997787538,201,1,1,90,215,31.7221322213203
2024-05-21 19:00:00,2,2,2,3.7114457150644498,425,0,0,75,288,40.546160201470585
2024-05-21 20:00:00,0,1,2,8.008537537318626,219,0,1,87,235,31.724182905566355
2024-05-21 21:00:00,1,1,0,16.888163617351083,133,1,0,86,105,66.71123855239037
2024-05-21 22:00:00,1,2,1,9.877388102265469,408,0,1,90,314,61.04575151566629
2024-05-21 23:00:00,1,0,0,7.110601404860612,376,0,1,82,325,68.66037318152645
2024-05-22 00:00:00,2,1,0,11.662872811968365,474,0,0,71,334,40.23554575412696
2024-05-22 01:00:00,2,0,0,5.949940751469251,97,1,1,23,156,53.13555672486961
2024-05-22 02:00:00,2,1,0,8.622038237702897,384,0,1,75,287,35.05248006907601
2024-05-22 03:00:00,2,1,1,7.319497835408796,266,1,0,69,207,37.21104951033748
2024-05-22 04:00:00,2,1,2,16.278679425878273,126,0,0,30,81,51.07109324635524
2024-05-22 05:00:00,2,1,2,18.560858802322016,92,0,0,44,102,57.78715325253385
2024-05-22 06:00:00,0,0,1,15.431871650981323,313,1,0,39,248,74.39211602079345
2024-05-22 07:00:00,0,2,0,9.342587944569686,112,0,1,90,98,41.50733048338819
2024-05-22 08:00:00,2,1,1,10.582364572436612,294,0,0,48,196,31.548521529739208
2024-05-22 09:00:00,0,0,0,3.376400184659278,169,0,0,34,103,60.05909716232125
2024-05-22 10:00:00,2,0,0,15.190429511556218,368,1,1,53,359,79.97304917411905
2024-05-22 11:00:00,2,2,1,12.333037908505837,311,1,1,68,255,44.09715883243718
2024-05-22 12:00:00,0,0,1,18.146359926611293,379,1,1,15,341,77.41027689161602
2024-05-22 13:00:00,0,1,0,4.811611727927911,299,0,0,12,237,28.07329050609145
2024-05-22 14:00:00,0,0,0,15.43479631671963,101,1,0,45,123,75.87490088988994
2024-05-22 15:00:00,2,2,0,14.008761572664604,326,0,1,10,279,59.55001184635636
2024-05-22 16:00:00,1,0,0,6.051065142385292,191,0,1,43,172,71.95210450314073
2024-05-22 17:00:00,0,2,1,13.680194151275677,421,0,0,74,308,51.61648883656258
2024-05-22 18:00:00,0,1,2,18.56309423095634,300,1,0,35,262,51.187023989200576
2024-05-22 19:00:00,0,2,2,18.45028376567526,363,1,0,27,271,59.868834363308295
2024-05-22 20:00:00,1,1,0,14.672904915806685,274,1,1,45,303,55.08737914864123
2024-05-22 21:00:00,0,1,2,1.913389138147142,202,0,1,15,236,17.01619557500892
2024-05-22 22:00:00,0,1,2,17.57302240908307,105,1,1,84,155,59.051316443459285
2024-05-22 23:00:00,1,0,2,13.49779353308626,388,1,0,53,291,75.55664289853303
2024-05-23 00:00:00,0,1,2,6.898250810471954,58,0,0,49,56,35.038148318652766
2024-05-23 01:00:00,2,2,2,4.557756872408287,290,1,1,39,311,27.386004306195797
2024-05-23 02:00:00,0,1,2,3.207873396949025,213,1,1,87,233,41.10507390248971
2024-05-23 03:00:00,2,0,0,1.9545010858974583,490,1,0,83,358,46.351650828667125
2024-05-23 04:00:00,2,1,0,15.327961711064372,182,1,1,40,226,50.11946025402506
2024-05-23 05:00:00,0,2,0,5.481016979922231,130,1,0,67,72,39.2335147453093
2024-05-23 06:00:00,1,0,1,1.4608057848218463,399,1,0,64,322,61.5181704117538
2024-05-23 07:00:00,1,2,2,8.548142384997796,184,0,0,45,64,55.138898610186985
2024-05-23 08:00:00,2,1,2,10.16953453125444,183,0,0,88,119,43.97725688697702
2024-05-23 09:00:00,0,2,1,4.215374387102411,101,0,1,39,144,33.11758707157179
2024-05-23 10:00:00,2,0,2,1.8369183870884456,251,1,0,57,258,43.53674425683594
2024-05-23 11:00:00,1,2,0,4.5933841788633085,247,1,1,87,283,48.04882456430484
2024-05-23 12:00:00,1,1,0,13.902952474894914,155,0,1,96,161,51.14475323782782
2024-05-23 13:00:00,0,0,1,2.562629867772922,360,0,0,26,261,55.05083078793961
2024-05-23 14:00:00,1,1,0,11.545703580582884,293,1,1,36,299,48.38777936815752
2024-05-23 15:00:00,0,2,1,3.781827770255167,282,1,1,72,266,29.410058232343744
2024-05-23 16:00:00,0,0,0,4.718094298027968,63,1,1,86,142,57.801797007689245
2024-05-23 17:00:00,2,1,2,8.468479782067275,434,1,1,23,386,24.397229561316664
2024-05-23 18:00:00,2,2,0,2.915681385020896,274,1,1,35,297,34.01377325139212
2024-05-23 19:00:00,0,2,1,4.290866552862044,260,1,0,52,244,43.83487596655602
2024-05-23 20:00:00,0,0,2,7.630095817575729,250,0,1,84,216,54.82083181213717
2024-05-23 21:00:00,2,1,1,7.26371110446897,214,0,0,10,148,33.10652590354004
2024-05-23 22:00:00,1,2,2,15.236158227838906,98,1,1,33,163,65.14536686900985
2024-05-23 23:00:00,2,0,2,2.420863797402063,445,0,0,29,315,42.90150479712396
2024-05-24 00:00:00,0,1,0,17.348563977660525,182,0,1,81,221,54.61742223026265
2024-05-24 01:00:00,0,1,0,16.508411244049643,119,1,1,17,167,46.769846257517685
2024-05-24 02:00:00,0,0,2,15.553841154146829,421,0,1,39,307,70.09343727006164
2024-05-24 03:00:00,0,1,0,6.878074886799517,168,1,0,27,153,39.55007731645755
2024-05-24 04:00:00,2,0,0,16.634753925274964,188,1,0,86,209,62.54709050558698
2024-05-24 05:00:00,2,1,1,4.473239525496336,292,0,1,92,262,22.204328791075334
2024-05-24 06:00:00,0,1,0,3.3637749112455366,230,0,0,22,163,27.96590965247456
2024-05-24 07:00:00,0,2,2,1.85417033630026,232,0,0,57,138,36.23353817506937
2024-05-24 08:00:00,2,2,0,18.846896897105943,384,1,1,69,356,69.75472421450925
2024-05-24 09:00:00,0,2,2,6.8522070564002,99,1,0,35,139,47.541236464189296
2024-05-24 10:00:00,2,2,2,18.43473972338021,230,1,1,18,273,63.215688032945344
2024-05-24 11:00:00,0,0,1,6.179657668867264,174,1,0,62,190,56.63250175827307
2024-05-24 12:00:00,1,1,2,18.24375322739064,280,0,0,80,171,64.58740458804326
2024-05-24 13:00:00,2,2,2,18.17465200407568,360,0,0,18,266,59.7715797548452
2024-05-24 14:00:00,2,1,1,18.549844855203546,397,0,0,35,236,50.8705080762936
2024-05-24 15:00:00,0,2,2,10.426915346399682,52,1,1,42,124,52.93243951556427
2024-05-24 16:00:00,0,1,1,17.452979449178947,425,1,0,42,343,52.57162447312279
2024-05-24 17:00:00,0,1,2,19.064552027179083,449,0,0,61,337,62.14802868054237
2024-05-24 18:00:00,1,2,0,7.167721896046411,222,1,1,49,264,55.40010743944406
2024-05-24 19:00:00,1,1,1,8.958613707968546,130,1,1,13,206,42.52953594702108
2024-05-24 20:00:00,1,1,1,14.665563559379136,469,0,1,37,406,59.43002957079936
2024-05-24 21:00:00,0,2,2,6.706836612742717,324,0,1,63,275,43.16780175827082
2024-05-24 22:00:00,2,2,1,15.32237686934052,437,1,0,77,319,54.19228548044166
2024-05-24 23:00:00,2,0,2,2.4039507590571447,364,1,0,58,306,46.75517980387723
2024-05-25 00:00:00,2,2,1,10.946469301482304,394,0,0,15,292,38.76165937466777
2024-05-25 01:00:00,0,1,1,3.323956197591159,268,1,1,42,266,24.765010955725128
2024-05-25 02:00:00,2,2,0,6.573146052296853,189,0,1,14,183,37.49190925386927
2024-05-25 03:00:00,1,1,2,5.913882457242968,112,0,0,92,92,39.30974761638527
2024-05-25 04:00:00,0,2,0,16.939709397690656,489,0,1,27,422,65.18896101692134
2024-05-25 05:00:00,0,0,1,4.676827852717752,76,1,1,12,115,52.41427253982557
2024-05-25 06:00:00,2,2,2,16.360510483023262,245,0,0,11,196,55.83772254516839
2024-05-25 07:00:00,2,2,0,16.08524657225052,430,0,0,74,299,56.72624778082376
2024-05-25 08:00:00,2,1,1,10.478778055587368,201,0,1,44,187,31.52295958448463
2024-05-25 09:00:00,2,2,0,5.443021856326463,301,0,1,60,285,29.80646026245793
2024-05-25 10:00:00,2,0,1,5.311030459168231,297,1,0,77,237,60.22022209287973
2024-05-25 11:00:00,0,1,1,9.833568295201108,203,0,0,44,152,37.18758613401174
2024-05-25 12:00:00,1,1,2,1.16737114047681,259,0,1,81,217,31.64444933612436
2024-05-25 13:00:00,1,2,2,11.095664337615958,71,0,0,53,45,67.96020613588811
2024-05-25 14:00:00,0,2,2,19.102810989574053,119,1,0,38,152,69.72784136114524
2024-05-25 15:00:00,2,1,1,3.939430755389334,68,1,1,45,146,19.216985805267665
2024-05-25 16:00:00,1,0,0,11.893566808036464,150,0,1,87,180,69.61870405592128
2024-05-25 17:00:00,1,1,2,19.27379508424468,211,0,1,51,156,61.00960680405638
2024-05-25 18:00:00,2,1,2,17.349920650340405,188,0,0,16,157,44.74485387289641
2024-05-25 19:00:00,0,2,2,17.157222211245465,425,0,1,22,327,61.88667756980058
2024-05-25 20:00:00,2,1,2,16.615148677527593,137,1,1,31,173,51.12896413954194
2024-05-25 21:00:00,1,2,1,6.871448515067526,478,0,1,66,375,49.17325449190111
2024-05-25 22:00:00,1,1,0,17.921719794069432,86,1,1,54,157,61.178895125719386
2024-05-25 23:00:00,2,1,1,18.88546667343025,456,0,1,63,377,58.26136540020426
2024-05-26 00:00:00,1,1,1,10.420056042681749,473,1,0,11,383,59.627768352600256
2024-05-26 01:00:00,0,0,1,7.736849897929717,220,1,1,81,251,62.81156431423209
2024-05-26 02:00:00,1,2,2,8.870351296511267,309,1,1,66,314,56.93888299928373
2024-05-26 03:00:00,2,2,0,7.349922394794046,387,1,0,94,304,38.81337427855969
2024-05-26 04:00:00,1,1,1,5.0359503984662615,320,1,1,93,318,35.14599367144597
2024-05-26 05:00:00,2,2,1,12.750520934804898,456,1,0,84,367,55.36928882580432
2024-05-26 06:00:00,2,2,1,11.689340838661137,304,0,0,43,184,48.6307944150963
2024-05-26 07:00:00,2,0,2,9.789116349746235,189,1,1,53,232,54.68608883604918
2024-05-26 08:00:00,1,2,2,2.821062347011804,117,1,1,78,176,42.61052093727119
2024-05-26 09:00:00,1,2,1,16.140966329413995,117,0,0,62,102,77.07344060671949
2024-05-26 10:00:00,1,1,2,4.323737692264995,485,1,1,71,459,34.55313230415941
2024-05-26 11:00:00,1,2,0,3.176678824524915,218,0,1,42,233,42.99827377485139
2024-05-26 12:00:00,2,2,2,12.838356514176,154,1,1,85,133,63.72917427150842
2024-05-26 13:00:00,2,0,1,8.57424286351674,364,1,1,78,327,52.9664228603784
2024-05-26 14:00:00,2,1,0,2.13636103169426,107,1,1,10,144,20.75147361589368
2024-05-26 15:00:00,2,1,2,7.755798744260106,425,0,0,44,298,28.7188754774938
2024-05-26 16:00:00,2,2,1,15.663826693414292,236,1,0,34,192,68.99136021326201
2024-05-26 17:00:00,2,1,0,12.689734899124854,456,1,0,13,378,46.44758834570256
2024-05-26 18:00:00,2,1,0,7.892934436752939,434,0,0,82,290,32.22005611369889
2024-05-26 19:00:00,2,0,0,4.644291041057174,105,1,0,76,117,44.83817190274317
2024-05-26 20:00:00,2,2,2,13.004116795290692,53,1,0,93,61,46.4961133124916
2024-05-26 21:00:00,2,0,0,17.86355071798075,334,1,1,19,326,84.09221410124985
2024-05-26 22:00:00,1,0,2,13.279181642302362,66,0,1,29,44,74.51958910931225
2024-05-26 23:00:00,0,1,1,16.445173238354258,482,1,0,49,364,55.50995432789909
2024-05-27 00:00:00,1,2,2,10.90902893253305,286,1,0,76,205,64.39791114817693
2024-05-27 01:00:00,2,1,2,14.641451028079548,356,1,1,84,361,55.165051256967445
2024-05-27 02:00:00,2,0,1,18.028308701788696,299,1,1,24,301,68.42457425393847
2024-05-27 03:00:00,0,2,2,15.690400586914446,482,0,1,37,385,63.92586210611844
2024-05-27 04:00:00,2,1,2,18.28722511456477,73,1,0,44,83,54.35021097701781
2024-05-27 05:00:00,2,1,1,9.191652440205138,349,1,0,16,280,35.84521369601754
2024-05-27 06:00:00,2,2,0,18.180184847414075,165,0,1,63,186,62.7988502424997
2024-05-27 07:00:00,2,1,1,12.809777455152444,287,1,0,51,240,48.07354562093809
2024-05-27 08:00:00,2,1,0,17.53092655555218,218,0,0,47,144,50.23926516858074
2024-05-27 09:00:00,2,2,2,1.7481540783188727,362,0,1,92,268,25.10399563756098
2024-05-27 10:00:00,0,0,1,13.499195256357186,489,0,1,73,381,64.39321922719041
2024-05-27 11:00:00,2,1,0,17.111526498680075,337,0,1,66,283,48.35911277365031
2024-05-27 12:00:00,2,2,2,4.309838639220796,464,1,0,38,372,31.122617160017587
2024-05-27 13:00:00,1,0,2,13.57395173583354,290,1,1,75,303,86.78880565442482
2024-05-27 14:00:00,2,1,2,16.674139570115997,449,1,0,92,368,41.57291342547278
2024-05-27 15:00:00,2,0,0,6.471038023020104,465,1,1,82,412,63.939661783787066
2024-05-27 16:00:00,1,1,0,8.69968023022145,413,0,1,15,321,47.41285846425532
2024-05-27 17:00:00,2,2,0,11.820836651485168,347,1,1,90,329,53.91868225037961
2024-05-27 18:00:00,2,2,2,10.86418608880668,427,0,1,11,330,51.5518782066963
2024-05-27 19:00:00,2,2,0,1.7445984677055772,339,1,0,48,241,23.66878338838524
2024-05-27 20:00:00,2,0,1,2.874769863622856,300,1,1,15,308,45.40324457705191
2024-05-27 21:00:00,0,1,0,2.908865006782865,214,0,1,23,161,32.2649948184696
2024-05-27 22:00:00,1,1,0,5.983090204484325,449,1,1,99,382,45.86580437331915
2024-05-27 23:00:00,2,2,2,5.671418143246536,390,1,0,27,311,37.83427983841854
2024-05-28 00:00:00,0,0,1,15.102225291949193,190,0,1,79,215,77.83575392393996
2024-05-28 01:00:00,0,1,1,11.882143334306749,427,1,0,85,325,40.69609447019709
2024-05-28 02:00:00,2,0,1,15.51554560825958,169,1,1,31,166,62.64602805148572
2024-05-28 03:00:00,0,1,0,2.3280250908065323,387,1,0,87,307,31.77494042515597
2024-05-28 04:00:00,2,1,2,10.219070511960412,499,0,0,22,347,32.277921563902
2024-05-28 05:00:00,2,2,0,7.151736006040119,425,1,0,82,318,33.6215635620393
2024-05-28 06:00:00,2,1,2,17.148846904359182,210,0,0,19,141,57.88287749705019
2024-05-28 07:00:00,2,2,1,14.447993981288162,154,0,0,36,92,55.15181499236888
2024-05-28 08:00:00,2,1,0,17.51591094570913,387,1,0,23,317,39.92120091324236
2024-05-28 09:00:00,1,1,2,1.8821153257151413,141,1,1,18,173,27.73756682357832
2024-05-28 10:00:00,2,2,0,14.695646301765407,468,0,0,18,312,55.15219987320415
2024-05-28 11:00:00,2,2,2,11.260158691031982,470,1,0,99,384,44.6117930526561
2024-05-28 12:00:00,2,2,1,16.67500055129575,253,1,1,66,262,60.3649456836144
2024-05-28 13:00:00,0,2,0,10.6360512275906,89,0,0,44,50,49.82169405326939
2024-05-28 14:00:00,0,1,1,11.263972480136273,441,1,0,35,378,40.43469052805618
2024-05-28 15:00:00,0,2,0,1.983580237899237,103,1,1,50,168,35.99793960810388
2024-05-28 16:00:00,0,0,0,13.701934435683366,138,0,1,76,112,65.75653366716664
2024-05-28 17:00:00,1,0,2,6.189657636495951,184,0,1,39,154,60.35061351597162
2024-05-28 18:00:00,2,1,2,1.3741845213975892,51,1,1,38,123,21.497363017319
2024-05-28 19:00:00,0,1,2,2.262306087614571,146,1,0,93,159,25.128704733702328
2024-05-28 20:00:00,1,0,1,19.188426570354487,105,0,0,77,30,99.8017575948506
2024-05-28 21:00:00,1,2,1,7.575468502017092,409,1,0,23,300,49.34092596689384
2024-05-28 22:00:00,1,2,0,17.49343694380202,173,0,1,61,198,75.42718589837759
2024-05-28 23:00:00,2,2,2,19.233867447315863,234,1,1,48,237,58.48765769303184
2024-05-29 00:00:00,2,1,1,18.92207658790913,482,1,1,30,411,52.76255416491554
2024-05-29 01:00:00,2,2,0,17.752779573288983,174,0,1,80,142,67.27905240380319
2024-05-29 02:00:00,0,0,1,18.002034336764716,383,1,0,15,318,84.58214395926758
2024-05-29 03:00:00,2,2,0,6.491152842478079,313,0,1,64,235,34.941920980441786
2024-05-29 04:00:00,2,1,2,3.8779279149468073,389,1,1,49,360,23.12983652881317
2024-05-29 05:00:00,1,1,0,13.14598867967055,240,1,0,79,217,55.19766351983378
2024-05-29 06:00:00,2,1,0,10.274006245507652,387,0,1,34,322,31.321772119944416
2024-05-29 07:00:00,1,2,2,2.8761876552082497,264,0,1,13,239,42.55353729475773
2024-05-29 08:00:00,2,1,2,13.873285004425806,270,0,0,98,176,38.77494422745085
2024-05-29 09:00:00,2,1,0,11.694340142210695,248,0,1,91,245,43.310954087884895
2024-05-29 10:00:00,2,0,1,17.398280615398342,393,1,1,43,373,73.61712710889964
2024-05-29 11:00:00,0,1,2,12.574492118079574,223,0,0,98,127,43.87167129548804
2024-05-29 12:00:00,2,1,0,11.90497741471332,266,0,1,31,225,36.46570214812819
2024-05-29 13:00:00,2,1,2,9.374282743319933,255,0,1,65,266,43.5159066042117
2024-05-29 14:00:00,1,1,2,9.792954327888536,116,0,0,55,88,42.40967441757211
2024-05-29 15:00:00,2,2,1,19.13324331260321,422,1,0,65,349,60.24449866694234
2024-05-29 16:00:00,0,0,2,3.630474178604547,223,0,1,87,182,51.96540185159045
2024-05-29 17:00:00,0,0,0,9.478157553061555,127,0,0,84,109,63.25361636349221
2024-05-29 18:00:00,2,2,0,13.460717444610014,372,1,0,36,258,55.67153338030604
2024-05-29 19:00:00,0,2,2,9.227202266217592,91,1,1,99,159,61.16866316876263
2024-05-29 20:00:00,2,2,2,6.381096913774398,113,0,1,44,122,28.881824381864483
2024-05-29 21:00:00,0,1,1,6.459790044494242,433,1,1,25,387,27.207651386764788
2024-05-29 22:00:00,2,1,1,5.439464878896599,378,1,1,29,375,25.88012807256295
2024-05-29 23:00:00,0,0,1,7.534160811078704,486,0,0,24,317,62.178204482120535
2024-05-30 00:00:00,2,1,0,17.56182073608777,248,0,0,87,178,44.362789089912525
2024-05-30 01:00:00,0,1,1,10.599266456136908,139,0,1,81,152,42.60133712019267
2024-05-30 02:00:00,2,2,0,5.56453583347855,56,0,0,33,44,32.54033856580953
2024-05-30 03:00:00,2,2,1,8.306007623504115,312,0,1,71,296,43.919687732982986
2024-05-30 04:00:00,2,1,0,3.0107778294927927,171,1,1,89,208,21.063057617887967
2024-05-30 05:00:00,2,1,2,18.176679055036026,213,0,0,53,158,53.11625201932196
2024-05-30 06:00:00,1,1,0,8.755758809737209,165,1,1,23,226,50.17399284834453
2024-05-30 07:00:00,2,2,2,19.62743288726844,62,1,1,82,118,67.5387096395613
2024-05-30 08:00:00,1,1,0,7.603236691987866,69,1,0,86,85,37.7551862084814
2024-05-30 09:00:00,1,2,0,16.8907648973153,250,0,1,60,199,74.78568628859608
2024-05-30 10:00:00,0,2,2,5.87132095253761,358,1,1,31,351,46.71678094688916
2024-05-30 11:00:00,2,0,0,2.4469049741744424,303,0,0,41,214,46.89484643781618
2024-05-30 12:00:00,2,1,0,1.6029338718022133,135,0,1,89,159,14.410527447092312
2024-05-30 13:00:00,0,1,1,12.517200106250888,229,0,1,34,208,44.9732294836818
2024-05-30 14:00:00,2,2,2,6.919899761798199,286,1,1,58,279,38.28171901168357
2024-05-30 15:00:00,2,2,2,9.426877729040738,402,1,1,32,378,43.43943199805256
2024-05-30 16:00:00,0,1,1,16.554293676415114,110,1,1,46,195,51.80658517522193
2024-05-30 17:00:00,1,2,1,5.71405362820124,264,0,1,12,246,50.46558534007686
2024-05-30 18:00:00,0,1,2,6.864397057963352,430,1,0,69,312,36.5833833079945
2024-05-30 19:00:00,2,1,2,17.061387516114678,264,1,1,68,278,41.06542834455769
2024-05-30 20:00:00,0,2,2,10.362483193526575,407,0,1,32,377,48.27923899325796
2024-05-30 21:00:00,2,1,1,16.725638173997265,421,0,1,42,331,44.466307998026416
2024-05-30 22:00:00,2,0,1,8.115044065860012,139,0,0,63,87,60.115723860234674
2024-05-30 23:00:00,1,2,0,8.569029635715061,145,1,0,48,102,55.57391664304197
2024-05-31 00:00:00,2,2,1,4.175628873786868,110,0,1,34,125,31.07342549853352
2024-05-31 01:00:00,2,2,0,18.41057121830436,105,1,1,72,154,60.14846281318104
2024-05-31 02:00:00,2,2,0,18.03889018623958,269,0,1,98,247,58.41252260302115
2024-05-31 03:00:00,1,1,1,19.700123276730697,143,1,0,94,140,75.8070428122706
2024-05-31 04:00:00,0,0,1,8.64649541622452,89,1,0,68,106,61.67460022783205
2024-05-31 05:00:00,0,0,1,16.553683893414203,386,1,0,40,321,82.31548791664457
2024-05-31 06:00:00,0,1,1,8.884120901770252,368,1,0,58,261,36.204377704191344
2024-05-31 07:00:00,2,1,2,9.631676989498482,490,0,1,69,415,41.26783563747729
2024-05-31 08:00:00,2,1,1,16.769988478301666,297,1,1,73,306,54.24630770654121
2024-05-31 09:00:00,2,2,0,4.369968646841596,266,1,1,47,295,33.45309859465901
2024-05-31 10:00:00,2,2,0,5.185907754773294,437,0,0,80,314,38.578251402778434
2024-05-31 11:00:00,2,0,2,6.979836567520485,203,0,0,86,149,55.053027799565065
2024-05-31 12:00:00,1,2,2,15.975401617501092,400,0,0,96,276,71.8406481607453
2024-05-31 13:00:00,2,2,1,8.080379437993573,111,1,1,17,157,39.65674944103838
2024-05-31 14:00:00,2,2,2,7.80519595733447,487,1,0,94,398,40.86738578785136
2024-05-31 15:00:00,2,2,1,19.977510559849595,289,0,1,22,260,64.96351005938374
2024-05-31 16:00:00,2,2,1,8.29231671889011,239,0,0,35,160,37.95379965663057
2024-05-31 17:00:00,1,2,2,5.707640189996153,195,0,0,19,163,53.33057513328969
2024-05-31 18:00:00,2,2,2,12.841059885817923,59,1,1,65,127,44.79410687019244
2024-05-31 19:00:00,2,2,0,16.235719087145014,341,1,0,13,286,58.41334871451908
2024-05-31 20:00:00,0,2,2,2.322548840740026,179,0,1,40,152,30.51489433118582
2024-05-31 21:00:00,2,2,2,12.758952391631023,109,1,0,26,107,57.3542752090112
2024-05-31 22:00:00,2,2,2,1.6789736617242703,224,1,0,17,174,32.060352733613136
2024-05-31 23:00:00,2,2,0,11.00031466861084,122,0,1,61,113,48.51083195595925
2024-06-01 00:00:00,0,2,1,5.882839711398375,288,1,0,46,237,44.822694489766114
2024-06-01 01:00:00,1,2,0,6.826192255790529,465,1,0,29,354,56.65687669630709
2024-06-01 02:00:00,0,2,2,9.87482331566527,228,0,1,56,228,53.05536333812023
2024-06-01 03:00:00,2,1,2,18.615041754166157,116,0,0,83,68,44.26250281562687
2024-06-01 04:00:00,1,1,2,14.502678825169651,130,0,1,60,150,56.20025703130472
2024-06-01 05:00:00,2,2,1,18.800066329405432,126,0,1,67,123,59.4600906385715
2024-06-01 06:00:00,2,2,0,13.539449086614876,297,0,1,53,257,48.452654970721696
2024-06-01 07:00:00,2,0,0,1.1350471946693337,244,1,0,20,188,50.36254129546897
2024-06-01 08:00:00,2,1,1,6.046118749605874,117,1,1,21,185,26.926779051109232
2024-06-01 09:00:00,0,1,0,18.209678976687105,387,1,0,19,340,61.4330032391895
2024-06-01 10:00:00,0,1,1,13.22546489838715,105,0,1,86,100,45.7531587171785
2024-06-01 11:00:00,1,1,1,19.651297494835223,148,0,1,63,165,65.77580306459569
2024-06-01 12:00:00,0,2,0,3.963316365147617,319,1,0,43,295,38.184930802425
2024-06-01 13:00:00,0,1,0,6.638208829023869,449,1,1,39,387,31.283080504939186
2024-06-01 14:00:00,2,2,1,7.88498553082369,125,0,1,24,166,47.15364818310653
2024-06-01 15:00:00,2,2,0,7.2045985451789,380,0,1,17,316,31.31069127499238
2024-06-01 16:00:00,0,2,1,5.787839072847732,115,1,0,49,118,45.735635435307934
2024-06-01 17:00:00,2,0,0,9.42584859937878,82,1,1,31,141,59.24057782586954
2024-06-01 18:00:00,1,2,0,13.203664344018051,318,1,0,14,257,65.67421812535889
2024-06-01 19:00:00,2,1,0,6.913881534847225,79,0,0,29,30,28.21568932425742
2024-06-01 20:00:00,2,0,0,2.5142985429708578,75,1,0,96,80,47.014946123394
2024-06-01 21:00:00,2,0,0,14.462118010970103,419,1,0,58,376,68.293527979302
2024-06-01 22:00:00,2,1,2,9.721314559844105,259,0,0,61,152,39.24605710277734
2024-06-01 23:00:00,2,1,2,11.5731638157112,318,1,1,75,316,29.20232483102987
2024-06-02 00:00:00,0,1,0,9.652612486114387,373,0,1,28,309,36.64833015757571
2024-06-02 01:00:00,2,1,0,17.916792565643295,172,1,1,99,207,46.56708243663068
2024-06-02 02:00:00,0,0,0,11.61615494616122,82,0,0,23,41,60.924717719006246
2024-06-02 03:00:00,2,2,1,18.542259957183244,192,0,1,16,149,63.26775757177187
2024-06-02 04:00:00,2,1,2,10.700931489564004,194,0,1,66,191,43.50721652491532
2024-06-02 05:00:00,2,0,1,6.559175082565355,311,0,1,89,254,55.16262237765254
2024-06-02 06:00:00,1,2,2,7.753409156347735,54,0,0,19,39,53.77450270955427
2024-06-02 07:00:00,2,1,2,10.920456578110926,210,1,1,31,222,40.85241902298654
2024-06-02 08:00:00,0,0,0,11.069799318295164,359,0,1,99,311,69.76791454870899
2024-06-02 09:00:00,2,0,0,14.059416329430029,193,1,0,14,173,63.48460646582451
2024-06-02 10:00:00,0,0,1,5.265402571545985,479,0,1,85,388,52.47880996437471
2024-06-02 11:00:00,2,2,1,13.518015099344533,201,1,1,97,240,61.20287744379968
2024-06-02 12:00:00,0,2,0,15.793172159234294,430,1,0,33,341,68.11980890684632
2024-06-02 13:00:00,0,1,0,13.855247799872812,54,1,0,24,62,49.75922259915807
2024-06-02 14:00:00,1,2,2,10.154734086534226,244,0,0,97,187,64.70022140896567
2024-06-02 15:00:00,2,0,2,19.841932371219848,174,1,0,97,198,85.6063299761057
2024-06-02 16:00:00,2,1,0,8.691450023455108,125,1,1,35,184,38.62262546360782
2024-06-02 17:00:00,2,2,2,3.025221677016755,355,0,0,64,193,35.55523001438064
2024-06-02 18:00:00,1,2,1,16.608580092739516,218,1,1,27,225,69.43388379731242
2024-06-02 19:00:00,0,1,2,5.031823158727946,266,1,0,52,221,31.04230680756661
2024-06-02 20:00:00,0,2,0,14.5524258851464,232,0,0,15,154,63.76786185182453
2024-06-02 21:00:00,2,1,2,4.400549371587392,386,0,0,54,238,24.793152234212386
2024-06-02 22:00:00,2,2,0,1.3206704263008482,162,0,1,34,148,27.14151913271257
2024-06-02 23:00:00,2,1,2,4.036173471991488,325,0,1,90,276,20.78295334312502
2024-06-03 00:00:00,1,0,1,8.162785234940616,227,1,1,25,253,64.09035572677467
2024-06-03 01:00:00,0,1,1,3.025746695466167,174,1,1,64,211,22.901406021171784
2024-06-03 02:00:00,1,1,0,4.755902600477959,340,0,0,65,220,33.401624057430176
2024-06-03 03:00:00,2,1,0,15.527899276003469,483,1,0,38,353,47.43818937438332
2024-06-03 04:00:00,0,0,0,15.627788551565484,466,1,0,73,356,73.5204342815737
2024-06-03 05:00:00,0,2,2,16.532276316628558,372,0,1,10,300,62.99352820575117
2024-06-03 06:00:00,2,2,2,16.981949494404258,248,1,1,54,272,60.18132733493508
2024-06-03 07:00:00,1,2,2,8.988281997661353,187,1,0,93,146,59.5135344428957
2024-06-03 08:00:00,1,2,1,17.48344355317704,267,0,0,35,189,72.50939451960026
2024-06-03 09:00:00,1,1,0,10.99280062526682,346,1,1,94,330,50.11900086006873
2024-06-03 10:00:00,0,2,2,9.941345221784154,217,0,1,59,193,50.21230618755705
2024-06-03 11:00:00,2,1,1,14.65219025091974,183,1,0,36,175,44.63349413416234
2024-06-03 12:00:00,2,0,0,5.062549815838237,210,1,0,44,177,54.194582375160806
2024-06-03 13:00:00,1,2,1,16.000450159721968,321,0,0,89,244,72.47566454937139
2024-06-03 14:00:00,2,2,0,9.15985070475786,329,1,1,38,334,38.001371016584734
2024-06-03 15:00:00,0,1,2,3.4186128660714483,297,0,1,16,244,24.357919100488317
2024-06-03 16:00:00,0,2,1,3.266926356822384,271,0,0,71,220,32.93556710725336
2024-06-03 17:00:00,0,1,1,4.133228133087302,365,0,0,80,215,26.395364546767368
2024-06-03 18:00:00,1,1,1,17.920881950631866,426,1,0,43,368,68.56476048705535
2024-06-03 19:00:00,2,1,0,19.827818622921903,379,1,1,57,382,58.02628149816623
2024-06-03 20:00:00,2,2,0,7.782502184824386,444,0,1,14,338,41.55674305160074
2024-06-03 21:00:00,2,2,1,6.550733191900655,221,0,0,17,148,31.342267337154446
2024-06-03 22:00:00,2,1,0,5.156648479292409,308,0,0,81,193,21.95375091218154
2024-06-03 23:00:00,2,1,1,16.652513066177665,471,1,0,52,360,46.30707550048577
2024-06-04 00:00:00,2,2,2,4.974942165958646,305,0,1,61,290,37.78422666898911
2024-06-04 01:00:00,1,2,1,18.557712468675124,217,1,1,83,238,69.88502598738282
2024-06-04 02:00:00,1,1,1,13.679657200454372,169,0,1,10,127,51.92392233079861
2024-06-04 03:00:00,2,1,0,18.045428041714697,68,1,1,47,152,53.70618169548904
2024-06-04 04:00:00,2,0,0,11.52618723348878,345,1,0,16,285,65.03775301599369
2024-06-04 05:00:00,1,0,0,14.122917381467438,358,1,0,90,266,90.5029780543011
2024-06-04 06:00:00,2,0,2,12.769703912496446,296,1,1,65,328,75.08397944626965
2024-06-04 07:00:00,2,0,2,16.79271367015214,254,1,1,55,281,68.96957113616503
2024-06-04 08:00:00,2,1,2,16.88135541253174,469,1,1,33,411,42.71564593194446
2024-06-04 09:00:00,0,1,0,12.206066997057375,116,0,0,44,86,40.14364174473358
2024-06-04 10:00:00,2,1,1,13.017645337265677,391,0,1,82,348,53.12117710012344
2024-06-04 11:00:00,1,1,1,18.51564248945877,394,0,0,51,287,64.15065387524014
2024-06-04 12:00:00,2,0,1,18.66746319533442,453,1,0,76,327,83.69665833803626
2024-06-04 13:00:00,0,2,0,13.62074589400845,461,1,0,53,347,63.6575428247346
2024-06-04 14:00:00,2,2,0,1.1473312852901074,234,1,1,13,214,17.55113881100144
2024-06-04 15:00:00,2,1,2,2.983813080324879,436,0,1,86,351,22.432606834781183
2024-06-04 16:00:00,0,0,0,17.30090810371391,391,1,1,33,324,80.3663987803759
2024-06-04 17:00:00,0,0,1,2.6095682110452287,157,0,1,80,161,55.02821431423103
2024-06-04 18:00:00,0,1,2,5.056864436246261,214,0,0,28,165,36.73820448327888
2024-06-04 19:00:00,0,0,2,5.380386924211384,170,0,0,59,115,60.46904655586777
2024-06-04 20:00:00,1,1,0,12.404460625818192,451,1,1,27,380,55.97467650974
2024-06-04 21:00:00,1,1,2,11.95602315979152,133,0,0,37,92,57.563257370242695
2024-06-04 22:00:00,0,2,2,6.498932944987605,351,0,0,38,250,30.51580476800292
2024-06-04 23:00:00,2,2,0,4.944615945800414,310,1,1,82,325,28.04099565124585
2024-06-05 00:00:00,2,1,2,15.52610856729204,156,0,1,94,145,42.72428557950922
2024-06-05 01:00:00,2,1,1,18.773666956513548,172,0,0,54,130,53.95845447970413
2024-06-05 02:00:00,0,0,0,2.003307918412335,122,0,1,16,112,42.65344654664562
2024-06-05 03:00:00,2,2,1,3.530428791392394,386,1,0,54,291,33.85852431360367
2024-06-05 04:00:00,2,2,1,13.201115785408442,362,1,1,98,368,56.84590288272311
2024-06-05 05:00:00,1,1,1,16.284387581757088,203,1,0,35,220,52.098996428309405
2024-06-05 06:00:00,1,1,1,16.032584706751592,338,1,1,79,311,72.23906392813792
2024-06-05 07:00:00,1,1,2,14.673979908571097,146,0,0,58,125,54.26414004414813
2024-06-05 08:00:00,2,1,2,17.861131135463747,341,1,1,93,342,53.93436295183471
2024-06-05 09:00:00,0,1,0,5.129628711845444,398,1,1,27,358,25.49973325221345
2024-06-05 10:00:00,2,1,0,3.038527983346996,327,0,1,93,277,21.907413688761
2024-06-05 11:00:00,2,2,1,12.691896431735998,303,0,0,49,222,40.59885054494752
2024-06-05 12:00:00,2,1,1,16.623241938945213,131,1,1,27,194,53.85099330720396
2024-06-05 13:00:00,2,0,0,12.05882799113089,66,0,1,56,123,57.263884209906834
2024-06-05 14:00:00,2,1,0,19.29695226171922,349,0,0,10,225,55.57177030921045
2024-06-05 15:00:00,1,2,0,16.115724766443996,229,1,1,42,267,77.14377267073289
2024-06-05 16:00:00,2,1,0,14.315044217275956,265,1,0,48,240,40.8568462440254
2024-06-05 17:00:00,0,2,1,2.144888526562938,71,0,0,32,79,30.724800622926608
2024-06-05 18:00:00,0,1,0,3.04710253590196,285,0,0,23,192,17.321202727561868
2024-06-05 19:00:00,2,0,2,15.911915019232692,434,1,0,94,366,72.69621840591324
2024-06-05 20:00:00,2,2,1,4.7665205859635575,260,1,0,53,251,35.29159744800542
2024-06-05 21:00:00,2,2,2,1.5478683455008206,335,1,0,46,280,23.463224854923453
2024-06-05 22:00:00,0,1,0,18.30445302919233,472,0,1,80,385,56.5723907153516
2024-06-05 23:00:00,2,2,2,17.92530210032345,256,0,0,85,179,53.82887257728753
2024-06-06 00:00:00,2,2,0,5.151192717398345,468,0,1,46,394,28.829426339315564
2024-06-06 01:00:00,2,1,2,15.823918903386138,374,1,0,37,324,50.32251181059468
2024-06-06 02:00:00,0,2,1,1.9116135630214468,304,1,1,16,314,33.03895210866524
2024-06-06 03:00:00,1,0,2,6.416102072641999,394,1,0,61,328,61.68703361309564
2024-06-06 04:00:00,2,2,1,12.849671256875872,60,1,0,26,68,56.28565311120397
2024-06-06 05:00:00,0,0,2,15.500400927009323,356,1,1,71,326,75.09916053877531
2024-06-06 06:00:00,0,0,2,1.197584586975602,368,0,1,46,283,49.04514498912501
2024-06-06 07:00:00,1,0,1,7.197963652201137,391,0,0,23,314,71.81324412144332
2024-06-06 08:00:00,1,2,1,5.072565641209806,428,0,0,60,291,50.18944560869323
2024-06-06 09:00:00,0,2,0,19.97682770922575,83,0,1,64,121,69.16562392618209
2024-06-06 10:00:00,0,2,1,13.748662415319464,170,0,1,66,149,63.174009456205184
2024-06-06 11:00:00,1,2,1,8.707757604715132,285,0,0,13,189,50.482370439438135
2024-06-06 12:00:00,2,0,0,2.4373994376330157,232,1,0,95,178,34.63096788745008
2024-06-06 13:00:00,2,1,1,12.374734892632311,127,1,1,58,161,36.16941114479423
2024-06-06 14:00:00,2,1,1,13.19232794778522,172,1,0,90,161,38.51580795145776
2024-06-06 15:00:00,1,1,2,16.511712622559568,325,1,0,44,273,54.55955747638506
2024-06-06 16:00:00,1,1,0,6.482960205467907,257,0,1,62,230,45.1371738854032
2024-06-06 17:00:00,2,1,0,19.64713352912183,235,0,1,41,198,53.259814620454
2024-06-06 18:00:00,0,2,2,9.34984904696504,66,0,0,98,42,51.94489419464304
2024-06-06 19:00:00,2,1,0,6.622931338530379,339,1,0,19,295,27.78633461218689
2024-06-06 20:00:00,2,2,2,7.620537346027699,303,1,1,71,324,33.3684221225564
2024-06-06 21:00:00,1,2,1,10.872135006375352,148,1,1,11,207,58.065109307258105
2024-06-06 22:00:00,2,1,0,18.797329725635414,495,0,1,72,403,53.05213500195122
2024-06-06 23:00:00,2,1,1,14.96801716046861,467,0,1,85,370,51.83895573780529
2024-06-07 00:00:00,0,2,0,11.965083339811864,196,1,1,25,213,54.102486975117394
2024-06-07 01:00:00,0,2,1,4.093397371617375,421,1,0,25,333,38.60988648544932
2024-06-07 02:00:00,2,0,0,3.8377129069265616,163,1,1,12,207,53.29676835635249
2024-06-07 03:00:00,0,0,0,10.541741362457715,146,1,1,98,212,68.20852128247432
2024-06-07 04:00:00,0,0,1,14.845465387431334,431,1,1,27,379,74.20645442486868
2024-06-07 05:00:00,2,2,2,15.269231282347093,425,1,0,51,317,51.87090319820894
2024-06-07 06:00:00,2,0,0,5.292373293648909,371,0,0,41,220,60.37890244431039
2024-06-07 07:00:00,0,0,2,2.901890744097812,377,1,1,59,375,45.1651859440866
2024-06-07 08:00:00,2,0,2,8.304758795822,398,0,0,58,276,53.49934774380638
2024-06-07 09:00:00,1,1,2,18.44527832163741,219,0,1,12,171,56.67150064700783
2024-06-07 10:00:00,1,0,2,11.361977800718265,356,1,1,81,327,87.11701045988445
2024-06-07 11:00:00,1,2,2,7.081895569803712,248,0,1,14,209,53.43705119685513
2024-06-07 12:00:00,2,2,2,7.149115698443311,226,1,0,66,187,44.7252732803293
2024-06-07 13:00:00,1,1,0,3.509653859221514,173,1,0,93,173,37.71768984538543
2024-06-07 14:00:00,2,1,2,9.991250986017002,206,1,0,53,162,38.11412729590914
2024-06-07 15:00:00,2,1,0,16.035890891781932,144,1,1,34,207,45.01888176169213
2024-06-07 16:00:00,2,1,0,19.402615139019485,335,0,0,79,220,39.2237940411033
2024-06-07 17:00:00,2,1,0,10.530304999201531,148,0,1,32,137,41.07733458625226
2024-06-07 18:00:00,0,0,1,4.17708340101108,458,1,0,97,337,52.85912477882568
2024-06-07 19:00:00,2,1,2,13.976057596254426,416,0,1,19,339,44.10004645923637
2024-06-07 20:00:00,2,1,1,15.379035512160613,418,1,1,19,388,46.97294714318028
2024-06-07 21:00:00,0,1,2,2.362295239038942,284,1,0,42,230,21.77335451613029
2024-06-07 22:00:00,2,2,1,17.152643462993346,239,1,1,82,255,63.26097390009318
2024-06-07 23:00:00,0,1,0,16.75712540992129,343,1,0,27,274,46.90306459116198
2024-06-08 00:00:00,2,1,1,9.97828002674324,322,1,1,76,332,35.41530600319425
2024-06-08 01:00:00,1,2,0,11.648027853701498,379,0,1,83,310,60.02630859432659
2024-06-08 02:00:00,1,2,1,14.554753210507464,434,0,0,36,305,68.83786505503105
2024-06-08 03:00:00,2,1,2,13.858214376194327,67,0,1,44,127,42.548311486620335
2024-06-08 04:00:00,2,1,2,1.3141835856709725,496,1,1,71,491,20.382256838055884
2024-06-08 05:00:00,2,1,1,3.3262707731212298,223,1,1,27,229,13.756322151823808
2024-06-08 06:00:00,1,0,1,4.089220559843668,452,0,1,16,393,51.90198286870897
2024-06-08 07:00:00,2,1,2,15.357841892369878,430,0,0,80,281,44.4489740509902
2024-06-08 08:00:00,2,2,1,9.36158769495522,355,1,0,95,302,55.001413134731976
2024-06-08 09:00:00,2,1,1,11.364549901349678,169,1,0,19,193,45.7777191399678
2024-06-08 10:00:00,2,2,2,15.681061301014198,305,1,1,36,315,54.49881088185899
2024-06-08 11:00:00,2,1,0,7.478663112217725,145,1,0,77,140,35.48169829195923
2024-06-08 12:00:00,1,1,2,15.228914319056688,359,0,0,85,213,67.2318479500208
2024-06-08 13:00:00,2,2,2,9.403686217961631,80,0,1,76,94,38.24468680596377
2024-06-08 14:00:00,2,1,1,8.166423567709925,146,1,1,64,179,32.33144213449562
2024-06-08 15:00:00,1,1,2,7.327708017040062,242,0,0,57,155,33.048741251851034
2024-06-08 16:00:00,1,2,2,19.33395149435528,282,0,0,76,197,75.94492823670656
2024-06-08 17:00:00,2,0,1,15.667494803470598,95,1,1,98,161,67.21744571911789
2024-06-08 18:00:00,2,1,1,1.383722874697058,340,0,1,35,242,20.12557304541418
2024-06-08 19:00:00,2,2,0,19.190894243845836,285,1,1,49,256,61.3132867796888
2024-06-08 20:00:00,1,0,2,15.733352964806794,98,0,1,80,142,84.1683909451578
2024-06-08 21:00:00,2,0,0,3.834319574630856,386,1,0,55,303,54.017776763503
2024-06-08 22:00:00,1,2,0,2.4504243828150254,211,1,0,83,175,34.591148601195
2024-06-08 23:00:00,0,2,0,6.855687779529614,334,0,1,76,290,36.824294553289846
2024-06-09 00:00:00,0,1,0,12.859449057575173,183,1,1,20,242,48.589676170933664
2024-06-09 01:00:00,2,2,2,12.71438709383988,306,1,0,60,220,47.316049242442624
2024-06-09 02:00:00,2,1,2,6.2411523778351885,232,1,0,41,177,29.399060572968263
2024-06-09 03:00:00,2,1,2,9.467824594490938,76,1,0,81,83,39.67231502872284
2024-06-09 04:00:00,2,2,0,5.025912958560975,189,0,0,29,158,39.034845880066605
2024-06-09 05:00:00,0,1,1,1.960995018168012,309,1,1,14,339,30.239368633519863
2024-06-09 06:00:00,1,2,2,10.822438881110696,129,0,0,50,91,62.24466192385452
2024-06-09 07:00:00,0,2,0,7.592831550788723,229,0,1,22,218,40.51835221286534
2024-06-09 08:00:00,0,2,0,11.31476621366067,433,0,1,84,340,46.74659152070709
2024-06-09 09:00:00,2,1,0,18.98363912693858,316,1,0,12,259,49.7493847327216
2024-06-09 10:00:00,2,1,0,3.724035922211101,101,0,1,24,120,26.231193620754635
2024-06-09 11:00:00,2,2,0,1.037278347908151,133,1,1,65,159,28.678655789898748
2024-06-09 12:00:00,0,0,0,2.460686052360378,459,1,1,52,417,55.745994274431226
2024-06-09 13:00:00,1,1,2,9.791457625930953,205,1,1,83,248,56.21328826486753
2024-06-09 14:00:00,0,1,1,14.431708566244149,377,0,0,76,276,43.56759925375091
2024-06-09 15:00:00,2,0,2,12.034508463026592,499,1,0,55,370,68.13924373522195
2024-06-09 16:00:00,2,1,2,10.402997540101191,153,0,0,57,94,34.25812149876787
2024-06-09 17:00:00,0,0,0,7.725299490755836,395,1,1,87,357,54.75562881498011
2024-06-09 18:00:00,2,2,2,6.889509259098519,460,1,1,45,417,46.66911612447982
2024-06-09 19:00:00,1,2,1,8.149437326994622,146,0,0,32,106,55.27681820123481
2024-06-09 20:00:00,1,1,1,12.621064126172357,174,1,1,64,235,59.74672548915911
2024-06-09 21:00:00,0,1,0,4.187325161445187,232,1,0,64,206,38.950006648903205
2024-06-09 22:00:00,2,1,1,15.655879578037888,376,0,0,63,288,38.625375280919634
2024-06-09 23:00:00,2,0,0,11.929811561769096,103,0,1,74,147,63.81765746692528
2024-06-10 00:00:00,2,2,1,6.1139711746171255,351,0,0,60,233,33.01315677710603
2024-06-10 01:00:00,2,2,1,10.521906293414393,213,0,1,41,201,44.67127376961956
2024-06-10 02:00:00,2,2,2,19.29279506601816,433,0,0,94,299,64.50198907380198
2024-06-10 03:00:00,0,1,1,1.3893390537586865,198,1,1,29,239,18.797354749073836
2024-06-10 04:00:00,0,2,0,4.790930177123355,482,1,1,45,438,42.85593122263424
2024-06-10 05:00:00,2,2,1,9.519224558162282,339,0,0,41,247,49.647724245959466
2024-06-10 06:00:00,2,2,1,13.130354713816734,427,0,0,66,297,53.89600623845433
2024-06-10 07:00:00,2,1,2,5.0323370594242185,136,1,1,38,188,27.83467925434256
2024-06-10 08:00:00,2,2,0,18.69667501914773,211,0,1,55,233,61.210343143065984
2024-06-10 09:00:00,1,0,0,13.2088682360682,217,1,1,96,233,77.94811644781866
2024-06-10 10:00:00,2,2,0,17.67120703017218,184,0,1,44,169,59.56341458365687
2024-06-10 11:00:00,2,1,2,7.257040674756052,139,1,0,88,123,29.702076493281037
2024-06-10 12:00:00,2,2,1,16.75012475182596,357,1,0,83,302,57.26006577529395
2024-06-10 13:00:00,1,1,0,8.186165121089479,354,0,1,61,306,46.30827448284712
2024-06-10 14:00:00,0,2,1,5.802283676762894,424,0,1,24,348,37.2247008724372
2024-06-10 15:00:00,2,0,1,18.321451444112068,130,1,1,98,170,81.1590419473277
2024-06-10 16:00:00,0,2,1,2.752151037898237,400,1,0,90,325,34.86597299286796
2024-06-10 17:00:00,0,2,2,18.91488712507168,280,0,0,60,207,75.99314905035517
2024-06-10 18:00:00,1,2,1,9.711788911484504,138,0,1,40,125,64.79651039827264
2024-06-10 19:00:00,2,1,2,19.85988399623137,342,1,1,84,341,59.45981658644499
2024-06-10 20:00:00,1,1,2,11.252298420965548,495,1,1,93,411,50.19403627609557
2024-06-10 21:00:00,1,0,2,15.39227526956376,448,1,0,25,392,84.12364895867604
2024-06-10 22:00:00,1,2,0,1.134349310422076,51,0,0,45,32,41.61758245616205
2024-06-10 23:00:00,0,1,2,10.436669579243135,444,0,1,48,386,42.79854806169697
2024-06-11 00:00:00,0,1,0,15.011615960744187,401,0,1,20,329,52.315265683858286
2024-06-11 01:00:00,2,2,2,15.873713379210532,271,0,1,29,266,55.13897739560592
2024-06-11 02:00:00,0,2,2,4.002923069430363,66,0,0,99,76,48.434827683468605
2024-06-11 03:00:00,0,0,2,8.960448057272794,478,1,1,65,434,60.44078960200704
2024-06-11 04:00:00,0,1,2,8.962367204267435,245,1,1,99,243,25.120667898459025
2024-06-11 05:00:00,2,0,1,2.969175361482062,169,0,0,51,101,41.54114058856315
2024-06-11 06:00:00,0,2,1,9.417864646137868,291,1,1,56,300,49.64923210666557
2024-06-11 07:00:00,1,2,2,16.3347662152241,494,1,0,15,388,70.96696595936268
2024-06-11 08:00:00,2,2,1,6.703434014760753,223,1,1,44,264,40.96778983445877
2024-06-11 09:00:00,1,1,0,9.21891591598378,81,1,0,17,94,48.66318124183537
2024-06-11 10:00:00,0,0,1,19.25821501618071,324,1,0,80,275,82.10215056075758
2024-06-11 11:00:00,1,1,1,1.602453441939682,244,0,0,46,171,28.37120555935164
2024-06-11 12:00:00,2,1,1,12.23891359001176,53,1,1,59,135,43.53385008902739
2024-06-11 13:00:00,2,0,2,15.125285743774954,330,0,1,25,287,64.29935221386712
2024-06-11 14:00:00,1,2,0,15.45676624659239,70,0,0,18,65,66.82027284452032
2024-06-11 15:00:00,2,0,2,14.602822472796843,287,1,1,84,298,76.59349287507031
2024-06-11 16:00:00,1,2,0,14.80257742590029,142,1,0,94,167,67.91966691869206
2024-06-11 17:00:00,2,1,2,2.121240647787947,138,1,0,69,175,7.8625380744042435
2024-06-11 18:00:00,0,0,1,11.148595763590324,162,1,0,60,175,71.12081426144731
2024-06-11 19:00:00,2,1,0,15.876412361487866,270,0,1,55,237,55.02292883637112
2024-06-11 20:00:00,0,0,1,2.7872359317092625,147,1,0,80,160,43.55374997184006
2024-06-11 21:00:00,2,1,0,1.2289485253504893,191,0,1,21,199,17.089619407557535
2024-06-11 22:00:00,2,0,0,16.476674800393504,199,0,1,73,176,83.7713907720261
2024-06-11 23:00:00,2,1,2,14.533593363763297,97,1,0,30,147,51.05941765755385
2024-06-12 00:00:00,2,2,2,8.83192192137441,100,0,1,14,144,51.31745616469232
2024-06-12 01:00:00,1,0,1,18.86753221890927,257,0,1,15,227,89.94136603222154
2024-06-12 02:00:00,1,2,1,15.565363798377954,60,0,1,52,93,69.20755117592324
2024-06-12 03:00:00,2,2,0,19.38935789052497,492,1,0,35,361,70.31334540213066
2024-06-12 04:00:00,0,0,0,18.65698993140188,319,0,1,63,274,83.51207367909238
2024-06-12 05:00:00,2,2,2,10.144578456606837,312,1,0,12,268,51.68964123944288
2024-06-12 06:00:00,0,0,2,15.339470594227754,246,0,0,20,169,74.27342039918283
2024-06-12 07:00:00,1,2,2,13.71463638734514,235,0,1,96,192,71.9613024290828
2024-06-12 08:00:00,1,1,2,16.417458991757336,345,1,0,34,293,60.20639986651018
2024-06-12 09:00:00,2,1,2,15.966079642768849,270,0,1,21,233,41.83280306746519
2024-06-12 10:00:00,0,1,0,3.911407430631308,130,1,0,74,115,28.73568129474397
2024-06-12 11:00:00,2,1,0,5.44097510436238,271,0,1,13,247,22.21169951521807
2024-06-12 12:00:00,1,2,1,6.04889996637378,458,0,1,61,348,44.59329048845674
2024-06-12 13:00:00,2,1,0,16.5514726251232,428,1,0,74,341,39.98204172659375
2024-06-12 14:00:00,0,1,2,16.40409237465459,219,0,0,79,177,55.75446882574197
2024-06-12 15:00:00,0,1,0,10.4113715918494,135,1,0,43,152,40.517778168620325
2024-06-12 16:00:00,0,0,0,12.035812925786502,93,0,0,25,74,64.5837370075871
2024-06-12 17:00:00,2,2,0,16.7115209063996,310,1,0,84,258,59.21010365006103
2024-06-12 18:00:00,1,1,1,6.939278412877121,153,0,1,23,115,47.05275269933703
2024-06-12 19:00:00,2,0,1,1.953396761410903,333,1,1,83,316,46.0582910492818
2024-06-12 20:00:00,0,1,0,10.169332327304176,277,1,0,70,233,42.83668136475462
2024-06-12 21:00:00,2,0,0,18.360625733124763,237,1,0,62,221,79.13957296117866
2024-06-12 22:00:00,2,2,2,16.018896958241385,170,0,1,67,151,54.20990465571997
2024-06-12 23:00:00,0,1,1,7.9657287590612285,198,1,1,72,239,39.1118860810324
2024-06-13 00:00:00,2,2,2,2.230655849173897,401,0,1,22,343,23.71520304878083
2024-06-13 01:00:00,2,2,2,13.101470602267687,354,1,0,54,289,52.80665451371318
2024-06-13 02:00:00,2,2,0,16.855325121539884,489,1,1,64,450,54.44596587568534
2024-06-13 03:00:00,2,0,0,13.634022762638132,106,1,0,42,89,58.41984416870945
2024-06-13 04:00:00,0,1,0,9.076418630497374,390,0,0,71,254,29.387169343291628
2024-06-13 05:00:00,1,1,2,3.3437186504023555,238,1,0,48,208,27.081441414679865
2024-06-13 06:00:00,2,1,2,18.30471063860974,406,0,1,22,319,54.32672638770946
2024-06-13 07:00:00,2,1,2,6.243208189314276,87,1,0,90,98,33.896450631847635
2024-06-13 08:00:00,2,1,0,5.261453693366227,250,1,1,82,287,31.76605124279609
2024-06-13 09:00:00,2,0,0,16.503556646583426,278,1,0,22,171,76.30178620345897
2024-06-13 10:00:00,0,1,0,19.64317883575328,435,0,1,25,401,58.41178509447311
2024-06-13 11:00:00,0,2,2,13.543044916150446,180,1,1,63,228,49.8807396057573
2024-06-13 12:00:00,2,2,2,12.871399291466462,220,0,0,39,155,52.96920759750592
2024-06-13 13:00:00,2,0,1,7.0691865152001885,379,1,0,48,297,57.98266292332439
2024-06-13 14:00:00,2,0,0,1.3878555630174576,84,0,0,73,67,42.14494056624495
2024-06-13 15:00:00,1,2,2,4.6441594506314825,250,0,1,79,216,54.41366781348251
2024-06-13 16:00:00,1,0,1,12.104178294574869,217,1,1,21,244,75.32902806134335
2024-06-13 17:00:00,2,2,2,3.875012774504865,430,1,1,11,391,37.15759189194563
2024-06-13 18:00:00,2,0,2,17.792880331695216,295,0,1,42,247,73.56900824062929
2024-06-13 19:00:00,1,2,0,4.5747490692048185,273,0,0,24,196,52.79770844819562
2024-06-13 20:00:00,1,1,1,10.91998460722613,390,0,1,90,311,58.17710739060789
2024-06-13 21:00:00,2,2,2,10.728251669607104,107,1,0,61,122,41.8156680836241
2024-06-13 22:00:00,2,2,1,12.47496697246336,339,0,1,44,300,47.69271316853276
2024-06-13 23:00:00,2,1,1,7.221247324642741,74,1,1,47,180,26.287568179561447
2024-06-14 00:00:00,0,1,0,17.59714982024099,489,1,0,89,385,60.84522703180967
2024-06-14 01:00:00,2,2,1,9.441729183526322,81,0,0,51,102,49.403169713662784
2024-06-14 02:00:00,2,0,0,14.302917995994909,159,0,1,90,172,67.08137126395111
2024-06-14 03:00:00,0,1,0,13.08230635836736,150,0,1,16,159,49.22964551534314
2024-06-14 04:00:00,2,2,0,3.2259655792743622,199,0,0,65,122,29.028001632759047
2024-06-14 05:00:00,0,2,1,12.830147701349617,432,0,1,14,348,51.742464759850094
2024-06-14 06:00:00,2,0,2,11.463350881640824,394,0,1,49,347,65.54443146656324
2024-06-14 07:00:00,2,0,0,18.07347720186221,242,0,0,70,147,79.18468060004236
2024-06-14 08:00:00,0,2,2,17.736656093213163,158,1,0,74,135,60.66625316290683
2024-06-14 09:00:00,2,2,1,3.8681409608212807,405,0,0,75,283,32.42980245843131
2024-06-14 10:00:00,1,1,2,2.552017766145545,326,0,1,77,276,33.960998183118605
2024-06-14 11:00:00,0,2,2,6.597252165006506,282,0,0,74,219,33.77376724080414
2024-06-14 12:00:00,2,2,0,19.745644277001865,70,1,0,94,113,61.8581414598084
2024-06-14 13:00:00,0,0,0,1.4099017517200183,422,1,0,51,311,48.56017576574774
2024-06-14 14:00:00,2,2,0,13.78495255188466,461,0,1,44,388,48.95803061805626
2024-06-14 15:00:00,1,1,1,12.561760942978566,301,1,0,75,240,50.93480857709534
2024-06-14 16:00:00,2,2,2,13.28498732869852,452,0,1,34,372,51.52192116787629
2024-06-14 17:00:00,0,1,1,5.147431905644088,63,0,1,15,92,30.30827843003052
2024-06-14 18:00:00,2,1,1,5.3076295701971485,264,0,0,17,200,26.53769314571303
2024-06-14 19:00:00,2,1,1,9.182199561302667,73,1,1,44,100,33.37660320811494
2024-06-14 20:00:00,1,1,1,2.8212983342721705,69,1,0,62,81,39.34354195148013
2024-06-14 21:00:00,1,0,0,2.417650971359864,465,1,1,28,445,63.52671344526883
2024-06-14 22:00:00,2,1,2,2.6788296162358467,251,1,0,18,214,24.547824413584323
2024-06-14 23:00:00,2,1,0,11.886604254818897,485,1,1,42,382,44.37959894536818
2024-06-15 00:00:00,1,0,0,8.557095281059983,370,1,1,17,334,77.0280260417134
2024-06-15 01:00:00,1,1,1,6.578718832488198,101,0,1,47,141,39.65525577786584
2024-06-15 02:00:00,2,1,0,7.000568213374806,406,1,0,41,302,22.868703997179885
2024-06-15 03:00:00,2,1,2,4.938382811132401,235,0,0,32,153,28.17682327600109
2024-06-15 04:00:00,2,1,1,8.818601371116763,256,1,1,43,281,39.39367767710641
2024-06-15 05:00:00,1,1,0,4.85810331479938,409,0,0,96,292,36.351415238975726
2024-06-15 06:00:00,2,1,1,14.262874803687318,144,0,1,55,124,47.54688039621941
2024-06-15 07:00:00,2,2,2,3.3547177404247863,397,1,0,41,282,40.40086503415956
2024-06-15 08:00:00,0,1,1,19.01659960703608,315,0,0,10,206,57.36534967986562
2024-06-15 09:00:00,2,1,0,2.706559862418362,375,1,1,16,357,13.784062904955867
2024-06-15 10:00:00,2,0,0,18.92575357131764,64,0,0,33,50,84.8668581378265
2024-06-15 11:00:00,2,2,2,16.832604458887726,224,0,0,11,181,61.8257810621116
2024-06-15 12:00:00,2,0,2,13.933530291654227,268,1,1,27,239,68.9024656857976
2024-06-15 13:00:00,2,2,1,18.33373145574419,59,0,1,92,100,65.43384238450993
2024-06-15 14:00:00,0,1,0,3.6451570768301607,454,0,0,65,307,26.053103918306817
2024-06-15 15:00:00,2,2,2,4.349980709551391,68,0,1,41,94,41.50360698758917
2024-06-15 16:00:00,0,1,2,5.7908992491175,117,1,0,86,133,31.268933474821782
2024-06-15 17:00:00,1,1,0,5.651419008551927,327,0,0,79,257,31.94863937660172
2024-06-15 18:00:00,0,2,2,6.906117147616043,368,0,0,19,256,41.850635675198895
2024-06-15 19:00:00,2,2,2,11.936987067188774,343,1,0,49,282,39.33105853155215
2024-06-15 20:00:00,2,2,0,1.5352796147969878,64,0,0,83,56,28.38891248591892
2024-06-15 21:00:00,2,0,2,8.26317930575954,375,0,1,43,317,67.39031278103546
2024-06-15 22:00:00,2,1,0,5.681317429959333,163,1,1,93,218,20.51873180157918
2024-06-15 23:00:00,2,2,0,12.525967113001718,349,0,0,42,287,47.51693711547681
2024-06-16 00:00:00,0,2,1,19.718217289979176,207,0,0,84,204,62.12179837573029
2024-06-16 01:00:00,2,0,0,10.83543763148408,153,1,1,97,196,61.13515729121707
2024-06-16 02:00:00,2,0,2,9.088019543250242,329,1,1,66,358,59.26767098700565
2024-06-16 03:00:00,2,0,1,7.996627357757207,135,1,1,31,176,46.187406106437535
2024-06-16 04:00:00,0,1,1,15.914035158717295,143,0,0,57,85,55.32699529877908
2024-06-16 05:00:00,2,2,2,2.367637701363812,223,0,1,85,163,28.57530336899246
2024-06-16 06:00:00,0,1,1,19.23563977474231,437,0,1,41,359,57.5170678657376
2024-06-16 07:00:00,2,1,2,8.940439833772867,291,0,0,92,199,27.57871622942115
2024-06-16 08:00:00,1,0,1,6.960313790677147,311,0,1,54,269,69.34044362202798
2024-06-16 09:00:00,1,1,2,19.507294211594324,343,0,1,11,292,77.07450408657283
2024-06-16 10:00:00,2,0,0,18.7816984016208,331,0,1,87,284,81.61495840180949
2024-06-16 11:00:00,2,1,0,13.1967486555487,196,0,0,64,141,45.68692214955808
2024-06-16 12:00:00,2,0,1,1.351640122157625,51,0,0,68,-5,36.18593251920189
2024-06-16 13:00:00,2,1,1,15.222164547924866,117,0,0,42,58,57.45622911618577
2024-06-16 14:00:00,0,1,0,7.375590600798024,118,1,1,92,176,32.30180700687569
2024-06-16 15:00:00,1,1,2,8.37732438623096,96,0,1,23,87,49.82662934043064
2024-06-16 16:00:00,0,2,1,4.016100450570384,404,1,1,77,384,38.75477132237884
2024-06-16 17:00:00,1,1,0,10.945703593433088,462,0,0,75,313,52.66559174805165
2024-06-16 18:00:00,2,2,1,15.146499327871558,113,1,0,83,113,59.731069351256
2024-06-16 19:00:00,2,1,0,6.1872112437683,129,1,1,68,185,32.748289938160845
2024-06-16 20:00:00,0,1,0,18.83592525282413,303,1,1,24,319,49.77072818565654
2024-06-16 21:00:00,2,1,0,4.700000264056132,286,0,1,40,261,17.293651938740457
2024-06-16 22:00:00,0,2,2,2.2589844712942337,445,0,0,38,307,33.88073611111827
2024-06-16 23:00:00,2,0,1,13.24291359364812,378,1,1,84,363,69.00089025638239
2024-06-17 00:00:00,2,0,2,17.13705590572089,188,0,1,82,168,74.54114005053606
2024-06-17 01:00:00,1,1,2,19.10952432684273,313,1,1,56,278,63.56869420966298
2024-06-17 02:00:00,2,2,0,15.576249199813857,365,0,0,66,224,60.2339796704756
2024-06-17 03:00:00,1,2,2,4.793350218615374,203,1,1,67,227,57.30516760108212
2024-06-17 04:00:00,1,1,1,19.57556251127088,465,1,0,94,370,68.49913867158239
2024-06-17 05:00:00,0,2,1,18.46928164454801,472,1,0,40,357,69.47390120038703
2024-06-17 06:00:00,0,2,0,4.100181032486502,181,1,1,62,198,30.330576820270963
2024-06-17 07:00:00,0,1,0,11.616930711391165,275,1,0,95,219,41.43745136112705
2024-06-17 08:00:00,1,1,1,11.554831092688598,141,0,0,73,86,56.42270993746625
2024-06-17 09:00:00,2,1,1,9.408160784459946,167,0,1,91,148,34.40290286287077
2024-06-17 10:00:00,2,2,0,19.701345274934088,175,1,0,11,167,60.39199948489777
2024-06-17 11:00:00,0,1,2,2.1328225064242026,424,0,1,69,348,22.657526284788823
2024-06-17 12:00:00,2,1,1,12.91696926042811,477,0,1,95,434,45.14429712276643
2024-06-17 13:00:00,2,1,0,4.900768830897391,276,1,1,93,276,23.29562299154035
2024-06-17 14:00:00,2,1,0,11.019292889888233,388,0,1,57,312,34.30318229974119
2024-06-17 15:00:00,0,1,1,15.815074663962855,468,0,0,57,346,53.64934725991685
2024-06-17 16:00:00,1,0,0,5.68780926020238,484,1,0,70,373,66.04690946214365
2024-06-17 17:00:00,2,1,1,8.47383138317982,228,0,0,13,134,37.04381768722424
2024-06-17 18:00:00,1,2,0,19.064593411327586,462,1,1,35,429,75.47495871130086
2024-06-17 19:00:00,0,1,0,15.468134016685882,134,1,1,93,175,52.97556994155042
2024-06-17 20:00:00,1,2,2,11.881740505724876,213,0,0,31,175,57.52340703120603
2024-06-17 21:00:00,0,2,0,5.217950368327618,279,1,1,52,303,41.139844678676354
2024-06-17 22:00:00,0,1,1,9.080803312074078,255,0,1,29,273,45.22769157423031
2024-06-17 23:00:00,2,0,1,15.707165061948531,153,1,0,57,135,60.510671345042894
2024-06-18 00:00:00,1,2,2,16.590318484089547,163,1,0,70,153,75.38422761649909
2024-06-18 01:00:00,2,0,1,5.647517764705579,237,1,1,32,240,49.5095806054405
2024-06-18 02:00:00,1,2,0,13.579143997923364,320,1,1,70,305,66.9268451490444
2024-06-18 03:00:00,1,0,2,2.8050568503445983,100,0,1,89,116,58.84989971182022
2024-06-18 04:00:00,2,2,1,1.4410338415588242,355,0,0,72,206,28.05131319228793
2024-06-18 05:00:00,2,0,0,11.424804545227405,271,0,1,28,253,65.3644343209901
2024-06-18 06:00:00,0,2,2,5.263217231328146,160,0,0,84,119,33.76008608121446
2024-06-18 07:00:00,2,2,0,2.4993285936005245,104,0,0,85,124,32.7694701104205
2024-06-18 08:00:00,1,2,1,14.866737945009367,61,0,0,22,48,77.75039869377112
2024-06-18 09:00:00,2,0,1,10.461517178928256,483,1,1,11,393,59.71466608531072
2024-06-18 10:00:00,2,0,1,16.12926320821056,239,0,0,60,181,69.36874516472747
2024-06-18 11:00:00,1,1,1,13.614940553930582,438,0,0,84,302,56.2299769346283
2024-06-18 12:00:00,0,2,2,14.866293858394313,204,0,0,10,134,61.0161975460268
2024-06-18 13:00:00,1,1,1,6.839851044622097,384,0,1,50,316,39.899970114707074
2024-06-18 14:00:00,2,2,2,6.002240687981491,395,0,0,19,297,39.90511247094699
2024-06-18 15:00:00,0,1,2,12.416622949809964,314,0,1,12,276,54.639286218885445
2024-06-18 16:00:00,0,1,0,4.801560667563603,409,0,1,17,382,37.97161088023065
2024-06-18 17:00:00,0,0,1,16.492830197008402,153,0,1,89,146,82.80658722598307
2024-06-18 18:00:00,0,1,0,10.935483210510531,212,1,0,45,196,46.59214732775505
2024-06-18 19:00:00,0,2,0,5.312808714607459,190,0,0,49,136,46.49286010565553
2024-06-18 20:00:00,2,2,0,12.87819641426826,286,1,1,48,268,50.871178445945546
2024-06-18 21:00:00,2,1,0,18.95567896658873,93,0,0,93,49,45.804373969305736
2024-06-18 22:00:00,0,1,0,2.559799805224708,288,0,1,56,268,30.066831291875506
2024-06-18 23:00:00,2,2,1,3.077558938956556,479,0,1,69,379,23.72474644353227
2024-06-19 00:00:00,0,1,0,17.032943790403458,146,0,1,17,164,51.27859767150883
2024-06-19 01:00:00,2,0,2,3.082281716770598,147,0,1,83,151,48.82251136831919
2024-06-19 02:00:00,0,0,2,1.748132017706768,424,0,0,46,281,44.23789916879598
2024-06-19 03:00:00,0,1,1,7.610681039882985,373,0,0,72,246,44.91152730046251
2024-06-19 04:00:00,2,1,2,9.867411813510357,102,0,0,36,47,32.63404451469208
2024-06-19 05:00:00,2,2,0,11.819444297123106,158,1,0,12,170,42.40101962018754
2024-06-19 06:00:00,2,2,2,10.638704418720748,306,1,1,48,297,47.75830546716447
2024-06-19 07:00:00,0,1,0,18.350506690504155,60,1,1,15,113,52.98359685670193
2024-06-19 08:00:00,1,1,1,15.60469390744111,227,0,0,90,147,59.13585677341658
2024-06-19 09:00:00,2,2,2,19.692394861372502,442,0,1,19,328,67.04623658644702
2024-06-19 10:00:00,0,0,2,10.052653041281124,343,0,0,94,249,69.03336799039766
2024-06-19 11:00:00,2,1,2,2.6022625869443994,446,1,1,38,410,22.995437830059046
2024-06-19 12:00:00,2,2,1,19.155082215914614,438,1,1,38,412,62.83113694417493
2024-06-19 13:00:00,1,0,1,1.0781500701928497,74,0,0,29,43,50.29793918862016
2024-06-19 14:00:00,2,2,2,15.74582426294192,175,1,1,88,200,59.10038108200737
2024-06-19 15:00:00,2,2,1,1.5943585846619095,315,1,1,75,313,28.6728233690219
2024-06-19 16:00:00,2,2,0,15.46306962238113,182,0,0,21,123,56.521826035871165
2024-06-19 17:00:00,2,0,1,18.82083985711303,327,1,0,22,245,74.43158135958943
2024-06-19 18:00:00,2,2,2,8.395945649289889,91,1,0,48,129,42.955318671119
2024-06-19 19:00:00,2,0,0,5.578332173174636,150,0,1,48,145,48.22337004997287
2024-06-19 20:00:00,0,2,2,5.299303897724786,453,1,1,54,436,41.85806348262197
2024-06-19 21:00:00,2,2,2,10.342635238853864,333,0,1,94,256,36.79776461860952
2024-06-19 22:00:00,0,1,2,4.246853679379039,326,0,0,50,248,36.37219380165376
2024-06-19 23:00:00,2,1,1,13.785548982534529,188,1,1,89,221,43.61742223884067
2024-06-20 00:00:00,2,2,2,7.998694792279124,270,0,0,52,191,38.99767557926753
2024-06-20 01:00:00,0,1,0,7.139080355661922,118,1,1,71,228,32.522935080316884
2024-06-20 02:00:00,1,2,0,9.764425948872685,342,1,1,12,315,65.9901281453061
2024-06-20 03:00:00,2,1,0,11.309162546355283,226,0,1,18,220,32.60078946761417
2024-06-20 04:00:00,1,0,2,3.69667498291712,422,1,0,53,356,59.5189229132324
2024-06-20 05:00:00,0,1,0,14.447503912140023,246,0,1,43,239,43.05298971644183
2024-06-20 06:00:00,0,0,0,17.775994898201198,82,1,1,28,146,81.2227876511946
2024-06-20 07:00:00,0,2,0,6.281751407822454,350,0,0,99,236,45.40212942674531
2024-06-20 08:00:00,2,1,0,4.427427134760212,277,0,1,96,248,24.988896163700808
2024-06-20 09:00:00,2,2,1,15.449603050662208,185,0,1,27,198,58.30496410859065
2024-06-20 10:00:00,0,1,2,4.48729275154734,421,0,1,55,361,34.29818871222903
2024-06-20 11:00:00,2,1,2,1.7838480468961757,183,0,0,50,117,17.89536036697039
2024-06-20 12:00:00,1,1,0,12.7656211872728,448,0,1,58,359,51.13172586280332
2024-06-20 13:00:00,2,1,2,5.555276909801655,192,0,1,61,184,21.51502817025395
2024-06-20 14:00:00,2,0,0,4.264397769642635,294,0,0,83,215,44.58068294059152
2024-06-20 15:00:00,0,1,0,19.65045209257562,186,1,0,52,180,65.11642944116159
2024-06-20 16:00:00,2,2,0,6.5454346845948255,110,1,1,19,162,41.79862714186408
2024-06-20 17:00:00,0,1,2,18.16542251409518,105,1,0,94,137,43.895252776811965
2024-06-20 18:00:00,0,2,1,4.386156551883482,182,1,1,47,206,40.04288775701787
2024-06-20 19:00:00,1,1,2,16.56056550918627,431,1,0,47,365,65.59640153307124
2024-06-20 20:00:00,0,2,2,10.53835858792116,459,1,1,56,418,47.49367801061235
2024-06-20 21:00:00,0,2,1,2.4933006132039104,257,1,0,16,240,32.94222618676089
2024-06-20 22:00:00,0,2,2,14.938500579227876,175,1,0,21,188,54.97608711834952
2024-06-20 23:00:00,1,1,1,17.94939406296082,172,0,1,61,155,59.710822390007024
2024-06-21 00:00:00,2,2,0,4.097322816374909,490,1,0,42,362,30.60569991242908
2024-06-21 01:00:00,2,1,1,14.78621460438733,280,1,0,98,269,52.628686107827896
2024-06-21 02:00:00,2,1,0,9.455997862389353,84,1,0,33,132,30.508673704408658
2024-06-21 03:00:00,2,2,1,15.323538611877648,315,1,0,57,267,54.44913510365431
2024-06-21 04:00:00,0,2,0,14.564631015520808,140,0,1,40,148,54.620922414707714
2024-06-21 05:00:00,0,2,2,1.505404378797103,70,0,1,91,69,23.26605422894668
2024-06-21 06:00:00,0,2,1,4.395699683375948,189,1,1,32,216,37.89710022883719
2024-06-21 07:00:00,2,1,2,9.949517615713214,314,1,1,80,300,39.58569028587611
2024-06-21 08:00:00,0,1,0,18.738289266329524,449,0,0,81,329,59.49961503989442
2024-06-21 09:00:00,2,1,1,7.499395678341228,169,0,0,24,126,27.376821898064662
2024-06-21 10:00:00,0,2,1,12.948595935323455,270,0,1,47,273,58.51646566559748
2024-06-21 11:00:00,0,2,1,1.229591164774147,487,1,0,37,340,30.442505499446067
2024-06-21 12:00:00,2,1,2,14.51141150939194,432,0,0,30,314,37.35832671493655
2024-06-21 13:00:00,2,2,0,12.458296992303287,72,0,0,36,38,39.14352116978137
2024-06-21 14:00:00,2,2,2,14.592500185699553,88,0,0,56,60,53.05980780549262
2024-06-21 15:00:00,1,2,1,18.188551647473957,284,0,1,65,268,87.93483813283328
2024-06-21 16:00:00,1,2,0,3.783479729238391,290,0,0,23,198,41.62598822920818
2024-06-21 17:00:00,0,2,0,5.9702023241532745,177,0,1,30,238,38.17226190777268
2024-06-21 18:00:00,2,2,2,19.9198369511947,71,1,0,23,82,69.38057407402447
2024-06-21 19:00:00,2,1,2,3.969395211682912,104,1,1,79,154,17.72424430974553
2024-06-21 20:00:00,0,1,1,14.6919131239945,464,0,1,85,339,50.1342014714544
2024-06-21 21:00:00,0,1,1,14.776442299707137,379,0,1,37,323,44.78425245154893
2024-06-21 22:00:00,2,2,1,13.97688117847582,96,0,1,46,118,45.34823417216205
2024-06-21 23:00:00,2,0,1,5.321371196976976,283,1,1,76,259,44.40361913537275
2024-06-22 00:00:00,0,2,0,5.087547201063544,76,1,0,42,84,40.31248616360453
2024-06-22 01:00:00,2,1,1,13.660480292660973,433,1,0,21,356,51.49367127593992
2024-06-22 02:00:00,2,2,1,4.538753504725104,97,1,0,21,84,33.23117290295751
2024-06-22 03:00:00,2,0,1,13.56970330307021,216,0,1,84,185,71.65228631564058
2024-06-22 04:00:00,0,0,2,10.358037358481043,454,1,0,60,361,61.50314967309887
2024-06-22 05:00:00,1,2,2,8.345948485338297,320,0,1,44,285,56.60732148973528
2024-06-22 06:00:00,1,0,2,6.704414638180969,130,0,1,95,167,61.73181606876821
2024-06-22 07:00:00,0,1,1,19.003961733139217,167,0,1,96,231,56.786091223055664
2024-06-22 08:00:00,0,1,0,10.653779497112964,94,0,1,21,111,38.72410799232499
2024-06-22 09:00:00,2,1,1,11.663787287708278,324,0,1,28,239,44.22838443700811
2024-06-22 10:00:00,0,2,2,19.035865609048923,230,0,1,68,177,66.71990334935673
2024-06-22 11:00:00,2,1,2,13.42366904384554,360,0,1,22,364,41.50156936051785
2024-06-22 12:00:00,0,2,1,19.19920562737972,281,0,0,28,193,74.34919779643737
2024-06-22 13:00:00,2,2,0,3.0209680699312704,135,1,1,45,217,34.38795392685076
2024-06-22 14:00:00,2,1,0,17.086153003675673,154,0,1,95,173,52.71289992742416
2024-06-22 15:00:00,2,0,0,7.372877932438726,292,1,0,13,217,47.57569109366978
2024-06-22 16:00:00,2,1,2,16.39926297633648,226,0,0,22,143,54.20374679235193
2024-06-22 17:00:00,2,1,2,17.25709585970459,283,0,0,93,243,56.770539176759286
2024-06-22 18:00:00,2,2,0,6.158269836708561,127,0,0,15,75,42.27373683490081
2024-06-22 19:00:00,1,1,1,8.7677817137941,175,0,1,53,180,50.984993031591095
2024-06-22 20:00:00,2,2,0,14.794272731983176,238,0,0,85,166,56.7632812878711
2024-06-22 21:00:00,0,0,1,2.882056987042443,109,1,0,89,70,58.34443397758989
2024-06-22 22:00:00,1,0,2,15.35513715244746,269,0,1,90,281,85.80957479070182
2024-06-22 23:00:00,1,0,2,3.098985595040136,125,1,0,17,100,66.1574445653411
2024-06-23 00:00:00,0,1,2,18.374658913093104,140,0,0,42,98,60.53423316527642
2024-06-23 01:00:00,1,2,0,6.250446572630716,165,1,1,61,186,54.59075329877897
2024-06-23 02:00:00,2,1,0,11.93638759047976,329,1,1,85,340,44.17810848264413
2024-06-23 03:00:00,2,1,2,3.225916501449183,216,1,0,99,194,22.015998986210224
2024-06-23 04:00:00,2,1,2,6.120369938587095,175,0,1,92,201,31.897557116206794
2024-06-23 05:00:00,0,1,2,8.675145826255003,494,1,1,22,480,41.48325899308382
2024-06-23 06:00:00,0,0,0,10.253928656977273,282,1,1,19,309,64.43943078393859
2024-06-23 07:00:00,2,1,0,1.0012824552849142,163,0,0,43,124,19.693075517780716
2024-06-23 08:00:00,2,2,2,17.8844594852289,149,0,0,36,91,53.00002682717138
2024-06-23 09:00:00,0,2,0,1.145821381618665,200,0,1,67,180,35.52667225575396
2024-06-23 10:00:00,2,2,0,15.700006696894077,121,1,1,76,192,43.64209254288998
2024-06-23 11:00:00,0,0,0,9.940999334771048,419,0,1,53,343,71.48923592913
2024-06-23 12:00:00,0,1,0,10.953720473126152,398,0,0,78,309,34.70875396845911
2024-06-23 13:00:00,0,2,2,4.9570441073562765,216,1,0,14,222,38.86235509816685
2024-06-23 14:00:00,0,2,2,12.53999865656838,121,0,0,46,91,61.20506184690309
2024-06-23 15:00:00,1,1,0,11.207406274219592,397,0,0,80,261,55.015477772406825
2024-06-23 16:00:00,2,2,2,4.120491725785612,402,0,0,65,277,30.23735759141621
2024-06-23 17:00:00,0,0,2,5.524261025635164,60,0,0,60,61,54.20083962973217
2024-06-23 18:00:00,0,1,2,2.271168951236686,347,1,1,65,309,28.792549306943783
2024-06-23 19:00:00,2,1,1,2.259387869699601,278,0,0,51,215,15.444910660834257
2024-06-23 20:00:00,2,1,2,1.2617399330961048,175,1,0,22,146,18.349176081433846
2024-06-23 21:00:00,2,2,2,5.189012184178592,202,0,0,43,129,32.31783697646897
2024-06-23 22:00:00,2,2,0,13.91356332054406,211,1,1,43,222,55.28849802606338
2024-06-23 23:00:00,0,2,0,7.008092374704769,327,1,1,62,294,46.62568122922505
2024-06-24 00:00:00,1,2,1,7.511951127480156,435,0,1,12,383,53.15778336221223
2024-06-24 01:00:00,2,0,1,3.506202471853449,228,0,1,83,216,42.55499412362972
2024-06-24 02:00:00,2,2,2,11.93394268547198,193,0,1,46,168,46.08954793277064
2024-06-24 03:00:00,1,0,2,7.500729189388008,188,1,1,61,211,63.640655700204746
2024-06-24 04:00:00,2,0,0,13.85001926517408,255,1,1,15,297,60.74090501812277
2024-06-24 05:00:00,2,2,2,15.087729908008516,145,0,1,30,146,59.70904368014988
2024-06-24 06:00:00,0,2,2,12.10916462971926,263,1,0,54,239,56.18016744277256
2024-06-24 07:00:00,0,0,2,6.245321199428689,118,0,0,14,78,54.09061481367748
2024-06-24 08:00:00,2,0,2,10.663548187407832,405,0,0,12,299,68.06617275953256
2024-06-24 09:00:00,2,1,2,5.786685288963763,367,0,0,29,240,29.595606763912137
2024-06-24 10:00:00,2,1,2,18.155343871724444,68,0,1,85,78,53.677829621894325
2024-06-24 11:00:00,0,0,2,15.561329251568589,462,1,0,70,361,81.49019343227502
2024-06-24 12:00:00,0,1,2,10.36711221410576,475,0,0,44,346,45.56387758019714
2024-06-24 13:00:00,2,0,0,19.343685720384784,456,1,0,41,350,82.04740022608716
2024-06-24 14:00:00,0,1,1,11.388353487873571,365,0,0,28,251,42.42038905366434
2024-06-24 15:00:00,1,1,2,7.242174062182015,451,0,0,24,319,44.45145102878901
2024-06-24 16:00:00,2,1,0,2.8138787150868945,400,1,1,83,359,11.914669869125165
2024-06-24 17:00:00,2,1,2,11.331167251454858,150,1,0,66,131,39.26394696867849
2024-06-24 18:00:00,0,1,2,17.347915620045566,130,0,1,35,144,57.63243176084942
2024-06-24 19:00:00,2,2,1,17.467655834972525,232,0,1,79,238,59.65085739723725
2024-06-24 20:00:00,2,2,0,12.48677426697222,67,1,1,99,122,39.62561300930353
2024-06-24 21:00:00,0,0,2,8.475328901450043,204,1,0,11,177,51.31575713931795
2024-06-24 22:00:00,1,2,1,13.355629853722917,390,1,1,58,372,55.61367269166633
2024-06-24 23:00:00,1,2,1,15.48066673662175,178,0,0,57,128,63.50775781577183
2024-06-25 00:00:00,0,2,2,8.820870903488398,447,0,0,41,340,48.46919467484712
2024-06-25 01:00:00,0,2,2,10.048829215083584,364,0,0,12,254,50.16012069561847
2024-06-25 02:00:00,2,2,0,13.931709840180917,415,0,1,92,313,52.86366633202783
2024-06-25 03:00:00,0,1,0,17.65639951595218,210,1,0,29,163,53.59853534665695
2024-06-25 04:00:00,2,1,2,16.02919718470322,469,1,0,46,393,42.96842691897161
2024-06-25 05:00:00,2,1,2,1.425436017086625,168,1,1,29,183,15.15718625222317
2024-06-25 06:00:00,0,1,1,3.363074531907169,472,1,1,69,417,25.792835829763067
2024-06-25 07:00:00,0,2,0,17.202785425424914,425,1,0,68,315,67.84017891229699
2024-06-25 08:00:00,2,1,2,16.84263373285564,381,1,1,90,357,52.46033945115818
2024-06-25 09:00:00,1,0,2,8.387328879825475,222,0,1,51,210,72.18163413475715
2024-06-25 10:00:00,2,0,0,12.101280524795646,202,0,1,32,197,55.00338593138519
2024-06-25 11:00:00,2,0,2,18.21105466614428,448,1,0,50,351,75.5277160452191
2024-06-25 12:00:00,2,0,1,18.31961493913483,69,1,1,82,110,77.66202401621757
2024-06-25 13:00:00,0,1,1,15.878764069456924,83,0,0,36,46,47.56497930280421
2024-06-25 14:00:00,0,2,2,4.9821898288339,363,1,0,90,281,49.74433265534107
2024-06-25 15:00:00,2,1,0,14.875373339724954,109,0,0,55,96,41.53820828206422
2024-06-25 16:00:00,0,0,1,2.920870214594076,207,0,0,26,133,48.98572552163949
2024-06-25 17:00:00,2,0,0,17.984830729636812,413,1,0,11,291,74.48206128618693
2024-06-25 18:00:00,0,0,0,3.833827267995576,446,1,1,24,419,46.19815176427926
2024-06-25 19:00:00,2,2,0,13.584624162117567,255,0,0,84,188,43.36829619413405
2024-06-25 20:00:00,2,2,1,12.594622210794626,142,0,0,66,86,47.36323299068505
2024-06-25 21:00:00,1,1,1,15.76109346171208,267,1,0,50,201,46.482710087525085
2024-06-25 22:00:00,2,1,2,11.479972544810654,372,0,1,82,301,38.808225925065805
2024-06-25 23:00:00,2,2,0,2.1317649321389114,138,1,0,23,136,26.96410518829894
2024-06-26 00:00:00,0,2,1,14.411078826838834,222,0,1,17,217,55.596297132994295
2024-06-26 01:00:00,1,0,1,8.279936617870092,89,1,1,85,187,73.63816708945679
2024-06-26 02:00:00,2,1,2,7.085415023163087,471,0,1,16,385,25.43377141810585
2024-06-26 03:00:00,2,0,1,19.84179744114096,252,1,0,76,229,75.03377412849773
2024-06-26 04:00:00,2,2,1,12.217595553234828,270,1,0,35,197,40.58001526079309
2024-06-26 05:00:00,0,0,1,14.503662392118814,96,1,0,12,85,66.46773094698678
2024-06-26 06:00:00,2,0,2,11.00019660177732,292,1,1,55,316,66.79450768783148
2024-06-26 07:00:00,0,0,2,15.629480273081402,137,1,0,13,109,72.66125955830611
2024-06-26 08:00:00,1,1,0,15.289381974499529,206,0,0,66,128,59.75763790453748
2024-06-26 09:00:00,2,0,1,13.485776197923048,211,0,1,55,205,64.26203792222434
2024-06-26 10:00:00,2,1,2,19.95711816743176,444,1,0,23,358,57.98597159824387
2024-06-26 11:00:00,2,1,2,9.736077147579616,69,0,1,12,79,30.03153174489084
2024-06-26 12:00:00,2,2,2,14.417654617664946,197,0,0,22,168,48.81823934535171
2024-06-26 13:00:00,1,0,0,16.157781293293446,250,1,0,17,192,79.08316753962681
2024-06-26 14:00:00,2,2,0,8.144659482296342,361,0,1,65,308,42.27679412016787
2024-06-26 15:00:00,2,0,0,9.686325523518754,200,0,1,11,225,63.07666701866802
2024-06-26 16:00:00,0,2,0,19.41417806142112,149,0,0,55,111,71.51391499165061
2024-06-26 17:00:00,2,1,0,1.6135293254055538,296,1,0,40,214,22.930072843064377
2024-06-26 18:00:00,0,0,1,7.370617425257372,162,0,0,90,132,60.15206129258512
2024-06-26 19:00:00,2,1,1,10.238046284434729,268,0,1,44,233,38.11665243654653
2024-06-26 20:00:00,1,0,2,1.0278348683146143,393,1,0,71,329,61.20215475417808
2024-06-26 21:00:00,1,1,0,18.083414919125623,409,0,0,55,314,60.83169505613675
2024-06-26 22:00:00,0,2,0,6.438643604031015,74,1,1,33,109,48.64680472560884
2024-06-26 23:00:00,1,2,2,5.896391810079441,338,0,0,74,245,53.902828473733095
2024-06-27 00:00:00,2,1,1,16.586197711721095,464,1,0,99,389,52.98194331083492
2024-06-27 01:00:00,2,1,0,6.281681341547032,152,1,0,53,153,31.246398243064988
2024-06-27 02:00:00,0,1,0,13.494829284138426,128,1,1,60,209,39.023368542559126
2024-06-27 03:00:00,0,1,0,16.608559734137224,434,0,0,97,308,56.94494197273434
2024-06-27 04:00:00,2,1,1,16.057060106497076,487,1,1,55,464,48.33649765808814
2024-06-27 05:00:00,2,2,1,15.85706401109265,65,0,0,42,12,54.42182304152872
2024-06-27 06:00:00,2,2,0,2.6841138274394623,390,0,1,73,341,32.897433099112106
2024-06-27 07:00:00,2,2,0,2.51709238387492,108,0,1,35,75,33.10771018559657
2024-06-27 08:00:00,2,0,2,6.828630679010362,243,0,1,48,226,60.7152026242768
2024-06-27 09:00:00,0,2,2,1.6830097427243378,174,1,1,67,188,42.07022795542221
2024-06-27 10:00:00,2,2,1,10.508164993866025,436,1,1,35,411,48.61949828560808
2024-06-27 11:00:00,2,2,2,8.500859259134147,448,1,1,84,395,44.34896106501503
2024-06-27 12:00:00,0,2,0,11.583492338319834,81,0,0,76,58,56.709611403180254
2024-06-27 13:00:00,0,2,1,6.676982234724119,227,1,1,82,236,40.65154640641203
2024-06-27 14:00:00,1,1,2,10.229326056818111,416,0,0,66,327,55.29616518884929
2024-06-27 15:00:00,0,0,1,7.360150551322022,268,0,0,79,183,56.81990245827148
2024-06-27 16:00:00,2,2,0,4.708953752242863,149,1,1,82,177,33.41989867493257
2024-06-27 17:00:00,1,1,2,13.337966941618484,493,1,0,17,355,53.903573109927216
2024-06-27 18:00:00,0,2,2,13.79528212848452,152,0,0,43,88,53.81343122783666
2024-06-27 19:00:00,2,1,2,16.75540216224525,421,0,0,97,274,53.34632983580205
2024-06-27 20:00:00,0,1,0,17.62028387992077,167,1,1,78,207,55.74575386714632
2024-06-27 21:00:00,1,1,1,14.384776182990391,292,1,0,19,238,61.096315205589015
2024-06-27 22:00:00,2,2,2,14.062463647252727,168,1,0,93,114,55.55627343824858
2024-06-27 23:00:00,2,2,1,2.0768376413929777,441,0,0,31,300,23.83574849610553
2024-06-28 00:00:00,2,0,1,3.0858055877052597,56,0,1,21,43,39.67272488147806
2024-06-28 01:00:00,2,1,1,16.438691497426596,437,1,1,38,412,56.56930795625194
2024-06-28 02:00:00,2,2,0,5.426073970849,59,0,0,40,37,32.0815787945699
2024-06-28 03:00:00,0,2,0,7.755736144124577,365,0,0,15,229,47.131426779861904
2024-06-28 04:00:00,2,1,2,3.76064971984166,330,1,1,16,316,21.65473726835029
2024-06-28 05:00:00,1,2,2,4.707887402923461,91,1,0,88,123,49.081107837281294
2024-06-28 06:00:00,0,1,1,15.732927472033918,96,0,0,22,61,54.73470128010971
2024-06-28 07:00:00,0,1,1,5.975332770795227,145,0,1,72,152,27.290404026747087
2024-06-28 08:00:00,1,2,1,9.531664359019612,295,1,0,33,263,57.20822805610667
2024-06-28 09:00:00,2,2,0,3.881756088125546,273,1,0,93,219,39.02201399143716
2024-06-28 10:00:00,2,1,0,13.880668220005871,163,1,0,28,136,42.599423869724966
2024-06-28 11:00:00,0,1,2,14.837124948536047,81,1,1,92,129,56.42211191097952
2024-06-28 12:00:00,1,1,1,7.872154040075562,379,1,1,97,371,48.9541119545792
2024-06-28 13:00:00,0,1,1,15.91018627633226,202,0,1,78,195,55.52726141188039
2024-06-28 14:00:00,2,1,0,5.558226386520403,266,1,1,31,286,27.819409284325545
2024-06-28 15:00:00,1,1,2,14.146173379902963,295,1,0,69,221,72.62045163527827
2024-06-28 16:00:00,2,2,1,14.869327046988625,321,0,1,31,308,51.22999830336722
2024-06-28 17:00:00,1,2,1,19.404490177986748,482,1,1,26,448,70.60035397527318
2024-06-28 18:00:00,1,2,2,5.414111638547609,449,0,1,56,343,46.5635117208
2024-06-28 19:00:00,2,2,1,2.7804991208123018,399,1,0,16,329,29.397292559385647
2024-06-28 20:00:00,0,1,0,5.9976730235059454,471,0,0,26,311,44.79524969685183
2024-06-28 21:00:00,2,1,2,3.334381735060262,310,0,1,85,235,25.506075034823915
2024-06-28 22:00:00,2,0,1,4.224191861391883,56,1,0,71,87,54.03795063544721
2024-06-28 23:00:00,0,1,1,7.348175725263514,254,1,1,72,272,23.86312331233352
2024-06-29 00:00:00,0,1,0,8.865824187718015,313,0,0,16,230,35.50257413649813
2024-06-29 01:00:00,1,1,0,18.170760289276213,338,0,1,38,305,69.59286567999816
2024-06-29 02:00:00,0,2,0,4.7166996585004,367,1,0,81,313,40.37541457541643
2024-06-29 03:00:00,2,2,1,19.46342054250311,251,0,1,13,227,56.076682028870025
2024-06-29 04:00:00,1,0,1,16.39291098802726,165,0,0,25,114,89.73550669578438
2024-06-29 05:00:00,1,0,1,17.74795640797538,261,0,0,89,209,86.8091474308586
2024-06-29 06:00:00,2,2,2,18.659435805064625,209,1,1,95,229,64.02477659441975
2024-06-29 07:00:00,1,1,0,15.311582745681294,178,0,1,84,196,54.046338161126016
2024-06-29 08:00:00,2,1,2,15.986816800724162,396,1,0,68,277,46.77708461388552
2024-06-29 09:00:00,1,1,0,9.318547635506771,197,0,0,50,126,55.12853034101524
2024-06-29 10:00:00,2,1,1,10.698554458848635,360,0,1,69,301,34.48003073542054
2024-06-29 11:00:00,2,1,2,18.717223108566053,496,1,1,84,449,59.44580531667063
2024-06-29 12:00:00,2,1,2,8.18686231950034,127,1,0,78,145,25.46532651403407
2024-06-29 13:00:00,0,1,0,1.7969943882199368,311,1,0,67,278,21.506676645396134
2024-06-29 14:00:00,2,1,2,15.492333324020686,101,0,1,85,125,48.2870910394231
2024-06-29 15:00:00,2,0,2,11.889992722632847,307,0,1,49,262,60.50943598644573
2024-06-29 16:00:00,0,2,1,16.482643284522922,270,1,0,98,251,61.3170438978653
2024-06-29 17:00:00,1,0,0,2.4354740656082803,88,0,0,67,64,53.96399621151034
2024-06-29 18:00:00,2,1,2,12.803407819040006,297,1,0,70,273,32.188483140466445
2024-06-29 19:00:00,2,2,1,5.706411871824402,426,0,1,54,358,38.02076623833983
2024-06-29 20:00:00,2,1,2,18.1621032953952,337,1,0,86,276,49.65156323823814
2024-06-29 21:00:00,2,1,1,3.088288855093168,303,1,1,57,320,27.01477939562551
2024-06-29 22:00:00,1,1,2,17.018316181776196,165,0,0,99,120,58.339759614679394
2024-06-29 23:00:00,1,0,1,2.682530787466297,484,1,0,20,383,58.18299343182995
2024-06-30 00:00:00,0,0,1,1.4768497544429635,246,1,1,65,245,44.37740870533361
2024-06-30 01:00:00,2,1,0,5.466129170796524,263,1,1,32,270,21.13117238300054
2024-06-30 02:00:00,0,1,1,7.327846277606992,141,1,1,86,178,41.29324327359409
2024-06-30 03:00:00,0,2,2,12.904046664425552,81,1,0,42,101,50.83990226887265
2024-06-30 04:00:00,1,1,1,3.5027673498600223,142,0,0,61,103,37.01684666616981
2024-06-30 05:00:00,0,1,1,9.309268738230424,281,1,1,37,283,39.474584494980114
2024-06-30 06:00:00,0,1,2,4.881008439954601,180,0,0,13,123,24.702473097875696
2024-06-30 07:00:00,0,2,2,17.250763109394203,367,1,1,60,355,68.55547646920807
2024-06-30 08:00:00,2,1,1,1.8543636510747945,272,0,0,19,155,13.014744362078345
2024-06-30 09:00:00,1,1,2,7.762816807081901,62,1,0,61,54,51.17290318839616
2024-06-30 10:00:00,0,1,1,12.99610751941307,375,0,1,81,309,42.62900773285133
2024-06-30 11:00:00,0,2,1,18.34867538298684,70,1,1,18,163,68.78141475591971
2024-06-30 12:00:00,2,0,1,17.49187503118401,494,1,1,27,464,85.72872986434439
2024-06-30 13:00:00,0,1,2,18.00864799082611,63,0,0,75,14,61.03532238720615
2024-06-30 14:00:00,0,0,0,2.19421257997666,394,0,0,91,338,42.96366677613034
2024-06-30 15:00:00,2,0,0,16.97754196780573,376,0,0,49,245,61.08873854838264
2024-06-30 16:00:00,2,0,1,15.818338992338264,156,1,0,75,129,78.58706598731987
2024-06-30 17:00:00,0,2,1,18.14620133623676,455,0,1,31,321,67.35256102828231
2024-06-30 18:00:00,0,2,2,6.919949077902026,177,1,1,89,200,51.54554606148186
2024-06-30 19:00:00,0,0,0,18.323537019193967,81,0,0,83,49,85.8258362793838
2024-06-30 20:00:00,2,1,0,8.650180616642508,218,1,1,43,273,32.175981510596145
2024-06-30 21:00:00,0,2,0,13.0478940249902,337,1,0,57,292,62.2747686637274
2024-06-30 22:00:00,2,0,2,9.059400832932967,475,0,1,25,404,56.30820389610649
2024-06-30 23:00:00,2,2,2,9.125320179797372,485,1,1,58,467,51.89838672320691
2024-07-01 00:00:00,2,0,2,11.38610335710313,130,1,0,72,175,60.446255029589736
2024-07-01 01:00:00,2,2,1,7.7626074827956275,231,0,0,49,201,38.47413104530996
2024-07-01 02:00:00,2,0,2,16.062002891115476,407,0,1,65,342,75.05092515298078
2024-07-01 03:00:00,2,2,1,13.039135972889538,239,0,0,86,159,49.524905711093695
2024-07-01 04:00:00,2,2,1,14.105359469239968,304,0,1,57,283,57.05865838121993
2024-07-01 05:00:00,2,2,1,5.389661204213509,390,0,0,46,258,34.60360788723797
2024-07-01 06:00:00,0,0,1,19.42193048114645,348,1,1,21,345,86.12518781247057
2024-07-01 07:00:00,2,0,2,13.543345857686342,436,1,0,88,340,73.4475796138483
2024-07-01 08:00:00,2,0,2,4.746721426077441,215,1,1,41,229,50.13066237340223
2024-07-01 09:00:00,1,2,0,15.259314625949642,305,1,0,32,220,69.44008895627559
2024-07-01 10:00:00,2,1,0,4.300567960944831,472,0,1,83,389,22.459564421420826
2024-07-01 11:00:00,0,1,1,2.2043130296906592,247,0,1,81,204,28.36747251231805
2024-07-01 12:00:00,2,0,0,11.023514526770851,262,1,0,30,235,67.76371320979466
2024-07-01 13:00:00,2,2,0,11.516955129084597,94,1,1,84,153,39.01632225396723
2024-07-01 14:00:00,0,1,0,4.590345919900373,351,1,0,21,285,32.436316947723725
2024-07-01 15:00:00,0,1,1,7.61919994155102,420,1,0,58,331,30.020572973803983
2024-07-01 16:00:00,1,0,0,18.96961661789524,409,1,1,56,348,90.586713418026
2024-07-01 17:00:00,0,0,2,6.415061409662308,62,0,0,92,29,57.98913943380152
2024-07-01 18:00:00,1,0,1,3.955793154542005,101,1,0,71,93,62.82837003560163
2024-07-01 19:00:00,2,2,2,19.858677214643627,314,1,0,47,242,64.05730625645774
2024-07-01 20:00:00,2,1,1,6.743805191228868,490,1,0,35,364,30.029996305575263
2024-07-01 21:00:00,2,1,2,13.924819789775494,374,1,0,49,282,40.02692160216009
2024-07-01 22:00:00,2,1,0,5.399643447346061,92,0,1,25,98,28.52456914929402
2024-07-01 23:00:00,0,0,1,11.4523027427414,56,0,0,28,24,66.96448398121427
2024-07-02 00:00:00,0,1,2,8.339357745582696,279,1,0,59,246,38.414290138313895
2024-07-02 01:00:00,2,2,1,19.270005962024584,93,1,1,65,158,61.2460974691972
2024-07-02 02:00:00,1,2,2,9.223311616459268,221,0,0,38,135,54.12917415270155
2024-07-02 03:00:00,1,2,0,12.09930949945276,151,0,0,47,97,59.02707518796649
2024-07-02 04:00:00,2,0,1,18.9505590521028,272,0,1,70,203,76.05190161170269
2024-07-02 05:00:00,2,1,1,19.795451698821147,117,1,1,45,175,49.50166998934749
2024-07-02 06:00:00,2,2,2,2.9315089160949337,171,1,1,94,204,35.57842076054646
2024-07-02 07:00:00,2,1,2,16.85209352880539,126,1,0,19,109,51.022948654680725
2024-07-02 08:00:00,2,1,0,8.260213389557727,349,1,0,56,326,25.72340209428885
2024-07-02 09:00:00,0,2,2,12.301745417906645,345,1,1,96,326,45.921881060073744
2024-07-02 10:00:00,2,1,2,8.125913500149665,254,1,1,53,276,35.388991769837794
2024-07-02 11:00:00,2,2,2,8.621207907441054,476,1,1,71,416,45.28773205078928
2024-07-02 12:00:00,1,2,0,4.01829318371712,367,1,0,16,274,41.49747735150511
2024-07-02 13:00:00,0,1,0,11.882562710129452,220,1,1,78,247,40.86327735879823
2024-07-02 14:00:00,1,1,1,11.38760297294977,267,1,0,28,216,56.1048709069857
2024-07-02 15:00:00,2,2,0,4.597759982229597,452,1,1,42,420,21.878579274114195
2024-07-02 16:00:00,2,0,2,11.292878157344887,354,0,0,33,241,57.41911145321449
2024-07-02 17:00:00,0,2,1,19.48893576999064,242,0,1,32,214,65.97215981488262
2024-07-02 18:00:00,2,2,0,14.573763321222003,382,1,1,95,377,58.03222722434816
2024-07-02 19:00:00,2,2,0,10.138668632083686,202,1,1,62,234,43.78806516586162
2024-07-02 20:00:00,0,2,2,18.40559572604613,90,1,1,30,156,70.72326577968144
2024-07-02 21:00:00,0,1,2,11.93097277360081,72,0,0,91,55,40.18385476870745
2024-07-02 22:00:00,2,2,0,3.565911975828264,235,1,1,46,272,34.17617832968801
2024-07-02 23:00:00,2,2,1,11.402683308436671,265,1,1,58,325,48.63598604435391
2024-07-03 00:00:00,2,2,2,4.438489191951488,92,1,1,34,145,29.71212596792749
2024-07-03 01:00:00,2,2,0,15.58259193620581,410,0,0,48,284,53.853791069763965
2024-07-03 02:00:00,2,0,0,19.37631007159946,162,1,1,39,189,80.50640297750473
2024-07-03 03:00:00,2,1,2,7.855553106323275,280,0,1,52,240,30.693155216444705
2024-07-03 04:00:00,2,0,1,9.263439722378696,473,1,1,87,428,60.67492871288968
2024-07-03 05:00:00,1,2,1,9.008432869933973,463,0,0,63,334,62.136300742692406
2024-07-03 06:00:00,0,2,1,6.420699540102755,467,0,0,41,349,41.68369950600157
2024-07-03 07:00:00,0,1,2,16.089419332693993,159,1,0,58,143,38.47139308164287
2024-07-03 08:00:00,2,1,2,12.736838322192922,187,1,0,11,178,34.61885679797513
2024-07-03 09:00:00,2,2,2,2.2169795802746326,154,0,0,56,89,21.78381328619008
2024-07-03 10:00:00,2,2,1,16.937320365439575,365,1,0,32,279,51.49070183292837
2024-07-03 11:00:00,2,1,1,4.554676391910938,434,0,1,15,371,23.311734146641925
2024-07-03 12:00:00,2,2,2,19.6038720724733,189,0,0,94,126,66.31205863013099
2024-07-03 13:00:00,0,1,2,8.15659964104875,479,1,1,99,411,29.966976351560444
2024-07-03 14:00:00,0,0,2,12.712543295856152,304,0,1,50,232,74.08757439192927
2024-07-03 15:00:00,0,0,1,2.4786487590245776,398,0,1,51,348,53.94700428240047
2024-07-03 16:00:00,2,1,0,7.548602219078777,124,0,0,62,52,39.9196742093562
2024-07-03 17:00:00,1,0,0,16.244725189854847,282,1,0,81,206,92.12857118767718
2024-07-03 18:00:00,2,0,1,10.06696134711191,450,1,1,48,416,65.29119791063209
2024-07-03 19:00:00,2,1,2,18.187466187336437,261,0,1,19,228,52.251039521510194
2024-07-03 20:00:00,2,2,2,11.927630379965336,107,1,1,91,172,44.15759667675294
2024-07-03 21:00:00,0,2,2,18.64287171251921,87,1,0,59,95,65.88205804856989
2024-07-03 22:00:00,1,2,2,19.669588233238567,311,1,1,84,325,84.59004567533677
2024-07-03 23:00:00,2,1,1,9.623996630847245,495,0,1,17,420,33.33453044001153
2024-07-04 00:00:00,1,1,0,11.737974878978353,261,1,1,10,298,54.44283318338832
2024-07-04 01:00:00,1,2,0,16.863492221774127,187,1,0,81,166,78.05729280104009
2024-07-04 02:00:00,2,1,1,5.209127105180447,331,1,0,78,249,26.028733869844626
2024-07-04 03:00:00,2,0,2,17.37096190184108,107,0,0,10,74,73.54004439656953
2024-07-04 04:00:00,2,1,0,12.246482667168122,322,1,0,76,248,36.284091094449714
2024-07-04 05:00:00,1,2,1,14.784502572305982,102,1,0,36,99,79.73460233027507
2024-07-04 06:00:00,2,0,2,2.517226430605459,255,0,1,70,266,46.80890684413731
2024-07-04 07:00:00,0,2,0,15.55756598561467,54,1,1,57,144,55.49843434652179
2024-07-04 08:00:00,2,2,1,6.90495118689951,372,1,1,32,344,35.235227437828414
2024-07-04 09:00:00,0,0,0,16.299413260147,156,1,0,53,147,77.45489628555157
2024-07-04 10:00:00,2,0,0,10.673898227751431,292,0,1,49,244,64.49433759565338
2024-07-04 11:00:00,0,1,1,6.21767236149703,197,1,0,20,181,31.70236249473673
2024-07-04 12:00:00,1,2,1,19.102434243411427,228,0,0,20,150,70.60677131748257
2024-07-04 13:00:00,1,0,0,15.536185556518484,223,1,1,40,267,76.54360873759525
2024-07-04 14:00:00,1,1,0,19.728035403599293,372,0,1,69,310,60.5151556552285
2024-07-04 15:00:00,2,1,1,7.924928069831872,436,1,1,64,377,33.381113442942976
2024-07-04 16:00:00,0,1,2,13.335173037291137,456,0,0,33,348,47.50861645385056
2024-07-04 17:00:00,2,1,2,12.620184879410807,442,0,1,71,368,36.71010841494344
2024-07-04 18:00:00,2,2,2,14.063578080307256,188,1,1,28,229,63.14071541979675
2024-07-04 19:00:00,0,2,2,1.7280147547852858,224,0,1,49,170,33.18671410478645
2024-07-04 20:00:00,2,0,1,6.542667153670108,302,1,0,26,250,44.88567120437586
2024-07-04 21:00:00,0,2,2,18.277413902025337,482,0,0,59,322,65.78934698388227
2024-07-04 22:00:00,1,1,0,9.05258104257231,299,1,1,21,242,50.22026868972495
2024-07-04 23:00:00,2,1,2,19.2522299025494,477,0,0,24,332,50.95423136473098
2024-07-05 00:00:00,0,0,1,5.05656028025454,418,1,1,48,379,54.16829072833526
2024-07-05 01:00:00,2,1,2,19.951055496140697,446,0,0,22,337,57.92599289891017
2024-07-05 02:00:00,2,1,2,14.254037270231114,185,0,1,28,168,44.50507536239041
2024-07-05 03:00:00,2,0,1,15.751475057263267,496,1,0,82,370,74.64881256543899
2024-07-05 04:00:00,1,2,2,8.540362271848181,71,1,0,66,76,60.6134157092376
2024-07-05 05:00:00,1,1,1,18.2331543039518,87,0,1,69,115,58.69168721568938
2024-07-05 06:00:00,1,0,2,11.36379511821382,76,0,0,65,76,80.56184499398377
2024-07-05 07:00:00,1,0,1,13.937829224268066,331,0,1,34,281,85.930712158525
2024-07-05 08:00:00,2,1,2,2.801357155389434,328,0,1,13,268,21.798366388161888
2024-07-05 09:00:00,2,0,0,13.001933316964974,169,1,1,61,204,67.60718637092086
2024-07-05 10:00:00,0,1,0,17.702500776980976,302,1,0,16,264,50.86906766031534
2024-07-05 11:00:00,2,2,1,4.387381336103774,408,0,0,77,308,41.40138647450939
2024-07-05 12:00:00,2,0,1,15.016792758062074,114,1,1,96,193,72.90722802949169
2024-07-05 13:00:00,2,0,1,1.4826144208984364,123,1,1,79,173,46.33379638797191
2024-07-05 14:00:00,0,1,0,18.59785731468786,352,0,0,54,255,64.11470454092854
2024-07-05 15:00:00,0,1,1,19.67542520459254,366,0,1,18,322,63.597114058329296
2024-07-05 16:00:00,2,1,2,7.729421269163795,223,0,1,18,204,34.84581737103633
2024-07-05 17:00:00,2,2,1,3.034403144591362,437,1,1,94,409,18.86052570063626
2024-07-05 18:00:00,0,1,1,13.512950995099756,464,1,1,12,430,32.77019151181969
2024-07-05 19:00:00,0,2,2,1.5668557688021023,309,0,0,86,226,32.37913464276507
2024-07-05 20:00:00,2,1,2,10.167239344646548,334,0,1,72,300,36.585446643390014
2024-07-05 21:00:00,0,2,0,6.163804327619844,122,0,0,91,126,44.00111853111377
2024-07-05 22:00:00,2,1,2,9.99344202510466,128,1,0,11,113,36.39570072942749
2024-07-05 23:00:00,2,0,2,1.3472347800287827,93,0,0,40,91,44.12218311235584
2024-07-06 00:00:00,0,1,1,1.980631478343423,282,1,0,47,241,24.624646129100995
2024-07-06 01:00:00,0,1,0,1.3035407480242642,52,1,1,16,125,18.833772969191244
2024-07-06 02:00:00,2,0,2,12.763505530895166,492,1,1,19,423,58.475581836726725
2024-07-06 03:00:00,0,2,0,11.641765435828962,128,0,1,86,145,52.597829451338576
2024-07-06 04:00:00,0,1,2,5.430001972195485,426,1,1,68,377,27.649998323963715
2024-07-06 05:00:00,0,1,0,13.286219449176404,230,1,0,10,197,44.43551861582945
2024-07-06 06:00:00,0,2,2,17.799937881004524,188,1,0,46,142,57.20729725313526
2024-07-06 07:00:00,0,1,1,6.269119919496159,439,0,0,34,309,31.61836264040077
2024-07-06 08:00:00,2,2,0,16.807882349700762,352,0,1,75,278,59.84276797691189
2024-07-06 09:00:00,2,2,0,13.587673584041449,56,1,0,97,75,44.93455223820609
2024-07-06 10:00:00,2,1,2,1.64258842028668,420,1,0,85,334,20.406117616059603
2024-07-06 11:00:00,2,2,0,8.127848020759256,415,1,1,14,362,34.45488771823313
2024-07-06 12:00:00,0,2,2,10.647387101321325,373,1,0,65,282,53.70018533239647
2024-07-06 13:00:00,0,0,0,14.902284609139706,262,1,0,88,214,70.77501249124413
2024-07-06 14:00:00,2,1,0,6.4554806068149215,50,0,1,51,71,33.097470263991895
2024-07-06 15:00:00,2,2,1,19.67187199230072,233,1,0,73,205,60.46860226058466
2024-07-06 16:00:00,2,1,1,14.00625506959663,300,0,0,58,207,37.722428240804646
2024-07-06 17:00:00,2,2,0,8.083459866122851,264,0,0,55,203,40.91297738886032
2024-07-06 18:00:00,0,0,1,2.843475742465128,126,1,0,80,129,52.36862596733717
2024-07-06 19:00:00,2,1,0,4.445987445145389,92,1,0,11,110,28.5628433858907
2024-07-06 20:00:00,0,0,2,10.264547441047975,461,1,1,76,410,68.40790176168196
2024-07-06 21:00:00,1,2,0,10.399211744208968,206,0,0,13,113,55.84382313910622
2024-07-06 22:00:00,2,0,0,15.586656531605716,67,1,0,71,84,72.37565203501156
2024-07-06 23:00:00,2,2,1,14.797355885872795,392,0,1,89,284,48.47963303620924
2024-07-07 00:00:00,2,1,1,4.824187731838529,269,1,1,36,268,29.527121902367625
2024-07-07 01:00:00,0,1,2,12.304175790607037,122,1,0,95,136,51.207550225945376
2024-07-07 02:00:00,0,1,2,1.3918142141148784,239,0,1,76,194,23.31416012343441
2024-07-07 03:00:00,2,1,2,8.572400588302333,412,1,0,26,285,30.572459014746784
2024-07-07 04:00:00,0,2,0,15.51799957086051,311,0,0,95,202,68.85929557473042
2024-07-07 05:00:00,1,2,2,8.590663272456164,193,1,1,61,228,63.835677918148434
2024-07-07 06:00:00,2,0,2,16.876328556227058,178,0,0,80,115,63.72605528951924
2024-07-07 07:00:00,2,2,1,19.54695051238035,327,0,1,66,252,66.35813237888945
2024-07-07 08:00:00,1,2,1,12.53703945128795,351,1,0,39,275,63.79901132925693
2024-07-07 09:00:00,0,0,2,3.755077450493376,239,1,1,81,267,44.75048013207304
2024-07-07 10:00:00,1,0,2,8.213866950202803,200,1,1,92,223,79.14831738574189
2024-07-07 11:00:00,0,1,0,1.1801837462991285,454,0,0,80,333,17.627023138113035
2024-07-07 12:00:00,1,2,0,12.4517925529743,356,1,1,74,328,69.19692366940232
2024-07-07 13:00:00,2,1,1,16.609801518502167,433,1,0,25,312,44.84425393670418
2024-07-07 14:00:00,0,1,2,12.968861499537816,144,1,0,36,174,39.47031573134051
2024-07-07 15:00:00,1,1,2,15.935638354485548,87,0,0,83,68,62.11372626287866
2024-07-07 16:00:00,0,0,2,16.198174618241847,205,0,0,56,170,68.95036389553006
2024-07-07 17:00:00,2,2,2,17.16923894813181,349,0,1,23,292,69.38254869062456
2024-07-07 18:00:00,2,2,2,6.06661187695353,396,1,0,11,311,40.14723056112099
2024-07-07 19:00:00,2,0,0,17.554101933588015,472,0,1,48,408,71.88100534923552
2024-07-07 20:00:00,2,1,0,13.427785970806328,475,0,1,64,413,40.94850986352434
2024-07-07 21:00:00,2,2,2,6.504785575295252,91,1,0,95,77,33.06999870520635
2024-07-07 22:00:00,0,2,0,19.75859958492896,365,1,0,35,283,70.75546389563672
2024-07-07 23:00:00,0,1,0,19.05346548090171,175,1,0,53,144,50.89870442114669
2024-07-08 00:00:00,2,2,2,11.914378680921589,362,1,0,78,306,40.80192652303381
2024-07-08 01:00:00,0,1,0,17.020959189591707,126,0,1,47,122,54.989426419357365
2024-07-08 02:00:00,2,0,2,5.968395285677562,145,0,1,89,161,59.60758990368564
2024-07-08 03:00:00,2,1,0,8.90470293560691,312,0,1,21,284,28.073807836838057
2024-07-08 04:00:00,2,1,2,4.495463454132841,356,0,0,26,286,20.10677256180873
2024-07-08 05:00:00,0,2,2,10.881950209955711,274,1,0,34,209,49.38576010701631
2024-07-08 06:00:00,2,1,0,10.42402717136164,160,0,0,73,135,32.726208937571926
2024-07-08 07:00:00,2,1,0,5.0434512932697615,287,1,1,97,286,23.258090512329517
2024-07-08 08:00:00,2,2,1,13.783232180605854,254,1,0,20,256,54.35543789215008
2024-07-08 09:00:00,1,1,2,3.2380156149828383,337,0,1,27,306,34.8017467453238
2024-07-08 10:00:00,2,2,2,2.1721375703245127,312,1,0,45,277,20.54909547825932
2024-07-08 11:00:00,0,2,2,8.313194404585335,125,1,1,12,162,44.48069547726273
2024-07-08 12:00:00,0,2,2,8.786670777909393,473,1,0,92,367,49.12927248115426
2024-07-08 13:00:00,0,2,0,7.075071524003238,192,1,0,79,182,39.821801050558925
2024-07-08 14:00:00,1,1,0,5.900986113986758,364,1,1,96,333,44.0162708382941
2024-07-08 15:00:00,2,1,1,7.436750555181077,418,0,1,80,356,34.423075036366306
2024-07-08 16:00:00,2,2,2,4.104135905089957,134,1,1,18,219,34.41786687519724
2024-07-08 17:00:00,1,0,1,8.66559691352467,445,0,1,75,348,67.90197795010488
2024-07-08 18:00:00,2,1,1,18.18746409683143,301,1,1,56,286,58.37210614003412
2024-07-08 19:00:00,0,2,1,5.264110742967927,382,1,1,59,345,45.66435285406429
2024-07-08 20:00:00,0,2,1,14.004570982656658,281,0,1,73,276,58.9766848473282
2024-07-08 21:00:00,0,2,1,3.693905697558948,475,0,1,56,378,35.28518015359097
2024-07-08 22:00:00,1,2,0,7.724225856194384,344,1,1,84,363,60.42197244517719
2024-07-08 23:00:00,1,1,0,7.1023208303598695,368,0,1,76,323,45.61848291355305
2024-07-09 00:00:00,0,2,1,18.803558493758228,179,0,1,51,184,72.39893812298786
2024-07-09 01:00:00,2,1,0,9.13165906023437,334,0,0,58,271,31.70645311391682
2024-07-09 02:00:00,1,2,0,14.118852931846297,366,1,1,39,331,65.9919243819175
2024-07-09 03:00:00,2,0,1,12.446793370455255,78,0,1,17,69,56.35373386287548
2024-07-09 04:00:00,2,2,0,3.679571430410467,277,0,1,46,229,40.17244007293392
2024-07-09 05:00:00,1,1,0,18.851268569581748,343,0,1,94,286,74.1146414457897
2024-07-09 06:00:00,2,0,2,7.571516545259501,56,1,1,17,134,51.94618687339933
2024-07-09 07:00:00,2,0,1,1.8504087598893448,79,0,0,72,70,44.38546388411475
2024-07-09 08:00:00,2,2,2,6.708430430039565,264,0,0,20,192,41.7432782485577
2024-07-09 09:00:00,1,2,2,7.377040791764196,164,1,1,67,214,57.89392495549855
2024-07-09 10:00:00,0,1,1,2.762161220195817,489,0,1,43,391,26.968718836788035
2024-07-09 11:00:00,0,0,2,12.779570721218914,264,1,1,48,287,68.17433257028657
2024-07-09 12:00:00,2,2,2,7.588519905289363,213,1,1,25,245,38.58078996823031
2024-07-09 13:00:00,0,0,0,12.953557520288443,219,1,0,80,219,70.91987696370181
2024-07-09 14:00:00,0,1,2,1.128070708192276,270,0,1,13,250,20.352641975441767
2024-07-09 15:00:00,2,1,1,19.658919580824296,309,0,0,55,231,63.74972332883037
2024-07-09 16:00:00,2,0,0,4.239810812348951,261,1,0,31,275,47.78546079857332
2024-07-09 17:00:00,2,2,0,13.527288747393792,310,0,0,80,211,51.25509716387232
2024-07-09 18:00:00,1,1,0,14.599901762310791,351,0,0,22,265,57.53283305790937
2024-07-09 19:00:00,0,1,1,4.260558645202045,380,1,1,91,358,22.78397975588136
2024-07-09 20:00:00,1,2,1,3.122533359945953,179,0,0,51,120,50.39475235505102
2024-07-09 21:00:00,2,1,1,3.898966645051365,154,0,1,43,155,14.175119870661597
2024-07-09 22:00:00,0,2,2,5.689546861053946,103,0,0,22,88,43.08633183142452
2024-07-09 23:00:00,0,2,2,4.196410241865268,157,0,1,38,157,31.80916007068924
2024-07-10 00:00:00,0,2,0,13.80598911216555,364,1,1,56,310,59.858681920583706
2024-07-10 01:00:00,1,1,0,8.995830870795277,338,0,0,78,227,53.26445844379936
2024-07-10 02:00:00,2,0,1,11.218040295791898,304,1,0,20,281,65.51374549331716
2024-07-10 03:00:00,2,1,1,1.899398987374007,327,1,0,72,283,15.019912455565908
2024-07-10 04:00:00,0,2,2,17.363730298913744,96,1,0,60,62,59.746359127450695
2024-07-10 05:00:00,0,1,2,4.240859510917652,183,0,1,69,164,27.96951588327515
2024-07-10 06:00:00,0,2,1,7.842894297646676,73,1,0,56,69,39.95778097878885
2024-07-10 07:00:00,2,0,1,2.3661311567275725,482,0,0,13,300,40.90239226627367
2024-07-10 08:00:00,0,0,2,3.5990695583182637,166,1,1,16,204,49.94866329656946
2024-07-10 09:00:00,2,2,0,13.650188789537568,288,0,1,96,276,55.12967860008252
2024-07-10 10:00:00,2,2,0,14.15915304285809,431,1,1,40,372,64.17394270297301
2024-07-10 11:00:00,0,0,2,13.86234420788169,356,1,1,90,328,73.5732384999242
2024-07-10 12:00:00,0,0,2,11.49059896907442,423,1,1,83,379,64.8661036592091
2024-07-10 13:00:00,2,0,0,19.097911616226227,90,1,0,95,67,83.92487530732438
2024-07-10 14:00:00,2,1,2,10.636366054602952,299,1,0,39,292,41.38192940332179
2024-07-10 15:00:00,2,0,0,9.538828556632485,372,1,0,38,317,63.05865747665804
2024-07-10 16:00:00,2,1,0,5.703365748625727,138,1,1,90,190,31.64779006717632
2024-07-10 17:00:00,0,1,2,2.8781410560656395,141,1,0,52,125,34.90760008902059
2024-07-10 18:00:00,1,1,1,11.414943669357395,426,1,0,94,312,40.43250675310624
2024-07-10 19:00:00,2,1,1,6.982913547163734,130,0,0,31,75,28.38794336885524
2024-07-10 20:00:00,0,2,1,10.956482280619788,179,0,1,57,197,46.2172899216491
2024-07-10 21:00:00,1,0,1,4.9162624869491145,140,0,1,57,134,67.47631234014146
2024-07-10 22:00:00,1,2,1,16.925280771950316,149,1,0,66,142,75.68561868893688
2024-07-10 23:00:00,2,2,1,19.994246983522316,127,0,0,31,89,66.903494265385
2024-07-11 00:00:00,1,2,1,7.125666692292341,92,1,0,36,170,51.84267558213734
2024-07-11 01:00:00,2,2,2,17.004224537946264,172,0,0,96,108,60.59398932124298
2024-07-11 02:00:00,2,1,2,17.58673659145574,337,0,1,72,263,52.599115869554815
2024-07-11 03:00:00,2,0,1,19.925401986384514,445,1,1,13,364,77.74724541614418
2024-07-11 04:00:00,2,2,2,7.511682465781608,72,0,1,99,87,34.59924068498852
2024-07-11 05:00:00,2,2,0,15.364786480568007,193,1,1,90,271,63.18929237933298
2024-07-11 06:00:00,2,2,1,5.347371069197723,477,0,1,12,395,39.79523434078242
2024-07-11 07:00:00,2,0,0,12.871124024550722,307,0,0,90,244,47.03920807710287
2024-07-11 08:00:00,1,1,2,14.392008819983914,56,0,1,49,98,53.03476494916953
2024-07-11 09:00:00,1,1,1,15.081293158166831,326,1,1,92,311,57.99153325071544
2024-07-11 10:00:00,2,2,0,4.936271203104771,235,0,0,91,178,38.34964545872643
2024-07-11 11:00:00,1,2,2,17.1257858394277,144,1,1,37,172,64.31042180952538
2024-07-11 12:00:00,1,0,1,8.998465347458296,456,0,0,24,332,66.58776261948583
2024-07-11 13:00:00,0,1,1,5.111020836956546,431,0,1,60,371,29.02997897975998
2024-07-11 14:00:00,2,1,0,11.30809067906613,493,1,1,35,455,38.420863198697
2024-07-11 15:00:00,0,0,0,17.4037854625319,426,1,1,44,384,76.39093060080369
2024-07-11 16:00:00,1,2,0,19.374670285784163,74,0,0,89,75,80.27093342303635
2024-07-11 17:00:00,0,2,2,15.215948612829614,340,0,0,24,215,57.69401719428365
2024-07-11 18:00:00,2,1,0,1.1068348391558862,276,1,0,14,247,9.58068140929024
2024-07-11 19:00:00,0,1,0,3.5593144488531667,222,1,1,55,250,28.645707726404517
2024-07-11 20:00:00,0,2,0,2.449205742338449,184,0,0,33,114,38.1715870145283
2024-07-11 21:00:00,0,1,1,2.9230611168838103,337,1,0,11,253,30.67512026692217
2024-07-11 22:00:00,2,0,0,8.277664164375727,358,0,1,68,299,50.28917091593747
2024-07-11 23:00:00,2,2,0,7.431372981743928,118,1,1,45,174,42.62823234071243
2024-07-12 00:00:00,1,1,2,3.160014644097891,330,1,1,54,308,38.115364477458
2024-07-12 01:00:00,1,2,2,17.762471680670732,400,0,1,85,304,84.65168728554518
2024-07-12 02:00:00,2,2,0,12.693123950314844,391,0,0,46,290,45.21932063288147
2024-07-12 03:00:00,1,1,2,16.13280287017253,407,0,0,66,304,62.73136686656175
2024-07-12 04:00:00,2,1,2,8.059438388253186,382,0,0,94,309,30.906093134996272
2024-07-12 05:00:00,0,2,2,8.79448430946379,280,1,1,21,272,39.37637237150872
2024-07-12 06:00:00,0,2,1,7.034803000197831,435,1,1,44,395,50.90363736382963
2024-07-12 07:00:00,1,2,0,9.330105629871332,391,1,1,31,382,54.133695756509965
2024-07-12 08:00:00,1,2,0,12.59716798474602,366,1,0,81,317,61.04373057380471
2024-07-12 09:00:00,2,2,0,10.366696148964587,442,1,0,36,356,44.78958312306937
2024-07-12 10:00:00,1,2,2,16.920423117580555,356,0,0,16,263,69.72795206406246
2024-07-12 11:00:00,2,2,2,18.10264420358666,307,0,0,12,201,64.13017102507902
2024-07-12 12:00:00,0,2,2,9.923993213984383,222,1,1,13,247,49.88133973350652
2024-07-12 13:00:00,0,1,1,5.555211626624339,81,1,1,97,129,21.138619884067296
2024-07-12 14:00:00,0,0,2,18.95865596972687,249,0,1,17,237,73.96325869386716
2024-07-12 15:00:00,2,2,1,14.965734217967531,129,1,0,54,151,57.29686312641587
2024-07-12 16:00:00,1,0,0,13.16241463502372,402,0,0,86,350,77.61055778251537
2024-07-12 17:00:00,2,2,2,15.16286093885554,124,1,0,82,156,54.98894124739733
2024-07-12 18:00:00,2,1,1,2.4436538655415347,465,1,0,29,331,21.53071424574981
2024-07-12 19:00:00,0,2,1,2.284900225115778,313,1,1,93,288,28.929350395288814
2024-07-12 20:00:00,2,1,2,3.909292399038761,134,0,1,14,173,16.308808123168966
2024-07-12 21:00:00,1,2,1,3.801568381370117,266,0,0,55,197,50.723697149634006
2024-07-12 22:00:00,2,2,2,8.992739022138686,170,1,0,78,161,40.96340960714699
2024-07-12 23:00:00,2,0,1,3.99067756342192,69,1,0,44,87,53.962945264854426
2024-07-13 00:00:00,1,2,0,17.235987241065335,498,0,1,74,379,77.57928597685242
2024-07-13 01:00:00,0,2,0,11.983841687632491,198,0,0,24,99,55.695911046825685
2024-07-13 02:00:00,2,1,0,7.996976030654777,56,1,0,26,60,40.62000248819151
2024-07-13 03:00:00,0,0,2,2.322828226280075,426,0,0,85,293,46.797378865885314
2024-07-13 04:00:00,0,0,0,12.229528123223378,427,1,0,55,343,67.09741260442011
2024-07-13 05:00:00,0,2,0,3.2141235912504005,442,1,1,70,393,39.62530325749424
2024-07-13 06:00:00,2,1,0,15.121184757649518,135,1,1,52,158,45.0084862128482
2024-07-13 07:00:00,1,2,2,16.252403838132608,435,0,1,88,343,68.95367485578413
2024-07-13 08:00:00,1,1,1,11.335548901236985,196,0,1,87,189,49.4000072081403
2024-07-13 09:00:00,0,2,2,3.842454323676292,365,1,1,31,350,31.08393487267441
2024-07-13 10:00:00,2,1,2,15.950391751068844,236,1,0,18,196,47.391922898717546
2024-07-13 11:00:00,1,2,0,6.848727995927345,374,1,0,56,294,57.16294592509357
2024-07-13 12:00:00,0,2,1,5.230409712315737,350,1,0,94,301,40.10969560776978
2024-07-13 13:00:00,0,1,0,9.940576179350082,367,0,0,12,261,43.784914123660826
2024-07-13 14:00:00,2,2,0,18.53027858627544,443,1,0,61,342,61.77393101549883
2024-07-13 15:00:00,1,0,2,6.65009254941595,428,0,0,40,306,66.8343842853453
2024-07-13 16:00:00,0,1,2,18.205991518479784,242,1,1,22,219,57.99912884743189
2024-07-13 17:00:00,2,2,2,2.019412866056729,331,1,0,11,265,27.851287292184317
2024-07-13 18:00:00,2,1,0,2.5869503953409896,237,0,0,87,162,19.874553972559145
2024-07-13 19:00:00,1,1,1,14.272659477569691,67,0,1,16,96,58.08587756955689
2024-07-13 20:00:00,2,1,1,4.621260567515336,364,0,1,38,287,17.68239284371099
2024-07-13 21:00:00,1,2,0,7.015792980735883,198,0,1,13,201,55.42293445751132
2024-07-13 22:00:00,0,2,1,3.5910866386310016,95,0,0,13,41,31.498187984867705
2024-07-13 23:00:00,0,0,0,7.312717113518419,61,0,0,97,8,57.72390890583181
2024-07-14 00:00:00,2,2,1,6.328739883956803,279,1,1,30,281,48.09764539987892
2024-07-14 01:00:00,2,1,0,14.99041514079069,162,0,1,54,151,50.418952684892986
2024-07-14 02:00:00,1,2,1,14.338444375591834,209,1,1,37,209,65.08838181018618
2024-07-14 03:00:00,2,1,2,19.14361635213894,472,0,1,17,388,48.47448957623198
2024-07-14 04:00:00,0,2,2,14.764012018287776,276,0,0,51,192,57.65090813089267
2024-07-14 05:00:00,2,1,2,14.201537307406314,232,0,1,26,231,44.4842558769963
2024-07-14 06:00:00,2,1,2,14.189873892190382,104,1,1,18,169,34.41927667622576
2024-07-14 07:00:00,2,2,0,17.776381657315348,315,1,0,70,258,58.5424465554445
2024-07-14 08:00:00,0,0,1,6.628497924635451,84,0,0,93,35,64.11134913019728
2024-07-14 09:00:00,1,1,0,6.7017500746822805,129,0,1,78,116,41.87365223577676
2024-07-14 10:00:00,2,0,2,15.0830623843938,55,1,0,50,71,65.31192742034598
2024-07-14 11:00:00,2,1,1,5.345397605852421,176,0,0,38,114,19.6064230133952
2024-07-14 12:00:00,2,0,0,18.328380078811428,117,1,1,85,187,70.50156553763681
2024-07-14 13:00:00,0,2,2,11.160852776650836,239,0,1,63,232,58.70064613709872
2024-07-14 14:00:00,2,1,1,6.702373633763804,293,1,0,41,213,29.52315037571075
2024-07-14 15:00:00,1,1,1,15.745898664109664,58,1,1,74,106,61.15509269952649
2024-07-14 16:00:00,0,1,2,6.934091967630625,206,0,1,52,160,38.10283397611749
2024-07-14 17:00:00,0,1,2,19.302288024365563,120,0,0,78,70,62.63566030470156
2024-07-14 18:00:00,2,1,1,19.67679498477471,183,1,0,85,190,53.95562034280353
2024-07-14 19:00:00,1,2,2,13.669128597357728,349,0,0,89,251,69.98074402483725
2024-07-14 20:00:00,2,0,0,3.159043905254356,369,0,0,25,261,40.042911154678514
2024-07-14 21:00:00,2,1,2,6.000968148732558,298,0,0,30,206,26.513200328294797
2024-07-14 22:00:00,0,2,2,10.792922282105051,372,0,1,42,296,50.97090206469605
2024-07-14 23:00:00,0,2,2,17.17750155186165,93,1,0,35,122,57.35974538387012
2024-07-15 00:00:00,2,0,1,4.512843441898545,165,1,1,12,216,47.04910267968806
2024-07-15 01:00:00,2,2,1,2.9836657212647144,447,1,1,32,422,40.91305022021744
2024-07-15 02:00:00,0,2,2,2.415072180591676,442,1,1,98,380,37.02365328414909
2024-07-15 03:00:00,2,2,1,10.632383684840892,277,1,1,63,277,45.76590268443388
2024-07-15 04:00:00,1,1,2,17.80931842229941,456,0,1,93,343,60.16515974415974
2024-07-15 05:00:00,0,1,0,1.8048256102339544,106,1,0,56,97,32.30486093690023
2024-07-15 06:00:00,2,2,1,5.034109145877157,293,1,1,45,279,40.1124126572426
2024-07-15 07:00:00,2,1,2,14.171883300950531,106,0,1,44,134,46.62592775636144
2024-07-15 08:00:00,2,2,1,16.691405267730595,192,1,0,52,182,56.26977394796641
2024-07-15 09:00:00,0,1,0,16.34059105668422,241,0,1,42,242,41.43330260407263
2024-07-15 10:00:00,0,2,0,15.91629308908629,56,1,0,14,34,68.53999245507305
2024-07-15 11:00:00,2,1,2,3.46619621545346,453,0,1,13,361,28.84840753154657
2024-07-15 12:00:00,0,0,1,8.54751406147545,497,1,0,67,450,62.03359848199593
2024-07-15 13:00:00,1,0,0,19.710148593803183,324,1,0,61,278,87.84597931902113
2024-07-15 14:00:00,2,1,1,19.788863860173677,183,1,1,81,213,56.3840295014962
2024-07-15 15:00:00,1,1,2,12.446120447129571,484,0,0,84,354,53.84024424195707
2024-07-15 16:00:00,2,2,0,14.47607688970155,88,0,0,59,44,61.88111750527858
2024-07-15 17:00:00,2,1,0,19.074392129420872,242,1,1,36,237,53.04380193297249
2024-07-15 18:00:00,2,1,1,9.548629363582998,376,1,1,19,352,33.48279039948687
2024-07-15 19:00:00,2,1,0,3.600470299792072,74,0,1,71,107,19.834869042804687
2024-07-15 20:00:00,2,0,2,13.710028634805486,151,0,1,29,170,65.68739767356385
2024-07-15 21:00:00,2,0,2,19.241943793109947,200,1,1,41,245,72.95958094526304
2024-07-15 22:00:00,1,2,0,14.246915783459594,266,0,1,57,219,73.64864049418497
2024-07-15 23:00:00,1,2,2,16.263101413451018,279,0,0,58,201,66.14688054138881
2024-07-16 00:00:00,0,0,0,9.032227275441686,491,0,1,91,413,62.44353392461612
2024-07-16 01:00:00,2,0,0,2.8327999287521703,316,0,1,35,287,47.317796674281816
2024-07-16 02:00:00,2,0,0,4.208759644482933,211,0,1,44,211,40.364047014141576
2024-07-16 03:00:00,2,1,0,19.670441759274063,336,0,1,37,295,51.506227778315846
2024-07-16 04:00:00,0,1,1,10.370502022891465,215,0,1,74,209,41.5923357761233
2024-07-16 05:00:00,1,2,0,1.2283912133677477,423,0,1,35,345,42.136101015724016
2024-07-16 06:00:00,2,2,2,19.151978333892306,419,1,1,67,418,63.18961622685184
2024-07-16 07:00:00,2,1,1,10.457818327450006,296,0,1,15,274,28.961929164643504
2024-07-16 08:00:00,0,1,2,16.889099567544918,223,0,1,59,200,47.56163582251742
2024-07-16 09:00:00,2,0,0,11.420704698700977,445,0,0,58,277,65.95712026359728
2024-07-16 10:00:00,2,0,2,2.9323433898204607,58,0,0,67,83,50.74599227170219
2024-07-16 11:00:00,0,1,1,12.695822060506988,446,1,0,55,336,51.1599170271021
2024-07-16 12:00:00,0,0,2,19.950605250072577,497,1,1,98,409,84.63917017443516
2024-07-16 13:00:00,2,2,1,1.6600178702729185,325,1,1,90,337,31.32658444849949
2024-07-16 14:00:00,2,0,0,16.994089752785836,108,0,0,99,75,66.2218725810527
2024-07-16 15:00:00,1,2,0,5.474135117364535,134,1,1,30,194,44.501916960006426
2024-07-16 16:00:00,2,1,2,8.483458231531527,199,1,0,34,154,30.121999090736644
2024-07-16 17:00:00,2,2,2,8.081480723685011,370,1,1,72,365,40.62155890892893
2024-07-16 18:00:00,2,2,0,18.077146691113278,109,0,1,92,156,58.8621170491907
2024-07-16 19:00:00,2,2,0,10.585237587804926,174,0,1,75,171,44.57917351418576
2024-07-16 20:00:00,2,1,2,9.496311449854122,90,1,1,44,141,27.7875052467513
2024-07-16 21:00:00,1,0,0,16.54247706789875,386,1,0,89,292,85.10386558693082
2024-07-16 22:00:00,2,1,1,1.9292355517940072,222,0,1,89,220,12.041499331903662
2024-07-16 23:00:00,2,1,1,2.642669986809252,309,0,0,42,238,26.00054982523889
2024-07-17 00:00:00,0,2,2,1.4120882806494968,375,1,1,59,345,27.493173022273737
2024-07-17 01:00:00,0,2,2,14.071675176143463,222,0,0,33,144,61.52053158960668
2024-07-17 02:00:00,1,2,0,10.986706604504445,235,1,1,32,255,61.66424626633333
2024-07-17 03:00:00,1,2,0,17.64442039149737,290,0,1,90,247,77.88815390506475
2024-07-17 04:00:00,2,2,1,10.472125156479509,388,1,1,46,333,46.1957946417694
2024-07-17 05:00:00,0,2,2,5.214571882477889,143,1,1,72,152,37.99826597736916
2024-07-17 06:00:00,2,2,2,16.297800088983905,456,1,0,65,353,55.46162470767796
2024-07-17 07:00:00,1,1,2,6.592153230419834,465,1,0,72,350,47.98895846383316
2024-07-17 08:00:00,2,2,2,18.77810586089197,112,1,0,28,131,58.75917173461601
2024-07-17 09:00:00,1,0,1,5.758053869192569,270,1,0,30,210,65.06554961360325
2024-07-17 10:00:00,0,1,1,4.186692404535449,57,0,0,48,-10,36.78072907770167
2024-07-17 11:00:00,2,2,2,10.373155838703068,262,0,1,92,227,44.24819926334891
2024-07-17 12:00:00,0,0,1,1.9597872414346236,258,1,0,81,234,48.99157175164101
2024-07-17 13:00:00,1,1,2,1.6918228411697354,258,0,0,35,216,24.753040843697523
2024-07-17 14:00:00,1,2,1,10.4242763598537,425,0,0,60,337,59.589221899451005
2024-07-17 15:00:00,2,0,0,5.087030735100964,134,0,1,69,133,49.602889548036266
2024-07-17 16:00:00,0,1,1,1.1777001295084446,256,1,0,91,200,20.92454412280958
2024-07-17 17:00:00,2,1,2,6.625081317198912,396,1,0,87,317,30.49725220084734
2024-07-17 18:00:00,2,0,0,10.069979723085249,202,0,0,91,149,59.46820846832322
2024-07-17 19:00:00,2,0,2,8.491485327748041,210,0,0,15,135,53.28783222977149
2024-07-17 20:00:00,2,2,0,3.573919857048039,499,1,1,16,428,29.759221753326283
2024-07-17 21:00:00,1,2,0,12.013821728807573,165,1,1,69,228,66.22065220080414
2024-07-17 22:00:00,2,0,1,14.496326831805105,411,0,0,70,265,62.45983876231937
2024-07-17 23:00:00,1,2,1,13.835244081102612,300,0,1,14,259,66.35952812437591
2024-07-18 00:00:00,2,1,0,8.481476504382176,449,0,1,17,384,32.44315482253487
2024-07-18 01:00:00,2,1,0,3.614326872251166,232,0,0,42,183,28.91677646385449
2024-07-18 02:00:00,2,2,0,10.49024869632373,213,0,1,66,219,53.69765506266536
2024-07-18 03:00:00,2,0,2,17.91820334380457,377,0,1,21,358,78.27964857289368
2024-07-18 04:00:00,2,0,1,9.905734129883424,129,0,1,46,150,59.36110311257055
2024-07-18 05:00:00,2,0,2,4.717939945090165,56,0,1,24,86,55.47457809570286
2024-07-18 06:00:00,0,0,1,2.7680127587808774,374,0,1,26,291,55.40932617079005
2024-07-18 07:00:00,2,2,2,18.934606123878712,136,1,1,46,172,64.81010279068262
2024-07-18 08:00:00,2,2,1,15.117178768661384,57,1,1,60,86,59.31264124648144
2024-07-18 09:00:00,2,2,0,6.946372481309164,436,1,1,38,400,36.97960975339272
2024-07-18 10:00:00,1,2,0,6.611695717898314,468,0,0,12,334,46.213851850486336
2024-07-18 11:00:00,1,2,1,18.009151247729353,419,0,1,84,337,80.18672287054147
2024-07-18 12:00:00,2,1,0,4.373796461383371,85,1,1,35,129,22.46392239523137
2024-07-18 13:00:00,2,0,0,11.165708503474344,300,0,1,54,260,62.57199133561516
2024-07-18 14:00:00,2,2,2,14.556581228406726,149,0,0,15,100,54.81422893430897
2024-07-18 15:00:00,1,1,1,8.531416687348102,128,1,0,97,115,51.77140232179602
2024-07-18 16:00:00,2,2,0,1.7581445083186824,335,1,1,63,324,25.199714811193036
2024-07-18 17:00:00,2,2,1,5.32741746067091,320,1,0,97,282,28.376967747378952
2024-07-18 18:00:00,2,1,2,18.1343546114051,270,0,0,28,180,52.50464882175599
2024-07-18 19:00:00,2,0,1,10.939260369951532,245,1,1,22,249,67.83741926796009
2024-07-18 20:00:00,2,1,2,16.493383683271425,275,1,0,66,224,41.040306884011386
2024-07-18 21:00:00,0,1,2,11.55802531302173,136,0,0,82,87,43.995522840761545
2024-07-18 22:00:00,2,2,2,18.928439818533764,107,1,0,92,124,64.27480949988505
2024-07-18 23:00:00,0,2,0,18.273547435580056,461,0,0,94,330,75.55072672829924
2024-07-19 00:00:00,2,0,2,10.174872798197637,219,0,0,66,162,62.9994847006487
2024-07-19 01:00:00,2,0,1,7.047206483290639,146,0,0,55,100,48.60984293010736
2024-07-19 02:00:00,1,0,1,12.431706959566595,195,0,0,21,140,81.9721564889862
2024-07-19 03:00:00,2,1,0,13.822865951719995,438,0,1,38,322,43.30148563112181
2024-07-19 04:00:00,1,1,0,10.468746753712,442,1,0,74,329,52.65628075368353
2024-07-19 05:00:00,0,2,2,16.623381200806794,407,1,0,58,324,54.86979288769607
2024-07-19 06:00:00,2,1,2,4.483241913912773,420,0,0,13,295,18.088920881728555
2024-07-19 07:00:00,1,0,2,7.3538247818566145,442,0,1,86,377,64.49543269007029
2024-07-19 08:00:00,2,2,0,14.041150789962607,67,1,1,96,127,62.26760018669977
2024-07-19 09:00:00,1,0,0,5.686993442363588,233,1,1,37,215,66.61515616633717
2024-07-19 10:00:00,2,1,1,9.357050148989044,192,0,0,59,144,29.075810712323005
2024-07-19 11:00:00,1,2,2,19.31093738593756,383,1,1,21,320,79.89232477017454
2024-07-19 12:00:00,2,2,2,12.891643481044907,111,0,0,92,69,51.8635239244168
2024-07-19 13:00:00,0,1,1,19.032087458181387,212,0,1,27,164,60.24994791084212
2024-07-19 14:00:00,0,2,1,14.72638666172294,89,1,0,15,140,53.96545959115146
2024-07-19 15:00:00,1,2,1,14.768668623676286,228,0,0,77,135,70.76086864197293
2024-07-19 16:00:00,1,2,1,12.245286300113907,284,0,0,85,199,62.42738891323574
2024-07-19 17:00:00,1,1,2,3.701963301479809,429,1,1,32,386,33.756725981614565
2024-07-19 18:00:00,1,1,0,10.874571526839468,109,1,1,37,132,58.08292783739358
2024-07-19 19:00:00,2,2,2,5.800657809565949,277,1,1,84,313,43.36313531584658
2024-07-19 20:00:00,2,1,1,19.974778532674325,288,0,1,49,264,56.296222550451816
2024-07-19 21:00:00,2,1,0,6.07227686192319,105,1,1,57,153,24.494210309741856
2024-07-19 22:00:00,2,1,2,5.383031025767521,283,0,0,43,171,26.320428949292168
2024-07-19 23:00:00,2,1,1,12.853779947356848,133,0,0,94,71,23.26612826985751
2024-07-20 00:00:00,0,1,0,10.708027451172972,252,0,1,71,191,48.91925665159772
2024-07-20 01:00:00,2,1,0,1.4057053518357692,90,0,0,67,57,25.73396338581036
2024-07-20 02:00:00,0,2,0,3.461130400856927,487,1,1,43,435,44.64007465288493
2024-07-20 03:00:00,2,2,2,16.40981589472274,66,0,0,66,70,53.578180189323376
2024-07-20 04:00:00,2,2,1,10.190147147803652,154,1,0,38,164,45.2847242398332
2024-07-20 05:00:00,0,0,2,3.7742890816372734,74,1,1,99,158,58.921796757944335
2024-07-20 06:00:00,0,2,2,9.839608693878938,431,1,0,86,349,42.50318090663087
2024-07-20 07:00:00,0,2,2,5.80983257856567,142,1,1,61,195,42.7289501191125
2024-07-20 08:00:00,0,0,0,5.248237761134531,264,1,0,92,220,53.17203479943608
2024-07-20 09:00:00,2,2,1,19.196780252456985,442,1,0,17,363,52.67655011278744
2024-07-20 10:00:00,0,2,2,7.878466010297079,233,1,0,25,190,48.43072266241784
2024-07-20 11:00:00,2,2,1,1.8821909887744437,266,1,0,39,224,29.763158398878407
2024-07-20 12:00:00,2,2,0,19.43620678010875,200,1,1,96,233,64.32156466060945
2024-07-20 13:00:00,2,2,2,16.101951920671,423,0,1,93,360,51.589482399521685
2024-07-20 14:00:00,2,1,1,5.833852824719012,307,1,0,90,244,32.45833049112684
2024-07-20 15:00:00,2,1,0,8.768944859402435,350,0,1,35,329,34.5119219250466
2024-07-20 16:00:00,1,1,2,17.38350191730744,168,0,1,66,219,66.99383156549649
2024-07-20 17:00:00,1,1,2,7.790856867142211,498,0,1,48,367,50.3430379877515
2024-07-20 18:00:00,2,1,1,11.78067679812538,471,1,0,42,379,41.49293857783312
2024-07-20 19:00:00,2,2,1,11.16228052362764,183,1,1,87,243,44.1251800520924
2024-07-20 20:00:00,2,2,2,8.624596423947192,481,0,1,40,375,44.78556288671322
2024-07-20 21:00:00,2,2,2,13.150536134460609,477,1,1,89,436,51.73293207200343
2024-07-20 22:00:00,1,1,0,9.99252400873584,256,0,1,30,217,50.32817511609074
2024-07-20 23:00:00,2,0,0,1.403379341805484,312,1,0,59,246,45.81683901896216
2024-07-21 00:00:00,0,2,2,16.47327904531081,371,1,0,92,297,57.88452268150237
2024-07-21 01:00:00,2,1,1,3.1499598723206663,239,0,1,15,196,8.622741545262809
2024-07-21 02:00:00,1,0,1,9.817708686935903,207,1,1,69,230,72.94075705752128
2024-07-21 03:00:00,2,2,2,12.018115027622446,125,1,1,96,157,40.83551967472488
2024-07-21 04:00:00,0,2,0,14.404615029672524,101,0,0,99,70,56.88401065417407
2024-07-21 05:00:00,2,1,2,8.805134170471039,275,0,1,82,243,24.181149896666632
2024-07-21 06:00:00,0,2,1,14.975421253580098,143,1,1,22,194,60.3147776932451
2024-07-21 07:00:00,2,0,2,3.4956516096528345,341,1,0,67,287,46.43880399855233
2024-07-21 08:00:00,2,2,2,13.415465417144802,340,0,0,53,243,51.434344535485536
2024-07-21 09:00:00,1,2,0,16.700439624128357,371,0,1,88,326,76.23908593054725
2024-07-21 10:00:00,1,2,1,17.899435483912523,227,0,0,41,146,81.41278824696785
2024-07-21 11:00:00,1,0,1,12.011763423123895,436,0,0,68,323,76.06644230516976
2024-07-21 12:00:00,0,1,2,6.945008763425709,155,1,0,90,156,34.97617212441438
2024-07-21 13:00:00,1,2,1,4.103773722558902,125,0,0,54,85,49.34714861216914
2024-07-21 14:00:00,2,1,1,7.565616304671453,53,0,0,64,26,22.782945396249374
2024-07-21 15:00:00,2,2,1,11.259513089934355,360,0,0,58,220,51.9908142349298
2024-07-21 16:00:00,2,2,1,4.7302742558396496,485,1,0,70,356,29.87828021350385
2024-07-21 17:00:00,0,1,0,19.097783208168767,236,0,0,49,197,54.422028392513
2024-07-21 18:00:00,2,2,0,18.04557314858528,69,1,1,91,115,59.49209563333847
2024-07-21 19:00:00,2,2,0,1.6261867024431935,324,0,1,43,262,22.99005166931392
2024-07-21 20:00:00,0,1,0,11.677274166377387,185,1,0,98,164,39.11484627395895
2024-07-21 21:00:00,1,2,0,15.99686701468565,76,0,1,21,103,74.38078555708783
2024-07-21 22:00:00,2,1,1,5.662447238746132,185,1,1,24,211,20.37122619726793
2024-07-21 23:00:00,2,2,2,10.954028415462131,67,1,1,97,149,51.50799249920941
2024-07-22 00:00:00,2,1,2,8.713845765778201,334,0,0,18,238,27.673068884756265
2024-07-22 01:00:00,2,2,0,4.734379020143452,351,0,1,29,306,38.39258795755086
2024-07-22 02:00:00,2,2,1,12.680010293640631,469,1,1,98,445,52.473337807607656
2024-07-22 03:00:00,0,2,0,19.88015133272979,436,0,1,97,359,64.48094144000744
2024-07-22 04:00:00,0,1,2,7.940457945318952,442,0,1,58,354,31.0559313644534
2024-07-22 05:00:00,0,0,1,11.495201157024873,187,1,0,99,126,70.82438905469836
2024-07-22 06:00:00,2,2,1,7.229238950808511,281,0,1,23,292,44.67347441407119
2024-07-22 07:00:00,1,1,1,17.66202371924744,389,0,1,14,356,65.48856055290894
2024-07-22 08:00:00,2,0,2,17.42745130805017,499,0,1,57,424,80.50962386721913
2024-07-22 09:00:00,2,1,2,4.396694371011435,306,0,0,66,217,29.73542555823804
2024-07-22 10:00:00,1,2,0,18.099028610523156,268,1,1,69,275,71.81430672138326
2024-07-22 11:00:00,2,2,0,3.878665510065275,181,1,0,81,166,39.29164869630804
2024-07-22 12:00:00,2,2,2,2.813359232881351,481,1,0,90,383,33.95460003328963
2024-07-22 13:00:00,1,0,0,13.405757698329106,406,1,0,52,340,77.62063623698619
2024-07-22 14:00:00,2,2,2,8.332178011528004,305,0,1,95,248,38.71662973189607
2024-07-22 15:00:00,0,1,1,11.084071275775544,145,1,0,91,134,47.82260788471391
2024-07-22 16:00:00,2,0,0,13.398844856811806,323,0,0,73,220,74.31671082490215
2024-07-22 17:00:00,0,0,2,2.003907518066713,383,0,0,11,278,48.120627128880514
2024-07-22 18:00:00,2,2,2,6.566110250728874,350,1,1,10,354,49.91519451070919
2024-07-22 19:00:00,2,2,2,9.757219923608474,417,0,1,73,367,52.26474223010283
2024-07-22 20:00:00,0,1,0,6.065160786312705,64,1,0,81,89,35.63762427444501
2024-07-22 21:00:00,2,2,0,1.9304563014248977,228,0,1,94,245,31.820414301577824
2024-07-22 22:00:00,2,1,1,2.646854891390014,494,0,1,33,397,23.343410704440863
2024-07-22 23:00:00,2,1,0,16.233209506320936,309,1,1,11,341,39.81030085118388
2024-07-23 00:00:00,2,2,0,18.316348425045597,452,0,0,68,336,58.72903921377656
2024-07-23 01:00:00,2,1,0,3.892432746178528,137,0,1,43,139,22.64520739994952
2024-07-23 02:00:00,2,1,1,5.735977188538229,143,1,1,65,236,24.71106533311309
2024-07-23 03:00:00,1,2,1,13.392738689890322,382,1,0,85,279,70.09141886322917
2024-07-23 04:00:00,2,1,1,19.131163745756496,444,0,0,14,341,54.21120387061858
2024-07-23 05:00:00,2,1,0,6.692204473532151,77,1,1,64,140,31.38585223904869
2024-07-23 06:00:00,2,1,2,17.249058898484023,234,0,1,45,177,48.61282108921348
2024-07-23 07:00:00,2,1,0,10.614468244557152,124,1,0,81,175,42.95063614487085
2024-07-23 08:00:00,1,2,1,19.17461414253483,103,1,1,64,169,79.54710616891235
2024-07-23 09:00:00,2,0,0,3.588914586135634,370,0,0,19,254,46.17857872883373
2024-07-23 10:00:00,1,2,0,19.499775565951744,96,1,0,94,103,82.49940401929875
2024-07-23 11:00:00,2,2,2,9.378593928760653,297,0,1,55,279,47.64318106969223
2024-07-23 12:00:00,0,1,2,19.10582941809897,283,1,0,61,240,58.76983622974363
2024-07-23 13:00:00,0,1,0,9.715114123978866,167,0,1,71,209,32.02451412401737
2024-07-23 14:00:00,1,1,1,11.071560548290984,309,0,1,13,257,57.1379390012556
2024-07-23 15:00:00,0,2,0,16.290725185769098,279,1,0,65,212,54.72575088529844
2024-07-23 16:00:00,0,2,0,14.729941514048486,339,1,1,20,334,52.91173930222727
2024-07-23 17:00:00,2,2,0,12.772463087928424,290,0,1,95,261,51.20310320808458
2024-07-23 18:00:00,2,1,1,8.922620448201563,381,1,0,59,287,30.801554394788244
2024-07-23 19:00:00,1,1,1,16.05632898059251,231,0,1,70,185,62.66019431388249
2024-07-23 20:00:00,2,2,1,19.01633833249709,366,0,0,32,239,70.51685770314927
2024-07-23 21:00:00,2,1,1,1.18640704191751,150,0,0,39,97,19.64569832401016
2024-07-23 22:00:00,0,2,1,12.169056832600562,297,1,1,98,283,50.784768027279696
2024-07-23 23:00:00,2,2,0,17.45363765058862,398,1,1,97,395,64.40095762843782
2024-07-24 00:00:00,1,2,1,13.409138209565588,407,0,1,34,329,60.05736601374229
2024-07-24 01:00:00,0,0,0,16.2157558988334,162,1,1,39,232,74.49113999999001
2024-07-24 02:00:00,0,0,0,18.006160973130722,270,1,0,48,185,80.98305916778976
2024-07-24 03:00:00,1,2,0,15.2680693012081,388,1,1,89,371,67.79112099771109
2024-07-24 04:00:00,2,2,2,14.623330625930556,197,0,1,83,192,57.88416882064748
2024-07-24 05:00:00,2,1,1,19.330171935914446,436,0,1,20,380,54.037102231923626
2024-07-24 06:00:00,2,0,1,17.41000849993988,345,1,0,82,280,76.48003824700741
2024-07-24 07:00:00,2,2,0,16.492179522072703,246,0,0,45,153,58.79421092925081
2024-07-24 08:00:00,0,1,2,2.6416638489656465,456,0,0,92,324,30.138113209419316
2024-07-24 09:00:00,1,2,1,5.54156777964894,118,0,1,61,137,46.31724383235104
2024-07-24 10:00:00,2,1,0,11.5783644621767,337,1,0,14,263,30.12872402139842
2024-07-24 11:00:00,2,2,2,14.48164199452146,73,0,0,85,47,57.84651998804487
2024-07-24 12:00:00,1,2,0,6.761082972709061,418,0,1,83,334,50.11329734216231
2024-07-24 13:00:00,2,1,2,2.7732341492956434,484,1,1,23,462,15.834314545019163
2024-07-24 14:00:00,2,1,0,6.910884549489706,420,1,0,29,332,29.706702129456048
2024-07-24 15:00:00,2,0,1,15.649554431029864,235,0,0,29,163,72.61773031139647
2024-07-24 16:00:00,1,2,0,17.670619557486088,219,1,1,53,239,81.00947270631907
2024-07-24 17:00:00,0,0,0,18.345169318542517,340,0,1,34,281,82.38004330903495
2024-07-24 18:00:00,0,1,2,8.198466903738808,81,1,0,50,101,36.71509316110624
2024-07-24 19:00:00,1,2,2,8.078232922343734,487,0,0,78,326,52.9334309458683
2024-07-24 20:00:00,2,2,1,8.72744194846403,350,1,0,11,282,50.14518724762754
2024-07-24 21:00:00,2,1,0,8.140379919007508,225,0,0,21,127,37.08390798619951
2024-07-24 22:00:00,1,1,2,13.657735542636985,413,0,0,37,293,48.68359612366528
2024-07-24 23:00:00,2,1,1,7.808141980507862,391,0,1,53,328,37.771769644020445
2024-07-25 00:00:00,0,1,1,1.3865347956706708,226,0,1,22,186,19.9528727262724
2024-07-25 01:00:00,1,0,2,9.341467413069562,339,1,0,94,289,79.1541112601886
2024-07-25 02:00:00,0,1,2,5.258889257393167,193,0,1,52,178,32.58532783275202
2024-07-25 03:00:00,0,2,0,1.5473356179077793,60,0,1,64,120,38.05088934288708
2024-07-25 04:00:00,1,2,1,9.946016079146917,196,1,1,17,223,64.49218668984399
2024-07-25 05:00:00,1,1,2,4.913136624767569,397,1,1,73,394,42.17584532948762
2024-07-25 06:00:00,2,2,1,9.602094481954948,462,0,1,21,386,47.80278265070621
2024-07-25 07:00:00,2,1,0,6.277249745595444,359,1,0,50,268,23.447249624593343
2024-07-25 08:00:00,2,2,2,12.47046853532823,486,0,0,53,329,65.7197229521044
2024-07-25 09:00:00,0,1,1,19.82667035060523,244,1,1,20,294,56.18273044457689
2024-07-25 10:00:00,2,2,2,11.397406493521634,125,1,0,28,144,49.86636011962008
2024-07-25 11:00:00,0,2,0,13.29102242096263,209,0,1,69,176,57.08240892399456
2024-07-25 12:00:00,2,0,0,18.466239397272822,149,0,1,81,164,78.96944723297531
2024-07-25 13:00:00,0,0,0,8.106007936776741,165,0,0,36,102,56.000279704180215
2024-07-25 14:00:00,2,2,0,4.1644205459260775,429,0,1,80,344,33.4570993681474
2024-07-25 15:00:00,0,1,2,6.373148375680512,132,0,0,94,121,28.699659554375906
2024-07-25 16:00:00,0,2,2,8.653103873576436,361,1,1,36,352,38.995512988427066
2024-07-25 17:00:00,2,2,1,13.255335943860926,112,1,1,23,144,49.36915053945855
2024-07-25 18:00:00,2,0,1,1.0871725591646997,181,1,1,33,218,51.17009275234837
2024-07-25 19:00:00,0,1,2,17.2142810805727,297,1,0,73,271,51.73120330699768
2024-07-25 20:00:00,2,1,2,2.445785487946779,444,0,0,33,318,22.09424236135329
2024-07-25 21:00:00,2,2,1,18.11244782945246,180,1,1,11,215,63.8611160463598
2024-07-25 22:00:00,1,2,2,19.03925590289308,460,1,0,61,351,82.54254382177653
2024-07-25 23:00:00,0,1,0,19.811953088130547,416,1,1,21,382,60.57819522431478
2024-07-26 00:00:00,1,2,0,16.380693503730676,477,1,0,74,314,77.08897594059529
2024-07-26 01:00:00,2,2,0,3.6952549928629,451,0,1,69,367,34.87053129669028
2024-07-26 02:00:00,2,0,1,14.41717382127854,207,0,1,67,174,76.8304361244163
2024-07-26 03:00:00,1,2,2,4.863104521555353,265,1,1,94,252,45.62415568551362
2024-07-26 04:00:00,0,1,1,18.045428876027675,375,1,0,51,309,61.02954784619265
2024-07-26 05:00:00,0,1,1,7.01551258745155,480,1,1,10,430,35.82133587633343
2024-07-26 06:00:00,2,1,2,7.209123564425782,83,1,0,31,94,26.9057471970438
2024-07-26 07:00:00,2,2,1,18.435412622382465,424,0,0,81,294,61.792626685862125
2024-07-26 08:00:00,2,2,0,1.2513903448903867,381,1,0,22,294,36.41010321687271
2024-07-26 09:00:00,2,1,2,4.685356878187825,347,0,0,87,207,24.056726187314386
2024-07-26 10:00:00,2,2,0,9.016713064705646,328,1,0,74,267,47.76457324177027
2024-07-26 11:00:00,2,2,0,14.313709778893667,345,0,1,47,303,55.07233475983214
2024-07-26 12:00:00,1,1,2,13.303757154849972,64,1,1,73,113,63.48758975409863
2024-07-26 13:00:00,2,1,0,13.718825628175832,164,0,0,85,104,41.78979623600876
2024-07-26 14:00:00,0,0,0,17.72041853980262,106,0,0,61,71,85.73006278517022
2024-07-26 15:00:00,1,1,0,3.299577833571876,416,0,1,89,337,35.089243202409115
2024-07-26 16:00:00,0,2,2,10.921072228156635,191,1,1,97,223,53.100902395754765
2024-07-26 17:00:00,2,2,2,14.784076092947284,256,1,0,93,220,48.73818118337911
2024-07-26 18:00:00,0,2,2,13.086250415559126,189,0,0,41,112,51.393497545712194
2024-07-26 19:00:00,0,2,1,9.517968278846082,156,0,0,36,118,49.27858585370867
2024-07-26 20:00:00,0,2,0,1.3251771315711154,422,1,0,70,326,32.179101969519635
2024-07-26 21:00:00,0,0,1,2.148593047309808,340,1,1,95,341,41.2769486397039
2024-07-26 22:00:00,1,0,1,3.259885210222896,458,0,1,71,373,62.83615044294518
2024-07-26 23:00:00,0,2,0,7.5213273038719075,127,1,0,12,136,45.926744603193086
2024-07-27 00:00:00,2,1,2,3.2354156006757906,51,0,0,90,55,16.964243083181348
2024-07-27 01:00:00,0,1,1,9.09556394818956,323,1,0,87,275,43.32185602906081
2024-07-27 02:00:00,2,2,2,4.394197821126008,84,1,0,93,113,34.09101018495949
2024-07-27 03:00:00,1,2,2,15.804157752997916,314,0,1,40,300,66.84181330196348
2024-07-27 04:00:00,2,1,0,17.558264717532097,444,1,0,73,326,54.05198336801432
2024-07-27 05:00:00,2,1,1,8.40330265139534,267,1,1,51,264,22.13372960337801
2024-07-27 06:00:00,1,2,1,10.715303540997136,116,1,0,67,110,53.2347883601866
2024-07-27 07:00:00,0,1,2,19.11642858965789,118,0,1,52,158,51.309049490773766
2024-07-27 08:00:00,2,2,0,11.174647351623788,273,0,0,41,190,48.6384162972394
2024-07-27 09:00:00,2,2,1,19.906391101025072,410,1,0,39,312,67.98282788553891
2024-07-27 10:00:00,1,2,2,3.7004888801490377,343,0,1,92,270,43.203840198835465
2024-07-27 11:00:00,2,1,2,17.38230199133727,375,1,1,70,367,51.70923998507186
2024-07-27 12:00:00,1,1,2,10.446857050786342,252,0,1,37,233,57.80664729266661
2024-07-27 13:00:00,2,1,0,1.4315681137436949,130,0,0,54,61,14.96040599647079
2024-07-27 14:00:00,0,1,0,19.472235887347622,492,1,1,19,422,51.99559193475013
2024-07-27 15:00:00,1,2,2,19.3359100951238,115,1,0,25,80,90.40882600722551
2024-07-27 16:00:00,2,2,2,8.282145963474857,346,1,0,40,298,42.68037683343558
2024-07-27 17:00:00,2,1,0,19.128699350632196,329,0,1,19,280,47.271047117139545
2024-07-27 18:00:00,2,1,2,3.6791832025323687,483,1,1,83,424,19.80033220633281
2024-07-27 19:00:00,0,1,2,13.922092681292964,310,1,1,21,278,35.28697011962685
2024-07-27 20:00:00,0,0,0,4.646650750868856,326,1,0,37,255,48.98809111371696
2024-07-27 21:00:00,0,2,2,5.686297490361725,55,0,0,27,50,42.05437610053016
2024-07-27 22:00:00,2,0,2,15.807411306849502,181,0,0,61,120,73.00964801902106
2024-07-27 23:00:00,2,0,2,8.169803606740604,314,0,1,37,259,47.709971726088696
2024-07-28 00:00:00,2,2,0,1.1354225537438023,374,1,1,37,385,29.48582085170288
2024-07-28 01:00:00,2,2,0,8.870530059716296,117,1,0,73,89,40.74226503087188
2024-07-28 02:00:00,0,1,0,5.33331709202623,175,0,1,23,159,32.38367578354599
2024-07-28 03:00:00,1,2,1,13.983268357607534,442,1,0,17,332,75.10690583489964
2024-07-28 04:00:00,0,1,1,4.694525237746506,451,0,1,12,376,33.28468487834131
2024-07-28 05:00:00,2,0,1,17.00281704029304,364,0,1,83,310,73.95962678947886
2024-07-28 06:00:00,1,1,1,6.074767230055121,220,0,1,18,202,40.36939357886507
2024-07-28 07:00:00,0,2,0,8.46753690737726,385,0,0,56,247,42.3437870645738
2024-07-28 08:00:00,1,1,2,6.662700355144862,499,0,1,72,404,36.62738323324795
2024-07-28 09:00:00,0,0,0,13.23454360837795,78,1,0,49,57,67.19523503651608
2024-07-28 10:00:00,2,1,1,2.9221072833015374,225,1,0,86,190,24.703079360964097
2024-07-28 11:00:00,2,2,0,10.083888081266638,356,0,0,95,237,43.86339554542637
2024-07-28 12:00:00,0,2,2,7.354641489086105,475,1,0,33,389,36.19777880427778
2024-07-28 13:00:00,2,1,1,17.79862130247798,341,0,1,80,300,47.559352857862976
2024-07-28 14:00:00,2,2,2,2.394829777913455,381,1,0,22,317,35.804771632784984
2024-07-28 15:00:00,0,0,2,16.764206233724238,154,0,1,15,160,76.80725392400792
2024-07-28 16:00:00,0,1,2,4.185929054068273,94,1,0,83,130,21.142235015246683
2024-07-28 17:00:00,0,0,1,2.682975538669148,150,0,1,60,170,51.92881977803303
2024-07-28 18:00:00,2,2,0,4.844134304337151,275,0,0,69,171,35.52209394085632
2024-07-28 19:00:00,2,0,1,2.9504066582243973,468,0,1,84,368,42.53354254167235
2024-07-28 20:00:00,0,1,1,10.898695015840383,153,0,0,38,119,43.4045017095975
2024-07-28 21:00:00,1,2,0,19.77608410539985,311,0,0,25,222,80.9915704906725
2024-07-28 22:00:00,0,0,0,1.652219686560918,302,1,1,93,300,48.5789719141455
2024-07-28 23:00:00,1,2,0,9.761438637069766,214,0,1,73,206,66.12260156895125
2024-07-29 00:00:00,0,2,0,8.335336253049373,341,1,1,94,290,47.98485783840116
2024-07-29 01:00:00,0,1,2,7.452521870681607,261,0,1,64,240,34.56701007962485
2024-07-29 02:00:00,2,1,1,7.305408598233857,193,0,0,38,157,30.266297207053867
2024-07-29 03:00:00,0,2,1,18.00524237590278,285,1,1,87,304,67.10909828470143
2024-07-29 04:00:00,0,2,1,1.3605468539596768,71,0,0,64,102,34.790033711059415
2024-07-29 05:00:00,0,2,0,15.723411360222627,118,0,1,69,141,61.141254188890656
2024-07-29 06:00:00,2,1,1,5.805730397312892,118,0,1,50,129,34.020391562368104
2024-07-29 07:00:00,0,2,2,8.282614705533922,295,0,0,89,237,41.50110562786989
2024-07-29 08:00:00,2,1,1,8.982848344122978,112,0,1,18,110,37.13458462299354
2024-07-29 09:00:00,0,2,1,6.789903327401125,286,0,1,15,240,41.02525790883788
2024-07-29 10:00:00,2,0,2,2.777618374872559,380,1,1,38,354,45.70019312026351
2024-07-29 11:00:00,1,2,2,3.1722861277592607,412,0,1,27,321,52.068226445956654
2024-07-29 12:00:00,2,1,1,6.664491357570242,68,1,1,33,151,31.44641731128108
2024-07-29 13:00:00,2,0,0,16.614372004857763,280,0,1,60,263,73.66085194953988
2024-07-29 14:00:00,2,2,0,3.557925402960825,278,0,1,26,234,31.657156739294766
2024-07-29 15:00:00,0,2,1,15.110156829772684,407,1,1,30,381,54.483422617296526
2024-07-29 16:00:00,2,1,1,6.488524859156466,431,1,1,92,397,34.683903685195446
2024-07-29 17:00:00,2,2,1,17.785833767129763,176,0,1,71,180,61.174080487854646
2024-07-29 18:00:00,0,1,1,9.138241032612177,195,1,0,96,171,40.77362565551873
2024-07-29 19:00:00,2,2,0,4.262742952650136,419,0,1,84,328,40.32238562315216
2024-07-29 20:00:00,1,1,1,19.731044552099696,378,0,1,99,342,67.93664055279784
2024-07-29 21:00:00,1,1,2,4.356055865368321,163,0,1,63,149,33.11085013610038
2024-07-29 22:00:00,0,1,0,11.784776603413118,292,1,1,20,287,40.09938147341758
2024-07-29 23:00:00,2,1,0,11.816443083826549,194,1,0,52,195,32.927301923104395
2024-07-30 00:00:00,0,1,2,8.083455572377817,90,1,1,95,152,44.70451918430352
2024-07-30 01:00:00,2,2,1,19.078283258433487,210,1,1,92,282,60.84199471463453
2024-07-30 02:00:00,2,1,1,17.033616685822903,488,0,0,17,322,39.641857090945045
2024-07-30 03:00:00,2,2,1,16.766571655926597,387,1,1,32,345,51.50669567253283
2024-07-30 04:00:00,1,1,1,19.50888677316008,457,1,1,62,405,79.41987559178665
2024-07-30 05:00:00,2,0,1,9.68507742573002,126,1,0,96,145,60.780978277102506
2024-07-30 06:00:00,0,0,2,2.8465297367805564,217,0,0,49,153,55.165823746341125
2024-07-30 07:00:00,0,1,1,15.543662583546082,333,0,1,18,294,44.66679951755628
2024-07-30 08:00:00,2,2,2,8.235439009586742,159,0,1,33,193,46.8434947000294
2024-07-30 09:00:00,2,1,2,4.616557884266848,244,1,1,85,217,17.854320249790224
2024-07-30 10:00:00,1,0,2,10.181699521184814,277,0,1,85,210,74.14312607353024
2024-07-30 11:00:00,0,2,1,18.5886598631761,216,0,1,11,188,68.65080911337893
2024-07-30 12:00:00,0,1,1,4.25578336127794,70,0,0,79,45,28.609810931620668
2024-07-30 13:00:00,2,1,0,17.125277489365097,214,1,1,13,213,50.21799595172398
2024-07-30 14:00:00,2,1,0,8.94589389068723,179,1,0,70,191,28.97312832414624
2024-07-30 15:00:00,2,1,2,3.5992376333596976,311,0,0,86,220,21.109176206474658
2024-07-30 16:00:00,2,2,0,17.11926377578447,101,0,1,73,146,53.82567311732476
2024-07-30 17:00:00,2,2,2,19.422786482637143,310,0,1,45,264,70.83230921887657
2024-07-30 18:00:00,1,1,0,6.534143600865221,224,0,1,50,204,42.47610380541197
2024-07-30 19:00:00,2,1,1,6.767187986999309,348,0,0,47,222,23.277909192323328
2024-07-30 20:00:00,2,1,1,8.420373677758729,145,1,0,91,140,40.68749749746025
2024-07-30 21:00:00,0,1,2,16.468476924755336,406,0,0,24,307,50.56860165299335
2024-07-30 22:00:00,0,0,2,1.1979267380504963,419,0,1,57,354,51.18431974619744
2024-07-30 23:00:00,2,1,1,5.255174483013153,89,0,1,39,125,22.951984194893463
2024-07-31 00:00:00,0,2,1,14.412096411020196,444,1,0,72,341,59.22787819886067
2024-07-31 01:00:00,2,1,1,8.707149559224995,258,1,1,34,251,35.81913502798139
2024-07-31 02:00:00,2,1,0,7.275616836394423,191,0,0,13,121,28.48117634102845
2024-07-31 03:00:00,2,2,0,17.573374889138332,307,1,1,27,314,62.764624394845455
2024-07-31 04:00:00,1,2,0,18.429344482778543,216,1,1,54,219,82.59837226424726
2024-07-31 05:00:00,2,2,0,19.011738164157716,240,1,1,93,253,58.32912532247002
2024-07-31 06:00:00,2,2,2,6.178460120431636,368,0,0,94,241,28.8207197039712
2024-07-31 07:00:00,2,2,2,18.33773958124303,168,0,0,74,98,59.553813697662605
2024-07-31 08:00:00,1,1,0,15.002345539818489,195,0,1,82,203,64.48455107576889
2024-07-31 09:00:00,2,2,2,3.930080221283032,399,0,0,74,280,30.294332000591943
2024-07-31 10:00:00,2,2,0,12.595130537855995,384,0,0,36,289,56.020496646187134
2024-07-31 11:00:00,2,1,0,1.5003615668328332,178,1,0,88,157,20.941148072961493
2024-07-31 12:00:00,2,2,1,14.459184959646436,194,1,1,97,246,57.188232915256215
2024-07-31 13:00:00,0,1,0,14.93778293036783,103,1,1,69,176,49.22560954937356
2024-07-31 14:00:00,0,1,2,15.99743166330495,171,0,1,68,154,48.80303604415454
2024-07-31 15:00:00,2,2,0,4.277976028326263,173,1,0,34,181,32.54420242761781
2024-07-31 16:00:00,2,0,1,12.936748878003089,216,0,0,43,135,65.95375514339865
2024-07-31 17:00:00,2,0,2,4.398277011725433,481,0,0,59,363,48.74711975779237
2024-07-31 18:00:00,2,1,1,18.98635158439434,371,1,0,64,329,53.466672415292905
2024-07-31 19:00:00,2,2,0,13.825203160935857,192,1,0,19,180,51.078623238676926
2024-07-31 20:00:00,0,2,0,2.811191112077059,71,0,0,67,47,33.68137237989983
2024-07-31 21:00:00,1,1,0,4.553612370110633,325,1,1,98,296,44.69198637737031
2024-07-31 22:00:00,1,2,0,13.605741864465209,398,1,1,12,412,62.57598315592573
2024-07-31 23:00:00,1,2,2,10.056739427032564,476,1,1,95,395,59.13123498253004
2024-08-01 00:00:00,0,0,0,14.98965565800669,489,0,1,97,364,82.62605204825844
2024-08-01 01:00:00,0,1,1,6.334987179587523,457,0,0,65,305,31.984618963359043
2024-08-01 02:00:00,2,1,2,13.50043320009446,348,1,0,36,292,46.379437278856905
2024-08-01 03:00:00,0,0,2,4.362243192578341,326,1,0,99,219,51.04868048176454
2024-08-01 04:00:00,2,2,2,11.33049500385963,353,0,0,25,229,42.58623494651441
2024-08-01 05:00:00,2,0,1,19.19819223944974,371,0,1,47,306,87.37623599267219
2024-08-01 06:00:00,0,1,1,12.93622241352874,164,0,1,62,199,40.84353396591693
2024-08-01 07:00:00,2,2,1,1.9498787325934133,321,0,1,77,267,28.95992723654847
2024-08-01 08:00:00,2,2,1,19.78648061699591,217,1,1,32,237,72.317869754112
2024-08-01 09:00:00,1,1,0,3.9804602633284474,326,0,1,92,303,32.23345097057176
2024-08-01 10:00:00,2,2,0,14.643312951244996,485,0,0,65,335,57.53517351170683
2024-08-01 11:00:00,2,2,1,11.118070742219723,406,1,0,88,294,49.87542890202064
2024-08-01 12:00:00,1,1,1,6.592853068281772,313,1,1,97,317,43.23097738874919
2024-08-01 13:00:00,0,1,0,4.368899223126473,299,1,1,84,263,37.68175432309835
2024-08-01 14:00:00,0,2,0,4.376344921257599,415,0,0,62,291,40.10336749605561
2024-08-01 15:00:00,2,2,1,17.309593942955047,488,0,1,83,409,60.21644560241023
2024-08-01 16:00:00,2,0,2,17.585337769105045,304,1,0,81,244,70.98243254287483
2024-08-01 17:00:00,1,1,2,9.837764910869527,391,0,0,76,262,49.38946041647031
2024-08-01 18:00:00,0,1,1,2.968807795574504,107,0,0,28,95,28.994393174402383
2024-08-01 19:00:00,0,0,2,17.79913697308901,54,0,1,13,85,84.86159446435032
2024-08-01 20:00:00,2,0,0,10.253313237326692,475,1,1,38,413,64.1037932501075
2024-08-01 21:00:00,2,1,2,9.33648603447136,160,1,0,54,155,25.39549679559753
2024-08-01 22:00:00,1,2,1,8.739783464314783,414,0,0,30,321,57.28572519162014
2024-08-01 23:00:00,2,1,2,7.935269303324907,335,0,0,63,221,26.92216538243331
2024-08-02 00:00:00,0,1,2,10.99410266856329,400,0,0,82,278,34.688672770685244
2024-08-02 01:00:00,2,1,2,12.48628330562238,314,0,0,61,179,37.015350318464456
2024-08-02 02:00:00,0,1,0,9.86221186788616,298,0,0,27,232,37.5680278483476
2024-08-02 03:00:00,1,0,0,18.036315105645844,144,1,0,92,124,86.29514733175327
2024-08-02 04:00:00,0,2,0,7.035563342060449,400,1,1,26,375,44.18698367201805
2024-08-02 05:00:00,2,0,1,11.987925278948843,346,0,0,53,274,67.66436443007863
2024-08-02 06:00:00,0,2,2,6.69912448368572,356,1,0,33,292,45.8406082053535
2024-08-02 07:00:00,0,2,0,15.31365045205815,234,0,1,15,240,58.45116679898662
2024-08-02 08:00:00,2,2,0,2.9403008872364773,278,0,1,36,266,35.03727095266042
2024-08-02 09:00:00,1,0,2,4.585280939111318,366,0,0,56,264,61.00449408762548
2024-08-02 10:00:00,0,2,1,16.222826788612064,311,1,1,55,262,70.33460343305342
2024-08-02 11:00:00,1,2,2,4.480754309171235,168,1,0,44,109,49.99613017649799
2024-08-02 12:00:00,0,0,1,12.889180577700062,283,1,0,66,263,75.10777266327881
2024-08-02 13:00:00,2,1,2,19.43462558617974,331,1,1,21,329,51.54472783310317
2024-08-02 14:00:00,2,2,0,10.93492166155335,251,1,0,38,222,45.68365689199612
2024-08-02 15:00:00,2,0,0,4.560532480461315,311,1,1,66,298,49.62303238016512
2024-08-02 16:00:00,1,0,0,7.093129868160113,102,0,1,79,113,68.60033863163152
2024-08-02 17:00:00,0,1,1,16.645703452630528,366,0,1,64,302,51.35452718311897
2024-08-02 18:00:00,0,2,2,7.681557349279501,210,0,1,46,188,38.76496517086698
2024-08-02 19:00:00,2,2,1,14.746715821566458,293,0,0,80,212,51.49393764050893
2024-08-02 20:00:00,2,1,0,15.769651194796191,478,1,0,79,388,41.01399391443741
2024-08-02 21:00:00,0,2,1,10.52247409765812,143,1,0,62,120,42.50403760994913
2024-08-02 22:00:00,2,1,1,15.88105430296139,89,0,0,92,78,47.74152915468333
2024-08-02 23:00:00,2,1,1,7.021157084136074,329,1,1,23,322,25.21202583185757
2024-08-03 00:00:00,0,2,2,10.80703328761171,141,1,1,30,186,57.74989620255753
2024-08-03 01:00:00,2,2,1,14.04460701547067,350,1,1,87,340,49.50974581348816
2024-08-03 02:00:00,2,2,1,4.193389798783228,87,1,1,23,129,29.025217971402416
2024-08-03 03:00:00,2,2,1,6.1988173802616044,462,1,0,62,350,42.55123450487862
2024-08-03 04:00:00,2,1,0,13.38869546447939,292,1,1,99,247,44.66919910031582
2024-08-03 05:00:00,1,1,0,13.451842276761516,413,0,1,76,345,61.82218158499707
2024-08-03 06:00:00,2,1,2,10.3727502826066,185,1,1,88,218,34.46893104600411
2024-08-03 07:00:00,2,1,0,16.11612177886029,113,1,1,94,165,39.09868015855443
2024-08-03 08:00:00,2,2,2,10.159043138094535,392,0,1,57,320,48.40331055114092
2024-08-03 09:00:00,0,2,0,17.745123042860932,412,0,0,87,296,69.9997852939216
2024-08-03 10:00:00,2,1,2,14.982165186566965,250,0,0,65,161,43.50358890767064
2024-08-03 11:00:00,0,1,2,6.979202402763485,356,0,0,48,254,41.959062491423374
2024-08-03 12:00:00,2,2,2,8.509826161206554,311,0,1,50,288,44.72104339315555
2024-08-03 13:00:00,2,1,0,13.686047029627067,224,0,1,57,169,42.43886933782288
2024-08-03 14:00:00,2,0,1,17.994599757646334,226,0,1,37,203,78.99127106641612
2024-08-03 15:00:00,1,2,0,4.395465921366666,134,0,1,11,127,44.39772826221571
2024-08-03 16:00:00,1,1,1,10.778607236097622,209,0,0,31,168,52.15877911638677
2024-08-03 17:00:00,2,1,0,3.256904005163157,231,1,0,80,209,14.839853216629791
2024-08-03 18:00:00,0,2,1,6.309647951082493,85,1,1,70,164,43.48164167452602
2024-08-03 19:00:00,1,1,0,14.033645826571604,394,0,1,89,340,58.968316643049725
2024-08-03 20:00:00,2,1,2,2.4769580697150726,148,0,0,45,137,21.003602839132352
2024-08-03 21:00:00,1,1,2,13.584813055888102,275,0,0,75,198,56.403952849866734
2024-08-03 22:00:00,2,2,2,18.115411297960645,452,1,0,90,339,56.4229820001457
2024-08-03 23:00:00,1,2,1,19.418035529350856,86,0,1,58,118,89.02063864710465
2024-08-04 00:00:00,0,1,1,5.116011819484795,322,1,1,12,306,25.463382264773124
2024-08-04 01:00:00,1,2,2,15.22906117554964,321,1,1,32,322,64.7532361762021
2024-08-04 02:00:00,0,2,1,18.601038525405063,235,1,0,68,205,66.7236735711583
2024-08-04 03:00:00,2,2,2,2.736016906139284,477,1,1,37,406,29.82829794586679
2024-08-04 04:00:00,1,1,0,8.8664485612949,98,0,1,81,114,48.728640557244304
2024-08-04 05:00:00,2,2,1,18.468785570571157,143,0,0,42,65,65.59075264881514
2024-08-04 06:00:00,2,0,1,4.852962466841772,356,0,0,77,242,44.85002219242084
2024-08-04 07:00:00,0,1,0,18.741452991968995,275,0,0,80,189,64.05219424791116
2024-08-04 08:00:00,0,1,1,11.016649350667793,54,0,1,20,62,40.38714875128993
2024-08-04 09:00:00,1,1,1,2.897968568213558,402,1,1,17,362,27.984887780810485
2024-08-04 10:00:00,2,1,1,9.547669018354783,491,1,0,29,421,36.3471139127518
2024-08-04 11:00:00,0,1,0,7.198962713874258,223,0,1,71,216,33.59127179275154
2024-08-04 12:00:00,0,0,2,6.361879050484358,232,1,1,52,226,58.47941497452088
2024-08-04 13:00:00,2,0,2,11.288035937039991,122,1,1,84,167,66.89268535226633
2024-08-04 14:00:00,2,1,0,10.188261124285532,194,0,0,95,115,41.72450249996986
2024-08-04 15:00:00,2,2,0,10.157376032781746,445,1,0,79,368,40.84212976731884
2024-08-04 16:00:00,2,2,0,2.6746928909591907,201,1,0,16,164,18.765365322518345
2024-08-04 17:00:00,1,2,2,16.244045439515595,105,0,0,19,63,70.69714604711622
2024-08-04 18:00:00,0,2,0,10.14734699176011,232,1,1,49,271,47.34383347445297
2024-08-04 19:00:00,0,1,2,16.59721074533561,171,0,1,13,176,52.01726135637464
2024-08-04 20:00:00,1,2,0,16.667298189468056,293,1,0,82,241,65.51753483070556
2024-08-04 21:00:00,2,2,1,7.02557117211282,431,1,0,28,342,37.02621895179466
2024-08-04 22:00:00,1,2,2,1.0825797723446349,253,0,1,47,212,38.3238868327143
2024-08-04 23:00:00,2,2,2,18.31366787170425,128,1,1,31,210,56.475820468486845
2024-08-05 00:00:00,1,1,0,15.453199168638566,65,1,0,10,64,52.3679266753606
2024-08-05 01:00:00,2,1,1,3.0377871796459512,175,0,1,62,180,18.85690442635151
2024-08-05 02:00:00,1,0,2,14.332813646058923,136,1,0,30,147,89.43133744264397
2024-08-05 03:00:00,2,2,0,1.3804421047087314,327,1,1,16,351,25.933994279337607
2024-08-05 04:00:00,2,0,1,1.527422315193271,415,0,0,16,287,33.61531000378796
2024-08-05 05:00:00,0,1,2,10.990641552359008,477,0,1,95,362,50.08521653998461
2024-08-05 06:00:00,2,2,0,2.824711155490585,400,1,0,86,327,21.749235737878188
2024-08-05 07:00:00,0,2,1,19.322393927213454,92,1,0,32,86,68.08550231631132
2024-08-05 08:00:00,2,0,2,17.98279330635499,128,0,1,69,125,72.79848032768074
2024-08-05 09:00:00,0,1,2,13.346428593709811,326,1,0,95,241,43.49955219852271
2024-08-05 10:00:00,2,1,1,2.2104704459279523,428,0,1,99,333,16.595346279157553
2024-08-05 11:00:00,2,2,0,7.171869898334237,313,1,0,27,254,42.096160165014425
2024-08-05 12:00:00,2,0,0,8.062736960214835,354,0,0,80,226,55.59527869449555
2024-08-05 13:00:00,2,0,1,10.136716880745292,277,0,0,75,182,64.57770320832807
2024-08-05 14:00:00,2,0,2,4.209154606122592,174,0,0,62,135,59.99370935207028
2024-08-05 15:00:00,2,0,1,11.972721213146722,155,0,0,28,113,67.43654547679975
2024-08-05 16:00:00,2,1,1,9.279642310275245,279,1,0,73,251,36.75687558168506
2024-08-05 17:00:00,2,1,1,18.998642304464312,183,1,1,23,232,51.43104453149449
2024-08-05 18:00:00,0,1,2,18.787709362879163,130,0,0,34,94,61.7704173618884
2024-08-05 19:00:00,1,1,1,11.744005151459476,409,0,1,42,330,54.62544942636759
2024-08-05 20:00:00,2,0,1,13.242637383820169,158,0,1,57,160,63.63949703657687
2024-08-05 21:00:00,0,0,2,3.6181328877011065,224,1,1,48,232,52.28256530704846
2024-08-05 22:00:00,0,1,2,5.24314153796326,213,0,1,93,177,28.13326932364316
2024-08-05 23:00:00,2,2,1,18.11359267983628,174,1,1,14,228,64.72643268497413
2024-08-06 00:00:00,0,0,0,14.284152535018965,397,1,1,30,382,66.40434723300288
2024-08-06 01:00:00,2,2,1,4.5991737483784725,426,0,0,68,305,33.824786436753
2024-08-06 02:00:00,0,1,2,11.833995815391235,416,1,1,86,377,47.6530902688472
2024-08-06 03:00:00,2,2,2,18.76046375929953,72,1,0,23,95,68.39130348852285
2024-08-06 04:00:00,0,1,2,7.558251017076168,464,0,0,72,342,33.77859709975442
2024-08-06 05:00:00,0,2,0,4.530587134862619,415,1,0,63,305,42.7767828151673
2024-08-06 06:00:00,2,2,2,18.89848026127287,380,0,0,89,262,68.37575791373891
2024-08-06 07:00:00,2,1,0,9.764041845549883,111,1,0,54,141,33.729715069408094
2024-08-06 08:00:00,1,0,2,8.927597974592562,261,0,1,59,235,79.83364201605917
2024-08-06 09:00:00,2,2,2,6.083776796062255,301,1,0,50,266,35.34289072645374
2024-08-06 10:00:00,0,2,1,17.94012060399574,145,1,0,10,175,59.308234619335245
2024-08-06 11:00:00,1,0,0,17.066718570901926,258,1,1,11,295,85.3750399336665
2024-08-06 12:00:00,0,1,1,8.656817589298328,106,0,1,81,99,36.62752304743531
2024-08-06 13:00:00,0,1,0,1.581652318044498,283,1,0,22,260,27.078001864906547
2024-08-06 14:00:00,0,0,2,9.486377179616651,407,1,1,28,382,57.0506444860067
2024-08-06 15:00:00,1,1,2,4.436302315021012,375,1,1,60,374,38.98499442112641
2024-08-06 16:00:00,2,2,0,3.7119473328287422,114,0,0,11,27,39.98511377443739
2024-08-06 17:00:00,2,1,1,8.468778626013048,342,0,0,19,253,30.216521521449863
2024-08-06 18:00:00,2,1,0,2.882461809547917,373,0,0,78,268,23.07429430204948
2024-08-06 19:00:00,1,2,0,19.191825631701636,380,1,0,96,314,78.49332672664019
2024-08-06 20:00:00,0,1,0,1.9032444538443545,66,1,1,39,114,23.909160480116157
2024-08-06 21:00:00,2,2,2,8.626022920575817,184,0,1,74,184,37.14448497343081
2024-08-06 22:00:00,1,2,0,4.091351338602204,357,0,0,53,262,42.29833342536234
2024-08-06 23:00:00,2,0,2,14.087415109046368,468,1,0,51,398,68.71290018795382
2024-08-07 00:00:00,2,2,1,2.497417535076673,179,1,0,12,175,32.71619438083933
2024-08-07 01:00:00,0,1,2,11.389305909964053,473,1,0,39,383,45.31969012831146
2024-08-07 02:00:00,2,0,1,15.688928408836814,86,0,0,46,60,74.71561324635407
2024-08-07 03:00:00,1,2,1,19.051136865930445,299,1,0,37,222,80.51892942711304
2024-08-07 04:00:00,2,2,1,14.27202369641884,106,0,1,60,139,52.62667914459425
2024-08-07 05:00:00,1,0,2,2.8903433950570867,406,0,0,94,285,57.40900540321911
2024-08-07 06:00:00,0,2,0,2.68189044456868,59,0,1,22,118,39.90841675649474
2024-08-07 07:00:00,2,2,2,14.900362922223252,130,0,0,49,76,51.47546198045785
2024-08-07 08:00:00,1,2,1,5.091258695065904,479,1,1,35,437,50.23623346601352
2024-08-07 09:00:00,0,1,0,9.497546864031728,139,0,0,39,93,29.197500837309416
2024-08-07 10:00:00,2,1,2,19.55580092567582,438,1,1,33,423,61.651980907267095
2024-08-07 11:00:00,2,2,1,16.578229169673634,438,0,1,47,344,55.93327078927896
2024-08-07 12:00:00,1,1,1,17.085273788703812,169,0,0,78,121,54.79923656215637
2024-08-07 13:00:00,2,1,0,17.354628189833495,151,0,0,25,102,56.53844053654346
2024-08-07 14:00:00,2,1,2,12.7713614623096,76,0,0,64,77,40.33136871374831
2024-08-07 15:00:00,2,2,0,15.134744553387089,310,1,0,58,266,55.037878762791706
2024-08-07 16:00:00,2,1,0,7.8202573780514575,110,1,0,89,80,38.9639371522936
2024-08-07 17:00:00,0,2,0,19.970478304884164,185,1,1,61,200,67.71518583878606
2024-08-07 18:00:00,2,1,0,6.312821223438256,464,1,0,58,318,34.703557087024166
2024-08-07 19:00:00,2,2,2,12.210140662766872,146,0,1,73,165,43.06980463977523
2024-08-07 20:00:00,2,2,0,6.359171888102673,198,1,1,57,173,39.89765690468606
2024-08-07 21:00:00,2,2,1,3.12934996064139,276,1,0,83,244,32.80101741754999
2024-08-07 22:00:00,1,1,1,11.784130482029855,326,0,0,91,222,57.22255559283486
2024-08-07 23:00:00,2,0,1,7.713624746456655,356,0,0,47,273,50.496012509957104
2024-08-08 00:00:00,1,0,0,12.081166082944366,384,0,0,26,250,71.19407908948396
2024-08-08 01:00:00,2,0,1,11.614891056634864,277,1,1,50,274,74.66744915786806
2024-08-08 02:00:00,2,0,2,11.30287785372767,364,1,1,63,347,67.68316297050501
2024-08-08 03:00:00,1,2,0,3.342721318884059,298,0,1,49,236,45.57561845762778
2024-08-08 04:00:00,2,2,0,9.363434712656783,307,1,1,40,303,46.37465244280935
2024-08-08 05:00:00,0,2,0,16.428074848577044,463,0,0,99,304,59.80594535384032
2024-08-08 06:00:00,1,2,2,6.987726415348081,363,0,1,35,315,54.42414233372965
2024-08-08 07:00:00,2,0,0,9.43279860054924,269,1,0,85,242,54.89340190239876
2024-08-08 08:00:00,2,2,0,10.382800216085093,285,0,1,27,269,45.038157210731605
2024-08-08 09:00:00,0,0,1,17.39189493924315,69,1,1,44,117,73.67439757560898
2024-08-08 10:00:00,2,1,1,13.45639561529436,473,0,1,84,398,50.63284297389581
2024-08-08 11:00:00,2,0,0,2.903848161908966,462,0,1,65,343,45.14693756531787
2024-08-08 12:00:00,2,2,2,17.438248730295403,438,0,0,39,281,56.51948009919883
2024-08-08 13:00:00,2,2,1,16.80925353415971,394,0,0,54,281,53.85307382056803
2024-08-08 14:00:00,0,1,0,15.319273631384332,187,1,1,84,194,58.80909639693521
2024-08-08 15:00:00,2,2,1,9.855102348057915,238,0,0,61,189,44.7408073068444
2024-08-08 16:00:00,2,0,1,15.39336228623033,154,0,1,77,174,77.91381489261146
2024-08-08 17:00:00,0,1,2,10.096099190212389,417,1,1,64,426,41.27021550985039
2024-08-08 18:00:00,2,2,0,14.995847152216095,434,0,1,19,345,58.13924877430056
2024-08-08 19:00:00,2,1,1,17.72209313447819,480,1,0,63,386,51.60559298835416
2024-08-08 20:00:00,0,0,0,17.92029011748134,147,1,1,43,194,74.87963251380384
2024-08-08 21:00:00,2,2,2,9.636992909561638,490,1,0,72,380,50.82454441573263
2024-08-08 22:00:00,0,1,2,17.327510907688556,319,0,1,40,302,56.157761146543805
2024-08-08 23:00:00,1,1,1,2.927690229646549,202,1,0,73,175,32.91915808130911
2024-08-09 00:00:00,2,2,2,2.9345689322488395,267,0,1,59,237,30.82098939209692
2024-08-09 01:00:00,0,1,1,11.41707199048212,70,1,1,37,150,44.7104876377632
2024-08-09 02:00:00,2,2,0,13.38504775066911,321,1,0,46,284,49.76291494783182
2024-08-09 03:00:00,2,0,1,3.906881743589651,251,1,1,41,252,43.73735504416659
2024-08-09 04:00:00,1,0,1,9.971420851313866,209,0,1,90,217,69.70077473957444
2024-08-09 05:00:00,1,1,2,2.7928906885025384,478,1,1,44,438,34.28905542821701
2024-08-09 06:00:00,2,0,0,12.439890225512896,113,1,1,66,170,70.23670362416661
2024-08-09 07:00:00,0,2,0,17.24678669830411,133,0,1,70,135,61.48353472005732
2024-08-09 08:00:00,1,1,1,15.015140544370952,122,1,0,94,153,57.21645246478208
2024-08-09 09:00:00,1,1,0,8.187539496156154,109,1,0,41,143,44.90699369843978
2024-08-09 10:00:00,0,1,0,19.88208213610531,403,1,0,17,303,58.0027135119924
2024-08-09 11:00:00,2,0,1,13.5957645528566,196,0,1,89,159,68.53118663895113
2024-08-09 12:00:00,2,1,1,16.489720254407104,96,1,0,44,107,47.36899362201619
2024-08-09 13:00:00,1,1,0,13.72425035854292,272,0,1,32,217,54.790893895559535
2024-08-09 14:00:00,2,2,1,19.798909530655404,497,0,1,95,384,65.37817111598523
2024-08-09 15:00:00,0,2,2,16.605835577137686,207,0,0,47,121,67.65931140247523
2024-08-09 16:00:00,2,2,0,10.86904114001337,96,1,1,28,176,50.0873778356474
2024-08-09 17:00:00,2,2,1,7.970711693914207,338,1,0,63,261,39.17389639704776
2024-08-09 18:00:00,2,1,0,13.960941753828006,259,0,0,54,173,45.88549111894194
2024-08-09 19:00:00,1,0,0,12.21421436733317,70,0,1,45,112,79.46070671661433
2024-08-09 20:00:00,2,1,2,12.95766122952336,400,0,0,58,303,38.50828578591114
2024-08-09 21:00:00,0,2,2,7.5172235593913825,368,1,0,69,288,35.99522033069909
2024-08-09 22:00:00,2,2,0,9.145839990840535,280,1,1,65,302,44.81834367286055
2024-08-09 23:00:00,2,1,2,11.603834922922346,347,1,0,82,302,37.53730727697844
2024-08-10 00:00:00,2,0,1,16.946384636515017,494,0,0,73,325,77.89544421343253
2024-08-10 01:00:00,0,2,0,15.49526943749516,154,0,1,71,178,70.09174090244817
2024-08-10 02:00:00,2,1,2,3.254461539553017,175,0,0,68,135,17.477545880733956
2024-08-10 03:00:00,2,0,0,5.665530750368444,420,1,1,10,361,44.707299396795214
2024-08-10 04:00:00,2,2,0,1.506496773727521,348,1,1,90,338,22.428495593271386
2024-08-10 05:00:00,2,2,1,1.1512507913462369,117,1,0,99,98,29.268823825403416
2024-08-10 06:00:00,1,2,1,5.263133916324594,75,0,1,86,90,48.86480246999676
2024-08-10 07:00:00,1,0,1,16.187098012177263,210,1,1,14,230,88.09484704835538
2024-08-10 08:00:00,2,1,2,18.190205505313354,157,1,0,28,168,50.513279736630274
2024-08-10 09:00:00,0,1,2,8.443598952073364,338,0,1,67,291,41.442368992926895
2024-08-10 10:00:00,1,2,2,11.700773335526891,354,1,1,66,345,63.54415561071424
2024-08-10 11:00:00,2,1,1,14.414999437152234,133,1,0,51,121,38.34223539308009
2024-08-10 12:00:00,1,2,0,19.105797285782803,90,1,0,82,99,74.17754438098517
2024-08-10 13:00:00,1,1,1,18.3457125086512,249,1,1,15,234,71.20426481464783
2024-08-10 14:00:00,2,1,2,2.0866537642462184,85,0,1,94,118,16.39919048363779
2024-08-10 15:00:00,2,1,2,5.715151020976336,400,0,0,31,285,29.502540726468787
2024-08-10 16:00:00,1,2,2,1.9337463351483648,424,0,1,62,364,44.31065194249901
2024-08-10 17:00:00,0,0,1,12.714305998791977,455,0,0,66,333,74.73441903403092
2024-08-10 18:00:00,2,1,2,14.499373012980142,283,1,1,60,246,50.99180949274237
2024-08-10 19:00:00,2,2,1,6.857384834773718,291,0,1,14,239,35.04418057478496
2024-08-10 20:00:00,2,1,0,17.223186254531075,480,0,1,31,429,55.10505875494772
2024-08-10 21:00:00,0,2,1,9.603442257818456,388,0,1,16,323,44.28803779380195
2024-08-10 22:00:00,0,1,2,19.96924878684324,69,0,1,73,127,64.21903431515446
2024-08-10 23:00:00,1,2,0,1.0075941591971738,392,1,1,66,364,39.70484287918304
2024-08-11 00:00:00,2,2,2,3.0803044599525764,201,0,0,35,134,20.39393353008655
2024-08-11 01:00:00,0,0,0,6.734071615771467,431,1,1,34,369,68.6808603734833
2024-08-11 02:00:00,0,1,2,1.48464436112055,220,1,1,78,247,22.427796490057045
2024-08-11 03:00:00,2,2,1,15.864449697026764,265,1,1,41,265,60.462122283878806
2024-08-11 04:00:00,2,2,2,2.002663969554457,405,0,0,17,298,27.758372830138786
2024-08-11 05:00:00,1,0,1,15.230613032582715,378,1,1,18,378,89.78197103813096
2024-08-11 06:00:00,1,1,1,1.9988007170014388,281,0,0,63,178,30.316417123857004
2024-08-11 07:00:00,2,1,0,5.801818028407867,65,0,1,29,79,24.268173958530465
2024-08-11 08:00:00,0,0,1,16.984259497512063,332,1,0,77,272,82.00402015606991
2024-08-11 09:00:00,2,1,1,19.07081059051676,350,1,1,76,325,52.60565398132864
2024-08-11 10:00:00,0,1,1,8.876000510549733,214,1,1,53,237,32.99906264024099
2024-08-11 11:00:00,0,1,0,19.42884032193848,318,1,1,50,314,61.03233056538212
2024-08-11 12:00:00,0,0,2,12.910737551412309,228,1,1,51,281,72.58594350458
2024-08-11 13:00:00,1,1,2,8.900867326225697,307,1,1,20,318,47.02537472517065
2024-08-11 14:00:00,0,0,1,16.25322553539042,125,0,1,52,166,74.28395531495643
2024-08-11 15:00:00,2,2,1,6.611241882663823,154,0,0,95,89,37.708023535400685
2024-08-11 16:00:00,0,1,2,6.0501289658441495,402,1,1,17,384,36.23266147443145
2024-08-11 17:00:00,2,2,1,13.474405861310412,136,0,1,55,175,50.19467755214519
2024-08-11 18:00:00,2,1,2,8.419259877393804,364,0,0,43,253,23.701558032215097
2024-08-11 19:00:00,2,2,0,3.5824425119546115,63,0,0,77,44,31.237045202821754
2024-08-11 20:00:00,2,2,1,2.272320470508267,408,0,1,24,328,29.318199636746225
2024-08-11 21:00:00,0,2,1,15.969008948721068,482,0,0,27,343,62.87811082676174
2024-08-11 22:00:00,2,1,2,13.842303904244549,335,1,0,20,242,43.507752971455645
2024-08-11 23:00:00,0,2,2,8.824166267525463,296,1,0,28,258,50.87509471168661
2024-08-12 00:00:00,0,0,0,18.02832506825008,415,0,0,82,290,80.45642236579145
2024-08-12 01:00:00,2,2,1,8.806278296409392,290,0,0,34,170,41.81739693255229
2024-08-12 02:00:00,1,0,2,14.495613957842288,403,1,0,31,336,85.27127956924436
2024-08-12 03:00:00,2,1,0,18.273190228938564,58,1,0,96,105,43.00819133815027
2024-08-12 04:00:00,2,0,2,16.973593715460424,73,0,1,71,98,71.83165928016169
2024-08-12 05:00:00,0,1,2,10.710990750452,161,1,1,46,204,39.369308060075454
2024-08-12 06:00:00,2,1,0,13.93209145648792,346,1,1,19,304,41.80314246242674
2024-08-12 07:00:00,2,0,0,8.859649757820012,493,0,0,90,320,51.944526597122405
2024-08-12 08:00:00,0,0,0,13.296746273588166,266,0,1,61,240,72.1394786692488
2024-08-12 09:00:00,0,2,0,5.893496328562522,277,1,1,86,250,40.40808586474678
2024-08-12 10:00:00,2,1,0,9.260100161621512,81,0,1,77,93,26.250781710744675
2024-08-12 11:00:00,1,1,0,4.981369014434941,480,0,1,37,359,37.178818246446816
2024-08-12 12:00:00,0,2,1,1.7255141009114126,326,0,0,39,219,33.75366667402752
2024-08-12 13:00:00,1,0,0,12.182257160932071,219,0,0,55,170,84.8519897141312
2024-08-12 14:00:00,2,1,1,17.424157561665155,280,1,0,49,232,57.45449212809613
2024-08-12 15:00:00,0,0,2,1.4859872178406386,119,0,0,30,100,47.33560825498208
2024-08-12 16:00:00,1,1,2,4.724565073856622,160,1,0,24,148,45.15035547161047
2024-08-12 17:00:00,0,0,0,9.74351612613798,138,0,0,12,113,69.464876469672
2024-08-12 18:00:00,0,0,2,13.652039520002813,51,0,1,90,75,75.03932041422338
2024-08-12 19:00:00,2,2,0,4.253354679727842,464,0,1,88,402,29.25262652582401
2024-08-12 20:00:00,2,1,0,2.077201750441861,105,0,0,78,63,22.29182646647331
2024-08-12 21:00:00,2,0,1,10.861925636810897,207,0,1,17,197,58.39856126036156
2024-08-12 22:00:00,2,2,2,16.555484548088867,496,0,1,18,364,62.33407126309459
2024-08-12 23:00:00,1,2,0,1.6694632769426545,320,0,0,99,241,42.36701388038405
2024-08-13 00:00:00,2,2,2,7.638019556821492,323,0,1,11,245,39.565183739727495
2024-08-13 01:00:00,1,1,1,13.60678011307337,81,1,0,46,114,60.23657111038152
2024-08-13 02:00:00,1,0,2,3.484098115946873,319,1,1,21,301,69.99985654808671
2024-08-13 03:00:00,2,1,1,5.482988760962379,239,1,0,28,183,28.287280500637443
2024-08-13 04:00:00,2,0,1,11.174360231939056,259,1,0,36,223,71.69022361754217
2024-08-13 05:00:00,1,1,1,19.11140223092014,357,1,0,33,270,63.97211490518612
2024-08-13 06:00:00,1,2,0,6.459509746631365,71,0,1,75,113,50.44625980548027
2024-08-13 07:00:00,2,1,0,10.263021003193495,63,0,1,25,85,34.3990898112009
2024-08-13 08:00:00,2,1,2,8.598686398223947,255,0,1,11,226,29.63395910078014
2024-08-13 09:00:00,0,1,0,18.05053676857152,83,0,1,30,102,60.31692774928724
2024-08-13 10:00:00,0,2,0,2.365907416591197,391,1,0,19,282,31.95150003268201
2024-08-13 11:00:00,2,2,2,11.756804235474522,105,1,0,67,119,45.69409284292417
2024-08-13 12:00:00,0,0,1,17.076274284608935,289,1,1,26,282,72.1385269921212
2024-08-13 13:00:00,2,1,1,19.774233964189243,486,1,1,85,415,54.50016828411869
2024-08-13 14:00:00,2,2,2,14.27578445291434,482,0,1,16,382,59.18785477687466
2024-08-13 15:00:00,2,2,0,8.218774037663966,112,0,0,82,115,44.298428390337165
2024-08-13 16:00:00,2,1,2,8.824662698144934,449,0,1,55,341,42.86513648869788
2024-08-13 17:00:00,2,2,2,7.681962175112514,129,1,0,59,93,45.84651374635283
2024-08-13 18:00:00,2,2,0,12.468648896332116,89,1,1,19,166,55.625192309089925
2024-08-13 19:00:00,2,1,2,15.048709643646768,343,0,1,25,279,54.71630999943353
2024-08-13 20:00:00,2,1,0,16.569883708189685,451,0,1,10,352,51.34169125326024
2024-08-13 21:00:00,2,2,0,8.915269083980267,328,0,1,18,265,36.9709518980893
2024-08-13 22:00:00,1,1,2,14.617461542921744,305,1,0,22,273,62.32224234023959
2024-08-13 23:00:00,2,2,1,18.408229248565757,159,1,0,70,151,64.42851769186184
2024-08-14 00:00:00,2,0,0,18.4956710945634,97,0,0,57,51,76.09422120239743
2024-08-14 01:00:00,0,2,1,14.376551051578208,281,1,0,25,237,55.06414561419358
2024-08-14 02:00:00,1,2,0,13.101141663438186,131,0,0,50,98,69.52029392742826
2024-08-14 03:00:00,2,1,1,11.098995434975128,223,0,1,39,200,36.173235147259
2024-08-14 04:00:00,0,0,2,4.480755695460443,162,0,1,86,168,52.1738535209266
2024-08-14 05:00:00,0,1,0,3.348963399502951,327,1,1,81,325,37.16927558404542
2024-08-14 06:00:00,0,2,2,10.228509128998226,430,1,0,64,295,57.17738779374229
2024-08-14 07:00:00,2,0,2,4.029438967941728,359,1,0,20,322,40.84939801017293
2024-08-14 08:00:00,0,2,2,11.962998587717385,89,1,1,61,159,66.89210805242
2024-08-14 09:00:00,2,2,0,13.268351875723145,79,1,0,84,61,52.98371360297646
2024-08-14 10:00:00,0,2,2,10.986696352880774,304,0,1,57,280,55.88152428102814
2024-08-14 11:00:00,0,1,2,1.6921075377396593,289,0,1,16,285,28.59923076772028
2024-08-14 12:00:00,2,2,0,2.0968312172443118,232,1,1,63,257,35.60044494240321
2024-08-14 13:00:00,1,1,2,3.153482508948224,233,1,0,10,199,40.98175072204213
2024-08-14 14:00:00,2,2,0,3.919270294778441,91,0,0,96,81,29.52498575689145
2024-08-14 15:00:00,1,1,2,19.80776966161733,475,1,0,41,367,72.83782620707699
2024-08-14 16:00:00,2,0,1,7.545405320399326,495,1,0,71,377,60.57096743277974
2024-08-14 17:00:00,2,1,2,6.547494099184437,176,1,1,24,211,34.36470763180124
2024-08-14 18:00:00,2,2,1,1.993066077620352,486,1,1,91,436,23.914634499983386
2024-08-14 19:00:00,1,2,0,13.071087423026334,131,0,1,70,145,70.21043920366989
2024-08-14 20:00:00,2,2,1,13.391624917494331,282,1,0,87,243,56.46306133995061
2024-08-14 21:00:00,2,1,0,4.333525101994629,358,0,0,86,217,19.888173635181985
2024-08-14 22:00:00,2,2,2,18.46558927756765,241,1,0,65,196,65.35845620752211
2024-08-14 23:00:00,0,1,1,16.20937738530742,50,1,1,43,145,51.43031053555971
2024-08-15 00:00:00,0,2,2,5.376067019342653,411,0,0,29,274,37.812739106921605
2024-08-15 01:00:00,2,1,1,10.23114488741421,256,0,0,33,146,31.15102370697256
2024-08-15 02:00:00,2,2,0,9.709426267778149,246,1,0,37,252,43.183128762879065
2024-08-15 03:00:00,2,1,0,7.621888442504095,332,0,1,20,320,34.25599185504182
2024-08-15 04:00:00,2,0,0,16.53505954368665,66,0,1,95,122,61.21392376914184
2024-08-15 05:00:00,2,2,0,3.076025226801869,368,0,1,39,306,25.2283265602159
2024-08-15 06:00:00,0,1,2,8.89097055672806,433,1,1,47,403,35.379560137258814
2024-08-15 07:00:00,2,2,2,9.132591480435124,218,1,0,90,175,49.22512517111437
2024-08-15 08:00:00,2,0,2,9.905786487669411,426,1,1,95,379,59.46598234904757
2024-08-15 09:00:00,2,1,2,17.365649830873945,235,1,0,10,187,56.09768502629397
2024-08-15 10:00:00,1,2,2,5.145170533828524,171,0,1,93,183,48.22142699991601
2024-08-15 11:00:00,1,2,0,2.9555402967331825,490,1,1,78,499,38.23729330176067
2024-08-15 12:00:00,1,1,2,12.738360793601052,273,1,1,42,277,48.36877155330605
2024-08-15 13:00:00,2,0,2,4.302855024582896,176,1,0,74,183,45.76346468990466
2024-08-15 14:00:00,2,1,2,2.423709631237775,215,0,1,53,224,11.720237739232989
2024-08-15 15:00:00,2,1,0,9.106335190850016,171,0,1,73,176,33.70547853831007
2024-08-15 16:00:00,2,0,0,5.173282186304678,371,1,0,18,313,59.88973325119182
2024-08-15 17:00:00,0,2,0,7.863115758491689,269,0,0,41,194,39.06739885178189
2024-08-15 18:00:00,0,0,0,5.934510521946692,478,0,1,63,404,60.857621449090125
2024-08-15 19:00:00,1,2,2,2.760092791744899,328,1,0,35,239,52.81636305581719
2024-08-15 20:00:00,1,2,2,11.64659685555983,197,0,1,71,193,61.30191587763909
2024-08-15 21:00:00,2,0,1,1.513349942750228,341,0,1,51,289,41.66703343601238
2024-08-15 22:00:00,0,1,2,19.36113161189359,475,1,0,57,370,52.37181071442576
2024-08-15 23:00:00,2,2,0,7.485279912964359,296,1,1,15,283,33.21737541941714
2024-08-16 00:00:00,2,2,0,14.207992699306272,455,0,0,39,347,54.38464786092411
2024-08-16 01:00:00,0,1,2,16.396894578401547,237,1,1,32,260,64.2688222842565
2024-08-16 02:00:00,2,2,1,6.302991115251547,60,0,1,98,115,34.77745737997755
2024-08-16 03:00:00,2,1,0,15.226035473091295,333,0,1,34,287,48.603548666460405
2024-08-16 04:00:00,2,2,1,16.815996253069482,94,1,1,22,178,54.023175810778376
2024-08-16 05:00:00,0,2,0,5.585027442420657,173,0,0,34,133,37.97308090847574
2024-08-16 06:00:00,0,0,0,19.85739886102538,427,0,0,26,296,79.49706493015047
2024-08-16 07:00:00,2,1,2,1.3930849739996978,296,0,1,36,283,14.112418315385115
2024-08-16 08:00:00,1,2,0,5.1230091244752805,455,1,0,20,371,50.82718028137505
2024-08-16 09:00:00,2,1,1,15.820394369262864,386,0,0,15,268,38.15969677252952
2024-08-16 10:00:00,2,2,1,4.6884894760593046,496,0,1,88,363,33.71568426923397
2024-08-16 11:00:00,0,2,2,14.266937402817923,208,0,1,46,208,47.961260871518014
2024-08-16 12:00:00,0,2,0,17.25507769467517,316,1,1,97,351,62.10632726764476
2024-08-16 13:00:00,1,0,1,19.225071180050943,341,1,0,84,295,87.24437441273807
2024-08-16 14:00:00,2,0,2,10.01070279260512,127,1,1,81,185,67.06403979267361
2024-08-16 15:00:00,0,1,1,19.45107333666023,340,0,1,46,273,59.83073467922739
2024-08-16 16:00:00,0,1,2,8.820823636951893,432,1,1,83,359,36.62849958364416
2024-08-16 17:00:00,1,2,1,5.144432753813329,200,1,0,68,199,43.37115356396743
2024-08-16 18:00:00,2,2,0,10.76451520860978,334,0,0,19,241,46.32589812180096
2024-08-16 19:00:00,0,1,1,13.34664164191836,200,1,0,10,157,45.26054457190355
2024-08-16 20:00:00,0,2,1,9.701303004948931,173,0,1,61,164,50.581881789992295
2024-08-16 21:00:00,2,2,2,11.77247643536904,277,0,0,96,187,47.40361985347485
2024-08-16 22:00:00,2,1,2,8.911774566816582,321,0,0,27,235,28.91232472416213
2024-08-16 23:00:00,2,0,2,10.970477126403749,408,0,1,96,336,61.81634856927354
2024-08-17 00:00:00,0,2,1,19.09931776698467,389,0,1,14,344,60.81514035248069
2024-08-17 01:00:00,1,1,2,10.496791898190308,266,1,0,93,264,37.10210525622395
2024-08-17 02:00:00,0,1,0,5.810413023375945,196,0,0,57,146,26.901121457696856
2024-08-17 03:00:00,0,0,2,15.416185808738842,267,0,0,42,145,68.68297121687704
2024-08-17 04:00:00,0,0,2,7.414104697849437,145,0,0,66,117,65.61772176581772
2024-08-17 05:00:00,2,2,0,16.507936245606423,496,0,1,34,411,64.36382648639673
2024-08-17 06:00:00,2,1,2,2.0799977906938176,99,0,1,53,136,22.708062512585627
2024-08-17 07:00:00,2,0,2,7.311381565065136,92,0,0,96,94,53.98512581783913
2024-08-17 08:00:00,2,2,1,2.792838256952149,68,0,1,75,121,25.50934964126936
2024-08-17 09:00:00,2,0,1,2.6210386606707976,162,1,1,77,211,45.05296383980858
2024-08-17 10:00:00,0,2,2,13.509401624276308,426,1,0,34,299,52.15454127258099
2024-08-17 11:00:00,2,1,0,8.32136122571854,262,1,0,54,235,27.675519593080796
2024-08-17 12:00:00,2,2,2,17.55809989771714,67,0,0,32,65,56.06894146915097
2024-08-17 13:00:00,2,1,2,10.811697619597052,183,1,1,50,253,40.746049494192704
2024-08-17 14:00:00,2,1,2,6.611521202273372,340,1,0,96,305,26.65678317807956
2024-08-17 15:00:00,1,2,1,14.6968888712817,63,0,0,42,70,56.34955529146225
2024-08-17 16:00:00,1,0,0,12.856319040128296,113,1,1,37,154,76.376784939455
2024-08-17 17:00:00,0,2,0,16.192297795754865,442,0,0,17,313,61.66811864145993
2024-08-17 18:00:00,2,2,0,13.228177250495817,212,0,1,38,159,52.0400272667799
2024-08-17 19:00:00,0,1,1,4.173254924879485,307,0,0,65,196,20.63733158709612
2024-08-17 20:00:00,1,1,1,13.735890715674254,55,0,1,24,94,60.59700000320109
2024-08-17 21:00:00,0,1,2,8.439434754700397,404,1,1,24,366,41.85238384048778
2024-08-17 22:00:00,2,2,1,9.799717574893794,170,0,0,46,115,46.62887864991482
2024-08-17 23:00:00,0,2,2,18.50972693900955,202,1,0,28,211,67.20847855008722
2024-08-18 00:00:00,1,1,1,7.8393168796571935,378,1,0,68,251,48.32424076990994
2024-08-18 01:00:00,0,0,2,12.627223716825936,227,0,0,60,177,72.13809778888216
2024-08-18 02:00:00,0,1,1,7.906152934832551,440,1,0,94,381,30.939671982539085
2024-08-18 03:00:00,2,0,0,2.799822221798043,112,0,1,44,135,50.43152721906943
2024-08-18 04:00:00,0,2,2,9.61698149891771,461,0,0,99,327,54.6872086737993
2024-08-18 05:00:00,2,1,1,12.344168584733383,307,0,0,95,234,30.912235857651503
2024-08-18 06:00:00,0,2,1,8.742562548714375,114,1,0,45,126,40.01534374804057
2024-08-18 07:00:00,2,2,2,8.422657508885504,406,0,1,62,325,42.98653978617766
2024-08-18 08:00:00,2,2,1,16.587191763993545,236,1,0,89,233,59.68750901768228
2024-08-18 09:00:00,2,2,0,1.564018273499934,457,1,1,21,381,32.61233054389163
2024-08-18 10:00:00,0,1,2,6.616122538062279,495,0,1,37,387,37.85529520611921
2024-08-18 11:00:00,2,2,2,16.42338804216702,276,0,0,80,184,60.45547727075554
2024-08-18 12:00:00,0,0,2,18.490072823612117,248,1,0,42,210,81.66955428701193
2024-08-18 13:00:00,0,1,2,8.833692130975738,343,1,1,97,323,32.91156587392732
2024-08-18 14:00:00,2,1,2,17.887090620725452,300,0,1,84,226,55.24203853756279
2024-08-18 15:00:00,2,0,0,4.779672320375621,367,0,1,88,324,52.97102442743029
2024-08-18 16:00:00,2,1,2,5.20711428934328,242,0,1,92,236,29.978743539311186
2024-08-18 17:00:00,1,2,0,17.077636155111264,168,0,1,64,159,67.71140302520193
2024-08-18 18:00:00,0,2,0,18.161897085471747,228,0,0,88,173,72.02352610752611
2024-08-18 19:00:00,2,2,0,5.233309591290682,101,1,1,82,189,40.85444862201618
2024-08-18 20:00:00,2,2,2,2.127159609403611,159,1,1,86,198,24.494832238215714
2024-08-18 21:00:00,0,1,0,2.716158604050467,273,1,1,59,298,26.41084836830959
2024-08-18 22:00:00,1,1,2,5.966235872150902,379,0,1,38,311,44.144986545923466
2024-08-18 23:00:00,1,2,0,15.467532465789104,147,0,1,67,167,75.6455979674208
2024-08-19 00:00:00,0,2,2,10.689844728129374,368,0,0,35,300,50.50987191168465
2024-08-19 01:00:00,2,2,1,9.656188002612623,444,0,0,32,327,42.930255248461314
2024-08-19 02:00:00,2,2,1,12.098658692154018,97,1,1,26,152,49.045486773068674
2024-08-19 03:00:00,2,1,0,17.914239155781537,150,1,0,14,145,46.13456003681406
2024-08-19 04:00:00,2,1,1,2.718177211747494,487,1,1,68,419,20.537865391685816
2024-08-19 05:00:00,2,0,0,14.199758425095045,483,1,0,25,378,71.0849470375511
2024-08-19 06:00:00,2,2,0,18.6090260674527,289,0,0,30,190,65.43688714287427
2024-08-19 07:00:00,2,1,0,5.0536507934096,123,1,0,14,124,23.7238172370414
2024-08-19 08:00:00,1,1,1,16.917674003274854,87,0,0,67,23,67.14592271915453
2024-08-19 09:00:00,0,1,0,14.262469504430545,265,1,1,35,266,49.39785683449238
2024-08-19 10:00:00,1,1,1,1.274902185389749,185,1,0,52,167,32.64294646342712
2024-08-19 11:00:00,0,0,1,5.400621926880436,55,0,1,68,119,65.57876227732123
2024-08-19 12:00:00,2,0,2,12.511050457021735,296,0,0,95,225,66.38869192415011
2024-08-19 13:00:00,0,0,1,10.545606450333022,373,0,0,67,261,65.441482346003
2024-08-19 14:00:00,2,0,2,11.030788798010454,246,0,0,11,147,62.7777855218883
2024-08-19 15:00:00,0,0,0,5.406678067529631,439,1,1,53,396,55.87841277948985
2024-08-19 16:00:00,2,2,0,13.825065943463906,160,0,0,85,105,51.61543022364163
2024-08-19 17:00:00,1,1,2,6.061949047798761,337,1,0,35,262,45.692750812217135
2024-08-19 18:00:00,2,2,0,8.399264363090623,87,1,0,53,116,42.28830514125134
2024-08-19 19:00:00,2,1,2,8.009402401721449,164,1,1,98,193,36.3100946405426
2024-08-19 20:00:00,1,1,2,13.768475420278072,234,1,0,28,199,56.87232351855155
2024-08-19 21:00:00,2,1,0,2.7148024719811303,261,0,0,58,154,28.889004556292868
2024-08-19 22:00:00,0,2,2,4.905296119763519,414,0,1,90,341,39.76346092872963
2024-08-19 23:00:00,0,1,2,4.809444343016288,304,1,0,66,270,29.846981226895103
2024-08-20 00:00:00,1,1,2,3.060068808198492,369,1,0,15,286,33.53266152478403
2024-08-20 01:00:00,1,2,0,4.944304597892722,359,0,1,32,322,51.66153097527769
2024-08-20 02:00:00,1,0,0,12.534145090543731,162,0,0,91,133,90.20817961863538
2024-08-20 03:00:00,2,2,0,14.911195246609577,319,1,1,52,306,55.095682591344406
2024-08-20 04:00:00,1,0,0,13.54576549241333,369,1,1,53,374,86.2100942940661
2024-08-20 05:00:00,0,1,0,10.028574621636764,483,1,1,75,450,39.14825177016856
2024-08-20 06:00:00,0,1,1,1.9962568508252088,224,0,0,54,169,11.647763184051612
2024-08-20 07:00:00,2,2,1,19.221133203048726,359,0,1,28,343,71.62921825412516
2024-08-20 08:00:00,0,2,2,4.193452755912347,68,1,1,13,157,40.989801811844174
2024-08-20 09:00:00,1,2,1,13.700006037707746,252,1,0,66,239,80.377338949794
2024-08-20 10:00:00,1,2,0,18.34492169416011,472,1,0,91,369,77.33207017701143
2024-08-20 11:00:00,2,2,0,14.257764823638784,498,1,0,18,371,52.62088699454096
2024-08-20 12:00:00,2,0,0,5.142943163590054,175,1,1,57,199,50.21079849427484
2024-08-20 13:00:00,2,1,2,7.000129676516438,303,1,1,45,301,32.53794316782251
2024-08-20 14:00:00,1,1,2,1.5739114732108084,365,0,1,76,323,32.263260981743045
2024-08-20 15:00:00,0,2,2,12.642406576000155,466,0,0,27,322,53.09568781723907
2024-08-20 16:00:00,2,1,2,12.646866636749763,304,0,1,49,281,36.5831950169659
2024-08-20 17:00:00,2,1,2,14.784511046151206,337,0,1,98,249,44.756110909646445
2024-08-20 18:00:00,2,1,2,1.2089294962368058,341,0,0,75,220,22.03888379270008
2024-08-20 19:00:00,2,1,1,16.538984487664866,201,1,1,74,219,49.75634115055835
2024-08-20 20:00:00,1,1,0,15.035508190605857,476,0,0,97,316,60.95918301596158
2024-08-20 21:00:00,0,1,1,3.676845580957688,248,1,0,33,226,26.83469953862506
2024-08-20 22:00:00,2,2,2,7.6049055761105935,248,0,1,62,221,35.12333322406925
2024-08-20 23:00:00,0,2,0,13.131972965180118,351,1,1,51,320,58.465793614695
2024-08-21 00:00:00,2,2,0,10.42014062386623,224,1,1,62,259,42.79723623610125
2024-08-21 01:00:00,1,2,0,3.186791014123986,319,1,1,71,346,47.40229682578739
2024-08-21 02:00:00,2,1,1,2.6595621275952084,478,1,0,71,388,26.50248618341119
2024-08-21 03:00:00,2,1,0,15.84766968305374,229,0,0,77,148,45.60714422927725
2024-08-21 04:00:00,2,1,2,3.963375242338387,267,0,1,44,242,18.13418550168042
2024-08-21 05:00:00,0,0,2,4.269760804678429,167,0,0,66,103,56.67900346057697
2024-08-21 06:00:00,0,2,1,16.787539381778394,355,1,0,70,305,66.44601243329639
2024-08-21 07:00:00,0,1,1,12.630653056701124,370,1,1,21,353,40.79985916163539
2024-08-21 08:00:00,2,1,2,12.489596554925477,382,0,0,58,294,35.56408008230791
2024-08-21 09:00:00,2,0,1,10.10756965590346,369,1,1,96,350,62.26638256586085
2024-08-21 10:00:00,2,2,0,11.810905273643527,72,0,1,31,105,54.13170590128775
2024-08-21 11:00:00,0,0,1,12.43362411706441,174,1,0,99,132,73.24463726563401
2024-08-21 12:00:00,2,1,0,19.388698462028024,133,1,1,77,146,51.2532097264924
2024-08-21 13:00:00,0,1,0,5.236492841884006,248,1,0,80,219,37.5937937517662
2024-08-21 14:00:00,1,2,0,5.076685974308723,375,1,0,32,270,48.042460812019065
2024-08-21 15:00:00,1,2,0,2.0871512664009977,236,0,0,16,148,50.19247669270391
2024-08-21 16:00:00,2,2,0,13.505777177377125,378,1,0,31,312,58.282327450279226
2024-08-21 17:00:00,2,2,2,11.431801435622976,141,0,1,49,141,51.37370364567735
2024-08-21 18:00:00,2,2,2,3.1135448730861555,379,1,1,28,333,27.528021272955925
2024-08-21 19:00:00,0,2,2,7.926239767245558,231,0,0,62,149,52.02769750770054
2024-08-21 20:00:00,1,1,0,4.394600901292873,276,0,0,39,223,48.53110332627951
2024-08-21 21:00:00,2,1,1,7.2981530676163695,248,0,1,35,226,35.65080162800669
2024-08-21 22:00:00,2,0,1,19.074019218497597,284,1,1,50,298,72.95516840141478
2024-08-21 23:00:00,1,1,0,13.983057938730049,459,0,0,31,323,51.95884229637936
2024-08-22 00:00:00,1,2,1,1.143812915107697,93,0,1,70,145,44.52461436736928
2024-08-22 01:00:00,2,2,0,5.79765340189835,125,1,0,82,134,30.726222982160003
2024-08-22 02:00:00,0,0,1,1.1968693944778015,190,0,1,55,195,48.46973156411793
2024-08-22 03:00:00,2,2,0,14.582501476604934,231,1,0,67,167,54.09770959154572
2024-08-22 04:00:00,2,2,1,9.91901423905409,168,0,1,38,165,40.87543597508084
2024-08-22 05:00:00,1,0,1,19.886355144473395,89,0,1,62,108,99.29263974623372
2024-08-22 06:00:00,1,0,2,14.938081959430509,309,0,1,27,243,80.25783488426471
2024-08-22 07:00:00,0,2,1,10.840345911449756,486,1,0,40,352,55.44688293716499
2024-08-22 08:00:00,2,2,1,16.28940313595457,293,0,0,41,199,56.95736740940735
2024-08-22 09:00:00,1,1,0,14.391269373447445,178,0,0,18,178,59.02600780485472
2024-08-22 10:00:00,2,2,1,5.631747375083756,55,1,1,46,108,35.776553832269066
2024-08-22 11:00:00,2,0,1,11.074907221722814,360,1,0,17,296,61.78169697292475
2024-08-22 12:00:00,0,0,1,11.563975771847346,115,1,1,33,168,76.0229574573813
2024-08-22 13:00:00,2,1,1,9.573402273548265,423,1,0,77,348,23.63930499439555
2024-08-22 14:00:00,0,2,1,4.404659834251877,268,1,0,61,265,45.83108946195245
2024-08-22 15:00:00,0,2,2,5.244011981499853,195,1,0,55,135,30.32362946896375
2024-08-22 16:00:00,2,0,1,6.33990061816327,283,1,1,26,269,58.26164516972297
2024-08-22 17:00:00,2,2,0,1.194847838185111,78,0,0,30,85,26.829099896121345
2024-08-22 18:00:00,2,2,0,18.42193395122068,358,0,1,57,308,64.55875377381722
2024-08-22 19:00:00,2,1,1,14.0358238400861,210,0,1,18,187,42.279493848804336
2024-08-22 20:00:00,0,2,1,14.102728999904944,180,1,1,78,208,57.832662531103225
2024-08-22 21:00:00,1,1,1,11.874281662373305,197,0,1,14,155,54.197292084713446
2024-08-22 22:00:00,2,0,2,14.096905355060125,437,1,0,15,352,69.27064492782455
2024-08-22 23:00:00,2,2,0,19.65538844759909,131,0,1,81,143,60.65553127273717
2024-08-23 00:00:00,0,2,2,8.318046415055374,441,0,1,57,359,40.29799723234208
2024-08-23 01:00:00,1,2,2,14.537986150654712,410,1,0,55,316,55.85264950084667
2024-08-23 02:00:00,2,0,1,7.831051083173036,391,0,1,88,328,55.494899072479406
2024-08-23 03:00:00,2,1,1,17.23148717618969,132,1,1,82,164,61.52751847867547
2024-08-23 04:00:00,0,1,0,17.302543530910665,461,0,0,72,310,46.22472910868255
2024-08-23 05:00:00,2,0,1,18.14306208304621,499,1,1,12,446,84.72710173719315
2024-08-23 06:00:00,2,0,0,1.1038031605956884,122,1,0,40,117,43.43605920253237
2024-08-23 07:00:00,0,0,2,6.665637454925802,404,1,1,16,374,58.19673380948967
2024-08-23 08:00:00,0,1,0,3.544562672830325,263,1,1,25,266,30.60225436206844
2024-08-23 09:00:00,0,1,0,9.62573775991298,75,0,0,24,61,37.88794552436438
2024-08-23 10:00:00,0,1,0,10.413543210906658,339,1,1,16,316,37.493831489568095
2024-08-23 11:00:00,0,1,2,5.862176813763455,120,0,0,47,90,24.04968368035707
2024-08-23 12:00:00,2,2,2,14.745483348856338,399,0,1,17,344,54.4745420482856
2024-08-23 13:00:00,2,1,1,6.125624626590418,226,0,0,65,157,26.298675180479627
2024-08-23 14:00:00,2,2,1,17.223936130383812,138,1,1,89,182,57.7117767410718
2024-08-23 15:00:00,2,1,0,4.37552799469395,226,1,0,10,189,28.4347702938354
2024-08-23 16:00:00,0,1,0,7.977470600540388,76,1,1,28,139,34.29922653919133
2024-08-23 17:00:00,1,0,2,12.822517410061796,498,1,1,87,468,84.76517827778002
2024-08-23 18:00:00,1,1,2,12.501366338801812,338,0,0,28,258,48.58462177871064
2024-08-23 19:00:00,0,1,2,2.4825531280977264,377,1,1,96,364,29.8841846010602
2024-08-23 20:00:00,2,1,0,17.078913631628016,354,1,1,13,328,55.62925837403025
2024-08-23 21:00:00,2,1,0,12.363233735165728,112,0,1,73,154,40.01692180919048
2024-08-23 22:00:00,1,2,2,17.5273314254362,465,0,0,11,361,75.2520582010565
2024-08-23 23:00:00,0,1,0,17.4850759863295,68,1,1,85,102,58.85315218817114
2024-08-24 00:00:00,0,2,2,11.37245511712559,483,0,1,32,386,55.608213867096445
2024-08-24 01:00:00,0,0,1,18.30484768891732,327,1,1,65,322,79.18308923642259
2024-08-24 02:00:00,0,2,2,17.119748177455662,395,1,0,91,307,64.91454505356627
2024-08-24 03:00:00,1,1,0,19.20433594667365,116,0,0,60,50,79.81653180603963
2024-08-24 04:00:00,2,2,0,17.15946957262872,287,1,0,90,224,56.64306748580685
2024-08-24 05:00:00,0,1,0,16.60287316902184,186,0,1,40,207,56.02217698820353
2024-08-24 06:00:00,1,2,0,9.91784913286132,212,0,1,67,179,62.332108584925706
2024-08-24 07:00:00,2,2,2,5.028590147180627,376,0,1,45,300,35.495914927202264
2024-08-24 08:00:00,0,1,2,18.303465928434232,384,1,0,99,311,62.69667188995029
2024-08-24 09:00:00,2,0,1,14.72843454247544,437,1,0,21,345,77.90629073268352
2024-08-24 10:00:00,1,0,2,6.353209419771885,342,1,1,44,318,75.38178867563059
2024-08-24 11:00:00,2,0,1,7.478918732357207,77,0,0,89,69,59.20501920131376
2024-08-24 12:00:00,0,1,2,14.03549172528719,305,1,1,13,318,55.042444840696746
2024-08-24 13:00:00,2,2,2,10.078528858719746,442,1,0,37,331,40.0110569124548
2024-08-24 14:00:00,0,0,0,2.548168675080997,340,0,0,42,211,41.67721743756557
2024-08-24 15:00:00,2,1,1,3.6875109691674823,161,0,1,83,171,9.146429371360483
2024-08-24 16:00:00,2,0,0,15.167324986733911,289,0,1,40,250,67.69394060389092
2024-08-24 17:00:00,2,1,0,7.242821041154786,292,1,1,87,303,37.71339584679481
2024-08-24 18:00:00,1,1,2,10.645339139638743,202,0,0,14,140,52.65196081858912
2024-08-24 19:00:00,2,2,2,15.56580808681699,314,0,0,19,209,52.02228945256252
2024-08-24 20:00:00,2,2,1,15.272336280414995,494,0,0,34,341,67.67425780338719
2024-08-24 21:00:00,0,2,1,4.173285510858204,101,1,0,50,137,34.10767756225998
2024-08-24 22:00:00,0,0,2,2.869483423581671,450,1,0,26,341,46.35515941980872
2024-08-24 23:00:00,1,1,1,12.23189356633671,314,0,0,70,215,51.325013091141415
2024-08-25 00:00:00,2,1,2,15.091024604693551,103,0,1,93,94,49.38760224915098
2024-08-25 01:00:00,0,0,2,3.831758517912797,182,1,0,69,137,46.39497217163152
2024-08-25 02:00:00,2,1,2,8.06715045921822,240,1,0,42,183,33.688119588228346
2024-08-25 03:00:00,2,2,1,17.535281923385174,173,1,0,18,125,54.25939102873354
2024-08-25 04:00:00,0,2,0,18.9402396896461,480,0,0,59,312,70.43861078364932
2024-08-25 05:00:00,0,1,1,9.627325458044002,267,1,0,40,235,42.4786790358524
2024-08-25 06:00:00,0,1,0,2.510802746585828,414,0,1,14,353,22.2930659441509
2024-08-25 07:00:00,2,2,1,5.89623266784517,452,1,0,55,331,35.49650291113557
2024-08-25 08:00:00,2,0,0,5.426428485995126,371,1,1,13,324,40.49149605523471
2024-08-25 09:00:00,2,2,0,5.540310690280083,350,0,1,40,292,37.66555104860993
2024-08-25 10:00:00,1,2,1,10.38375240220575,120,1,0,13,169,60.16723347905536
2024-08-25 11:00:00,2,2,1,12.081287382139852,263,0,0,27,170,43.81173468735771
2024-08-25 12:00:00,2,1,0,3.327682184918771,411,1,1,91,371,29.343483302357964
2024-08-25 13:00:00,2,1,2,17.897764124038353,82,0,0,43,82,51.51257778146243
2024-08-25 14:00:00,0,2,0,12.779502642341182,423,1,0,57,359,54.85560302469507
2024-08-25 15:00:00,2,1,0,12.347782875092102,385,0,0,72,284,46.58014467638146
2024-08-25 16:00:00,1,1,2,19.7583009693014,220,0,0,23,174,59.89841204957433
2024-08-25 17:00:00,2,2,0,12.934735572369382,393,0,0,99,299,46.5331906599953
2024-08-25 18:00:00,1,2,2,18.650223836722517,399,0,1,96,318,75.35577276396873
2024-08-25 19:00:00,2,1,2,6.438882474836043,459,0,1,42,381,18.117278941621173
2024-08-25 20:00:00,0,2,1,5.562460316583453,350,0,1,90,287,39.26125103654071
2024-08-25 21:00:00,1,2,0,10.813855049664609,340,1,1,51,311,51.48236742156895
2024-08-25 22:00:00,2,1,0,10.663570005096656,286,1,1,41,301,30.34150434556561
2024-08-25 23:00:00,1,0,2,5.303189340194041,386,0,0,52,265,66.99111148965412
2024-08-26 00:00:00,2,1,0,14.293457481099006,486,0,0,66,337,42.38716937560946
2024-08-26 01:00:00,1,0,2,1.5630425654971725,151,1,0,24,169,59.048680922418725
2024-08-26 02:00:00,0,1,0,14.1219789784396,59,0,1,59,98,42.45966500892903
2024-08-26 03:00:00,2,0,0,9.686379836342702,90,1,0,80,99,57.72002645754602
2024-08-26 04:00:00,2,1,2,14.091142706056502,419,1,0,72,331,41.192903124970606
2024-08-26 05:00:00,2,2,2,10.06453198218886,175,0,1,79,145,35.778023931824976
2024-08-26 06:00:00,2,1,0,19.569341874809204,322,0,1,18,289,57.61008642586908
2024-08-26 07:00:00,2,2,0,7.359014070959239,432,0,1,22,349,46.51275588052853
2024-08-26 08:00:00,2,2,2,19.668885803045377,376,0,0,27,258,70.07363642699089
2024-08-26 09:00:00,2,1,1,2.234504907100532,499,1,1,44,471,10.685035736591608
2024-08-26 10:00:00,0,2,1,13.991454720393577,60,1,1,10,148,62.14218053782471
2024-08-26 11:00:00,2,1,0,9.63016492891333,368,0,1,97,311,31.757505875122213
2024-08-26 12:00:00,2,0,0,16.620614885064306,244,0,0,45,178,82.33977756902974
2024-08-26 13:00:00,0,1,0,16.002705324622962,479,1,1,89,447,51.299241166688766
2024-08-26 14:00:00,2,2,2,16.20399347464281,69,0,1,91,94,62.98097357599657
2024-08-26 15:00:00,2,2,0,2.8000333867478746,446,1,1,76,416,24.690662249007826
2024-08-26 16:00:00,2,1,0,16.6249482973646,322,0,1,55,254,48.38410058427181
2024-08-26 17:00:00,1,1,0,5.066762991431458,284,1,1,46,293,53.20223452911391
2024-08-26 18:00:00,1,2,1,1.4879250133216606,465,1,1,81,382,36.08015106834577
2024-08-26 19:00:00,2,2,0,5.137035674003816,276,1,0,91,236,36.199363491221575
2024-08-26 20:00:00,0,0,0,10.106416989296822,276,1,0,38,258,68.90111752398506
2024-08-26 21:00:00,0,1,2,15.10011583831721,403,0,1,53,321,47.95415200814192
2024-08-26 22:00:00,0,2,1,5.15401713582422,390,0,0,77,274,36.33732226723171
2024-08-26 23:00:00,0,1,2,3.147143413715156,321,1,0,85,250,32.713842884876044
2024-08-27 00:00:00,0,1,0,13.273377845454904,328,1,0,86,274,48.24786189420951
2024-08-27 01:00:00,2,2,0,19.694062690840333,444,1,1,23,378,73.74969969876213
2024-08-27 02:00:00,2,1,0,12.416535739626744,173,0,1,87,148,38.34087995596423
2024-08-27 03:00:00,2,2,0,14.130089918345014,447,0,0,60,322,55.02949285907878
2024-08-27 04:00:00,1,2,0,11.66218143118198,244,0,0,83,151,58.29061151249677
2024-08-27 05:00:00,0,2,2,15.864620440341575,120,0,0,95,114,66.57468000881771
2024-08-27 06:00:00,1,0,0,19.54028398397945,281,0,0,18,226,89.8514773380771
2024-08-27 07:00:00,1,2,0,11.338455358679512,222,1,1,97,225,65.59878220730943
2024-08-27 08:00:00,2,2,1,8.919019723111791,252,0,0,90,221,41.46425122657856
2024-08-27 09:00:00,0,2,1,17.346518162042404,82,0,1,97,106,64.5143394335306
2024-08-27 10:00:00,0,2,0,19.42483853143981,260,0,0,78,182,69.36679504139583
2024-08-27 11:00:00,1,1,0,3.454451176521791,350,0,1,43,311,37.28048983301994
2024-08-27 12:00:00,1,1,0,11.98524834400368,231,1,1,74,279,54.46083343121144
2024-08-27 13:00:00,0,1,0,16.056739858373952,290,1,1,36,320,45.60115517654683
2024-08-27 14:00:00,2,2,0,11.133448697971424,100,1,1,49,200,49.3429808524685
2024-08-27 15:00:00,0,0,0,8.774742395666024,420,0,1,17,352,59.94896751326775
2024-08-27 16:00:00,2,1,2,13.449366601572992,429,1,1,15,398,44.49515283556046
2024-08-27 17:00:00,0,1,2,6.1324337957536175,392,1,1,62,373,35.18537914797194
2024-08-27 18:00:00,1,0,2,7.633541115829018,456,0,0,14,322,66.31687969487005
2024-08-27 19:00:00,2,0,1,19.85325651874555,78,1,1,63,116,73.66291925130523
2024-08-27 20:00:00,0,2,0,13.092841353115412,55,0,0,27,-2,58.38918502909216
2024-08-27 21:00:00,2,1,1,17.585618667910417,472,1,0,80,350,49.99142132644854
2024-08-27 22:00:00,2,1,1,16.347601747705724,182,0,0,45,144,48.47387797216647
2024-08-27 23:00:00,2,1,1,13.393178533486456,145,1,0,63,137,39.730601494508605
2024-08-28 00:00:00,0,1,2,16.97385256671669,473,1,0,43,349,52.46198717688026
2024-08-28 01:00:00,1,1,0,6.4560114132378486,395,0,0,41,300,39.06673610535533
2024-08-28 02:00:00,1,2,0,13.105212527433668,131,1,0,60,119,66.79496986755493
2024-08-28 03:00:00,2,1,1,12.221466300955637,326,0,1,12,232,36.75195938781109
2024-08-28 04:00:00,1,1,2,12.82597241507355,364,1,0,74,270,46.10832997197694
2024-08-28 05:00:00,0,1,1,4.204006615788729,266,0,0,94,175,28.60476487880433
2024-08-28 06:00:00,2,2,1,6.2676177599633,453,1,0,22,341,37.99218930813064
2024-08-28 07:00:00,2,2,0,6.446508057058243,329,1,0,17,267,47.20884014612777
2024-08-28 08:00:00,2,2,2,12.436977088882502,180,1,0,53,171,45.25520657825734
2024-08-28 09:00:00,1,1,0,19.478390728355937,135,0,0,39,100,68.81336007730502
2024-08-28 10:00:00,0,1,1,19.12728347246081,377,0,1,17,311,63.570163045189744
2024-08-28 11:00:00,0,1,0,5.3166015068042345,415,0,0,67,309,31.6877586325036
2024-08-28 12:00:00,2,1,1,6.792059618268678,362,1,0,96,315,32.12087857254265
2024-08-28 13:00:00,0,0,2,1.6851759533041752,415,0,0,17,301,49.45430779946681
2024-08-28 14:00:00,2,0,0,8.577496207328489,142,0,0,70,120,57.35703126455214
2024-08-28 15:00:00,2,2,0,16.858808311926907,120,1,0,88,95,58.70132638551144
2024-08-28 16:00:00,0,0,0,18.399283040736663,375,0,1,62,272,83.57905759923608
2024-08-28 17:00:00,2,2,0,5.493433111790929,375,0,0,80,242,40.90813477971674
2024-08-28 18:00:00,1,1,0,6.050094996287945,381,0,0,85,273,49.941500343482495
2024-08-28 19:00:00,2,0,2,5.19614651366632,240,1,1,45,277,43.07628135593741
2024-08-28 20:00:00,0,1,2,7.651967783916996,263,0,0,83,162,30.96259014539209
2024-08-28 21:00:00,2,2,0,16.29042857322035,96,0,1,71,124,63.89928198390068
2024-08-28 22:00:00,0,1,1,13.290291927804745,267,0,1,28,256,51.47777807647912
2024-08-28 23:00:00,2,1,1,15.9328774394103,138,1,1,27,177,47.37962981001546
2024-08-29 00:00:00,2,2,0,12.077591020370818,324,0,0,53,216,49.81016033949405
2024-08-29 01:00:00,1,2,0,5.896928483123789,276,1,0,29,248,54.30146712894588
2024-08-29 02:00:00,2,1,2,5.331889424038339,446,0,1,11,346,27.82659159564832
2024-08-29 03:00:00,1,1,2,1.171013411411246,266,1,1,39,260,29.509940137206403
2024-08-29 04:00:00,1,1,0,15.838660600607376,289,0,0,60,196,54.71517032075846
2024-08-29 05:00:00,2,0,0,17.095303297129636,350,0,0,53,240,70.30481257005377
2024-08-29 06:00:00,2,2,1,15.597369392939909,465,1,1,56,407,55.54316429183076
2024-08-29 07:00:00,0,2,2,2.413639096841324,463,1,1,52,356,34.846633325381944
2024-08-29 08:00:00,1,1,0,15.482210916227451,390,0,0,20,275,57.91810336857985
2024-08-29 09:00:00,1,0,2,1.8695816098551168,431,0,1,95,381,68.12352967833598
2024-08-29 10:00:00,0,1,0,3.006268248421432,219,0,1,51,199,21.60182367242788
2024-08-29 11:00:00,0,1,0,9.369032085720676,414,0,1,28,319,34.10108784016294
2024-08-29 12:00:00,2,1,0,10.04679316957196,281,0,1,12,261,34.261672681609376
2024-08-29 13:00:00,1,0,0,16.50625409575523,157,0,1,13,152,83.01242703862522
2024-08-29 14:00:00,1,1,1,13.9110109487773,377,1,0,47,290,64.41821652557644
2024-08-29 15:00:00,2,1,0,3.913083393993109,282,1,0,82,256,22.708968103766352
2024-08-29 16:00:00,2,2,1,5.296788881347226,219,1,0,81,183,45.44559093589811
2024-08-29 17:00:00,2,1,1,6.427828576915049,184,1,0,43,173,35.27092172561808
2024-08-29 18:00:00,2,2,0,3.3497801116423087,180,0,1,60,197,30.344159806321144
2024-08-29 19:00:00,1,2,2,6.465252840825383,86,1,0,40,102,49.27630329914342
2024-08-29 20:00:00,2,2,2,14.843364955254929,308,1,1,92,297,56.58761180334893
2024-08-29 21:00:00,2,1,0,5.586627932038376,451,1,0,46,365,32.86323817588472
2024-08-29 22:00:00,2,1,0,16.871833294147343,173,1,1,53,163,43.32048958485244
2024-08-29 23:00:00,1,0,0,9.920822907378948,475,0,1,68,397,65.03717277411752
2024-08-30 00:00:00,0,0,2,7.135779463643388,442,1,0,27,333,57.05812149763915
2024-08-30 01:00:00,2,1,2,8.835943986428589,490,1,1,34,435,28.79824957750748
2024-08-30 02:00:00,2,1,0,14.480438071276335,457,0,1,19,370,48.89329411402487
2024-08-30 03:00:00,1,1,2,10.819061361673814,312,0,0,78,225,46.37346391981179
2024-08-30 04:00:00,1,2,1,1.1382946155261031,402,1,0,88,327,44.68419052326185
2024-08-30 05:00:00,2,2,2,18.524153085116424,266,1,1,34,259,58.89407015312642
2024-08-30 06:00:00,2,1,2,2.2539240570351824,219,1,0,93,181,15.605168411964383
2024-08-30 07:00:00,2,2,0,18.83380562747333,147,0,1,60,137,65.00855835929012
2024-08-30 08:00:00,2,2,1,1.5349036487810386,407,1,0,62,316,21.726039383455326
2024-08-30 09:00:00,0,0,0,15.64860736419152,235,0,1,19,181,82.21895673908494
2024-08-30 10:00:00,1,1,2,11.158819455482476,262,0,0,58,129,53.62573431662003
2024-08-30 11:00:00,2,1,1,10.608797431478012,407,1,0,47,333,32.02904587763646
2024-08-30 12:00:00,1,1,0,2.382791548336086,361,1,0,55,322,45.449552761868105
2024-08-30 13:00:00,2,0,2,5.53615519642041,281,0,1,79,224,59.1410460773766
2024-08-30 14:00:00,0,2,1,15.773399024238648,491,0,0,20,357,52.01530725186805
2024-08-30 15:00:00,0,2,0,17.93393676852739,451,0,0,92,288,64.03567397679669
2024-08-30 16:00:00,2,1,1,11.053254940006612,216,0,1,25,200,34.91729385132697
2024-08-30 17:00:00,2,1,2,7.713524530889313,355,0,0,41,260,26.516730710418404
2024-08-30 18:00:00,0,1,0,2.1389209532200057,210,0,1,11,232,30.3396533755111
2024-08-30 19:00:00,2,2,2,13.961391995260469,333,1,0,67,274,48.662579959821656
2024-08-30 20:00:00,2,1,1,6.29048560303937,233,1,0,99,179,26.484921145842275
2024-08-30 21:00:00,0,1,2,2.045260584850789,74,1,0,94,92,22.791331960704373
2024-08-30 22:00:00,1,2,1,13.65118285287382,191,1,1,47,227,55.699559332545256
2024-08-30 23:00:00,2,1,0,10.22867607714141,232,0,0,88,211,39.54983058108845
2024-08-31 00:00:00,1,2,2,1.2272808443327548,133,0,1,66,188,50.46128091448195
2024-08-31 01:00:00,2,1,0,3.107556743020594,280,1,0,86,250,17.25117186312576
2024-08-31 02:00:00,0,0,0,14.284836655672938,440,1,0,80,336,75.92867773790698
2024-08-31 03:00:00,0,2,0,2.209755328249982,437,1,1,68,399,35.249863401570686
2024-08-31 04:00:00,1,0,0,17.453298232016813,272,1,1,66,256,93.64359373464444
2024-08-31 05:00:00,2,2,2,6.915199270978721,207,1,0,76,167,46.453938525053225
2024-08-31 06:00:00,0,0,2,2.6846629382920675,367,0,1,24,329,49.897383923359335
2024-08-31 07:00:00,0,0,0,15.435390185193244,234,0,1,93,231,69.32354997195335
2024-08-31 08:00:00,2,2,0,10.964117454607452,470,1,0,67,379,58.24341538347795
2024-08-31 09:00:00,2,0,1,6.826160615206654,232,1,1,12,242,53.421718245605945
2024-08-31 10:00:00,2,1,0,8.71586849171609,134,1,1,67,149,27.509231402001205
2024-08-31 11:00:00,2,1,1,1.4068355164916917,114,1,0,36,117,15.954368853527502
2024-08-31 12:00:00,1,1,1,13.59127221324915,101,1,0,24,89,56.52135818089063
2024-08-31 13:00:00,2,2,0,7.949700090305446,52,1,1,69,108,35.39446597062766
2024-08-31 14:00:00,2,2,2,14.566713824834464,126,1,1,12,190,49.66058400988331
2024-08-31 15:00:00,0,2,1,12.935251773098395,184,1,1,37,266,60.8497628884909
2024-08-31 16:00:00,2,1,2,13.37382953228502,375,0,0,56,260,43.18149273543288
2024-08-31 17:00:00,0,2,0,16.064961509084213,119,1,1,74,177,65.96439071628926
2024-08-31 18:00:00,2,1,0,12.99200348914877,211,1,0,62,166,44.027170545395386
2024-08-31 19:00:00,1,2,0,8.955792655595957,145,1,0,29,124,52.61529086372582
2024-08-31 20:00:00,1,1,0,8.408623672958075,65,0,1,20,93,46.68033041492413
2024-08-31 21:00:00,1,0,1,3.2720600285322603,279,1,1,34,234,68.42399036809636
2024-08-31 22:00:00,2,1,1,15.809424849968591,441,0,1,72,337,46.92767567514511
2024-08-31 23:00:00,0,1,2,15.461060393337814,454,1,1,13,419,55.35724482572164
2024-09-01 00:00:00,2,0,2,5.679668974624946,426,0,1,92,381,54.29121603100416
2024-09-01 01:00:00,2,2,1,17.390956341264747,316,0,0,63,229,55.37543662187558
2024-09-01 02:00:00,2,1,0,12.191061898021935,355,1,1,69,324,44.92502225727701
2024-09-01 03:00:00,0,2,2,10.09505000549678,392,1,1,37,339,57.171914389752175
2024-09-01 04:00:00,2,1,1,1.3324297308844215,55,1,0,19,73,18.04763277292532
2024-09-01 05:00:00,0,0,2,8.272082531422008,159,0,0,94,107,66.74689524684777
2024-09-01 06:00:00,2,2,1,13.172744596477598,192,0,0,45,118,51.858192362437045
2024-09-01 07:00:00,2,1,0,2.7052089160792856,444,1,0,89,366,20.640719750097176
2024-09-01 08:00:00,0,2,1,9.731778868863415,204,0,0,42,116,47.89444227792882
2024-09-01 09:00:00,2,1,2,19.875283075870325,256,1,1,68,255,49.74175176697685
2024-09-01 10:00:00,0,2,1,14.614234106972283,478,0,0,54,327,55.82951629610654
2024-09-01 11:00:00,2,0,2,11.390546862530485,215,1,0,60,234,57.35511698040292
2024-09-01 12:00:00,1,0,2,11.127624813842456,309,1,0,55,274,83.330279495259
2024-09-01 13:00:00,0,1,2,1.8315365629056937,222,0,1,22,214,23.849168706713293
2024-09-01 14:00:00,2,1,0,19.188974310750787,443,0,0,13,325,59.41348697008792
2024-09-01 15:00:00,2,1,0,18.635375545415812,170,0,1,51,173,41.79745393113919
2024-09-01 16:00:00,0,2,1,13.965689502833484,487,0,1,36,396,52.6373261398918
2024-09-01 17:00:00,1,2,1,2.8812213439494494,462,0,1,17,369,43.29107937305992
2024-09-01 18:00:00,2,2,2,4.948844038239326,189,1,1,55,246,39.413080960046685
2024-09-01 19:00:00,2,0,0,4.49428118163612,489,1,1,17,435,49.92572825613421
2024-09-01 20:00:00,1,1,1,10.871991216923158,217,0,0,98,142,51.72576691225127
2024-09-01 21:00:00,0,1,1,4.948273615537726,133,0,1,35,162,21.60751950416125
2024-09-01 22:00:00,2,1,0,14.220210669339766,470,0,1,10,375,47.40145661050505
2024-09-01 23:00:00,2,1,2,11.359367833418393,243,1,0,92,209,37.58858745903833
2024-09-02 00:00:00,2,1,1,1.335505363810454,325,1,0,70,263,27.153088609723312
2024-09-02 01:00:00,0,2,2,15.137087503677378,317,1,1,93,343,48.952493410894704
2024-09-02 02:00:00,2,1,0,4.587745996425022,87,1,0,91,98,23.529712275342742
2024-09-02 03:00:00,1,1,0,16.67281727393286,463,1,1,99,418,57.75212018569256
2024-09-02 04:00:00,2,2,1,7.7458633053366,352,1,0,48,233,34.68710058293705
2024-09-02 05:00:00,2,1,1,7.433773919651093,387,1,1,18,358,26.568236562915278
2024-09-02 06:00:00,0,2,0,1.2245293797860002,291,0,1,36,257,40.27059707116116
2024-09-02 07:00:00,1,1,2,19.766850675537327,379,1,1,79,384,69.78413217395048
2024-09-02 08:00:00,1,2,2,12.628082444265411,248,1,0,29,226,63.86258393319443
2024-09-02 09:00:00,2,0,0,9.031873157533823,347,1,0,74,281,56.80674777429563
2024-09-02 10:00:00,0,1,1,2.835806684765442,54,1,0,25,73,27.35658111528221
2024-09-02 11:00:00,0,2,0,14.28381321886932,481,0,0,77,289,56.161453301718936
2024-09-02 12:00:00,2,0,1,6.371878929846838,420,0,1,76,331,54.20049482931667
2024-09-02 13:00:00,2,2,2,19.77733554913505,432,0,0,31,303,65.63426093330332
2024-09-02 14:00:00,2,1,1,19.060399823837137,404,0,0,82,241,52.60547245482682
2024-09-02 15:00:00,2,1,2,14.970636897252984,152,1,1,65,203,46.8923241193777
2024-09-02 16:00:00,1,2,0,19.45036667537641,484,0,1,66,414,75.09263208010759
2024-09-02 17:00:00,2,0,1,3.007043386621494,445,1,0,63,378,44.952481594532806
2024-09-02 18:00:00,1,1,2,6.318391850194359,187,0,1,17,165,35.947263660150114
2024-09-02 19:00:00,0,1,1,5.811622487032403,342,0,0,16,270,22.789012158467216
2024-09-02 20:00:00,0,1,2,2.3682405107267472,430,0,0,85,298,31.34033694183919
2024-09-02 21:00:00,0,1,2,19.47230536145766,115,1,0,10,101,62.69729681168676
2024-09-02 22:00:00,2,1,0,2.1395076462909834,116,0,1,63,122,25.968951700452827
2024-09-02 23:00:00,2,1,0,17.277089175892264,319,0,1,21,274,54.32644793485606
2024-09-03 00:00:00,2,1,1,15.595067066959944,96,0,1,89,72,42.61720835978554
2024-09-03 01:00:00,0,1,2,8.14147466195773,453,1,1,23,427,25.515271476635217
2024-09-03 02:00:00,2,0,0,1.3573398899661808,414,1,1,28,341,38.97059283199175
2024-09-03 03:00:00,0,1,1,1.115822194655521,418,1,0,28,328,24.508115517540347
2024-09-03 04:00:00,2,1,0,4.875882973184542,229,1,0,86,221,25.183905124977844
2024-09-03 05:00:00,2,1,1,10.383655020642069,117,1,1,83,171,35.97024060482713
2024-09-03 06:00:00,2,0,0,9.700289585517876,164,0,0,37,125,57.48635803543684
2024-09-03 07:00:00,1,2,0,12.120558954733625,75,1,0,86,118,58.36012095387878
2024-09-03 08:00:00,0,2,2,15.66722688355448,96,0,1,24,133,69.52555270113365
2024-09-03 09:00:00,2,1,2,8.169737682343909,256,1,1,90,274,34.39472562439322
2024-09-03 10:00:00,0,0,0,4.04691021467703,122,0,1,72,190,55.68874193747975
2024-09-03 11:00:00,2,2,2,16.200929419740056,308,1,0,32,227,49.79310641157109
2024-09-03 12:00:00,1,1,0,7.321122945293006,435,0,1,52,362,43.71780390001608
2024-09-03 13:00:00,0,2,1,6.450756058073663,474,1,0,19,383,45.72290354620542
2024-09-03 14:00:00,2,0,0,15.521928730155471,79,1,1,45,109,80.84741079029645
2024-09-03 15:00:00,0,2,0,18.748649323579745,470,1,1,72,406,72.9530239638808
2024-09-03 16:00:00,2,0,1,18.38426435820438,52,0,1,58,65,75.07781904732404
2024-09-03 17:00:00,1,0,1,3.611406091286393,58,1,1,23,131,65.68655238671069
2024-09-03 18:00:00,2,1,2,10.560004915916693,57,0,1,43,82,37.98345405805787
2024-09-03 19:00:00,0,2,1,2.7645353908352948,58,0,0,48,79,39.53541984817956
2024-09-03 20:00:00,2,1,2,19.2585432192216,425,1,0,41,359,51.95227234130174
2024-09-03 21:00:00,0,0,0,5.089329831659948,450,0,1,89,371,55.96139189114398
2024-09-03 22:00:00,0,1,1,4.75116192054972,201,1,1,99,229,25.282161726343062
2024-09-03 23:00:00,0,0,0,17.88882778712311,191,0,0,90,89,79.19280628106276
2024-09-04 00:00:00,0,1,2,19.38916054731733,487,1,1,31,396,64.81317809931275
2024-09-04 01:00:00,1,1,1,14.255012926609876,385,0,1,44,328,59.61047903904755
2024-09-04 02:00:00,2,1,2,3.2990956402852727,323,0,0,32,230,14.558296544061122
2024-09-04 03:00:00,2,1,2,10.231256600272802,472,1,0,34,335,33.15313845873857
2024-09-04 04:00:00,2,0,1,16.51549678717047,421,1,0,78,347,76.31020789403779
2024-09-04 05:00:00,1,1,1,11.87706649045666,480,0,0,15,327,44.99958194999385
2024-09-04 06:00:00,2,2,2,3.5193022398383587,76,0,0,99,31,35.79563552211596
2024-09-04 07:00:00,0,1,1,4.265867240561329,397,1,1,69,372,33.82578960478006
2024-09-04 08:00:00,0,1,2,17.418691840861296,120,0,0,15,95,56.4091432528851
2024-09-04 09:00:00,2,1,0,11.013554110062184,268,0,0,28,174,33.97844457744348
2024-09-04 10:00:00,2,1,0,14.410898701567536,339,0,0,28,250,35.689763612591975
2024-09-04 11:00:00,2,0,1,8.088187998428232,305,0,0,96,198,50.89851193235367
2024-09-04 12:00:00,2,2,1,11.117226075457989,152,0,0,21,95,55.11435419090401
2024-09-04 13:00:00,2,1,0,19.564959667366143,196,1,1,22,177,53.41613714130269
2024-09-04 14:00:00,2,2,2,7.264357702394624,439,0,1,95,364,45.73021600832964
2024-09-04 15:00:00,1,1,2,13.820982022657214,207,1,0,59,151,56.03474857807551
2024-09-04 16:00:00,1,1,2,4.277605586709365,397,0,1,76,308,35.00350374947891
2024-09-04 17:00:00,2,2,1,3.3130578199463327,189,1,1,85,212,31.39937648059084
2024-09-04 18:00:00,2,1,2,15.889162113921566,192,1,1,40,246,53.05882992925709
2024-09-04 19:00:00,2,2,1,17.038055989756145,158,1,1,86,189,61.99174337774035
2024-09-04 20:00:00,0,2,1,13.697922211638891,472,0,1,32,403,52.08564331581817
2024-09-04 21:00:00,1,2,1,4.005720913345026,408,0,0,86,255,44.49463825801932
2024-09-04 22:00:00,2,0,0,5.571171347208233,369,1,1,79,358,44.27060409279608
2024-09-04 23:00:00,2,1,2,18.31233845380712,113,0,0,67,96,58.16159613240168
2024-09-05 00:00:00,0,1,1,6.48537692719537,320,1,0,76,262,33.90824326557287
2024-09-05 01:00:00,0,1,2,16.55834980774523,235,1,1,80,275,54.542484346532746
2024-09-05 02:00:00,2,1,0,6.432808489297631,405,0,0,19,276,30.021399983217368
2024-09-05 03:00:00,0,0,2,18.849788817145257,372,0,0,77,261,82.52366176406342
2024-09-05 04:00:00,2,2,0,18.374605343903056,50,0,1,53,29,58.21722637584733
2024-09-05 05:00:00,2,2,1,1.8220002989469712,56,0,0,79,29,18.726658707415808
2024-09-05 06:00:00,0,2,1,15.637865750480763,442,1,1,91,376,62.16072362118272
2024-09-05 07:00:00,1,1,0,4.219773444453734,50,1,1,80,143,49.39400460697493
2024-09-05 08:00:00,2,2,1,5.090160892221248,310,0,0,96,233,30.407100742649675
2024-09-05 09:00:00,1,2,2,9.73705903429804,96,1,1,17,180,50.43905564368367
2024-09-05 10:00:00,2,2,2,11.950044845239551,405,0,1,97,286,47.38378680988959
2024-09-05 11:00:00,0,1,0,7.190194660439348,315,1,1,37,314,36.207648292080926
2024-09-05 12:00:00,2,2,2,11.932283945529974,51,0,1,64,92,43.802827359143
2024-09-05 13:00:00,1,1,1,4.242509055481595,72,0,1,76,62,35.42295662657819
2024-09-05 14:00:00,1,2,1,1.4244154332397043,408,1,1,86,346,36.62666941416475
2024-09-05 15:00:00,2,2,1,11.8532633788735,489,0,1,48,435,48.93055557579769
2024-09-05 16:00:00,1,1,2,10.830889939284058,452,1,0,42,371,53.46716222960912
2024-09-05 17:00:00,1,2,1,14.103425317442571,471,1,1,89,412,66.43079545189472
2024-09-05 18:00:00,0,0,2,13.346619177388666,352,1,1,84,358,67.13378984606763
2024-09-05 19:00:00,2,1,0,18.052241224445154,133,0,1,38,118,54.07625542033489
2024-09-05 20:00:00,1,0,1,9.729903783069371,253,1,0,98,222,78.14877631611901
2024-09-05 21:00:00,1,2,0,1.1590200191658986,276,1,0,26,247,41.31516345951897
2024-09-05 22:00:00,2,2,2,12.982400950340228,485,0,1,46,361,52.77361963967644
2024-09-05 23:00:00,1,0,2,13.82751616246115,301,0,1,15,241,86.98835184367714
2024-09-06 00:00:00,2,2,0,10.908404798523424,354,0,1,55,297,42.609720918102575
2024-09-06 01:00:00,2,0,1,14.096792534583098,200,1,0,23,203,61.02140624219021
2024-09-06 02:00:00,0,1,1,7.148092451486901,296,1,0,92,280,38.16366953750477
2024-09-06 03:00:00,0,1,1,3.827357760630505,355,1,1,46,370,37.45575389023961
2024-09-06 04:00:00,0,2,0,13.626519615171723,66,0,0,85,61,47.23271555534899
2024-09-06 05:00:00,2,0,2,5.658542155095045,353,0,1,92,298,59.24496144489729
2024-09-06 06:00:00,1,0,0,9.670002276399892,426,1,1,94,444,74.02642753370749
2024-09-06 07:00:00,2,2,2,10.340831881621323,51,0,1,38,90,50.53922390583495
2024-09-06 08:00:00,2,2,1,10.06679145889938,246,1,0,90,223,38.544795289698456
2024-09-06 09:00:00,2,1,1,12.370533729919162,495,0,0,58,370,36.98553033885816
2024-09-06 10:00:00,0,0,2,1.5596204695913185,390,0,0,11,254,52.79350869447941
2024-09-06 11:00:00,1,1,1,19.803967403671678,318,0,1,79,293,74.34986078907332
2024-09-06 12:00:00,0,2,0,14.609899004832856,110,0,1,98,109,57.7302253382254
2024-09-06 13:00:00,1,2,2,9.082367854176493,316,1,0,92,280,57.69259354786765
2024-09-06 14:00:00,2,2,1,4.635270575514642,146,1,1,79,213,31.979691225796312
2024-09-06 15:00:00,0,1,1,2.523369126423769,332,1,0,74,285,18.43775244895887
2024-09-06 16:00:00,2,0,1,13.771617991896315,296,1,0,55,251,68.13090058647902
2024-09-06 17:00:00,2,2,1,7.022156684212607,84,1,1,72,178,38.35700998846354
2024-09-06 18:00:00,2,0,2,5.360090706747492,323,0,0,94,196,48.74358185432039
2024-09-06 19:00:00,0,1,2,8.219133355134336,117,0,1,30,121,29.81439771043784
2024-09-06 20:00:00,0,2,1,12.265538668346492,238,0,1,36,199,53.29400356106112
2024-09-06 21:00:00,0,2,0,13.762399116996022,90,0,1,72,109,58.4985133568011
2024-09-06 22:00:00,2,2,0,13.258231317736072,145,1,0,32,138,54.429176240443184
2024-09-06 23:00:00,2,0,0,17.402046086347497,220,1,0,48,190,75.59503248052712
2024-09-07 00:00:00,0,1,0,5.15639119033219,482,0,0,67,388,22.438744354006584
2024-09-07 01:00:00,2,1,2,13.098177100745575,444,1,0,54,340,39.81127957795662
2024-09-07 02:00:00,1,2,2,2.921173147535788,116,1,1,90,168,50.58085224087478
2024-09-07 03:00:00,0,1,0,11.41075910808438,484,1,0,23,417,40.00826134116064
2024-09-07 04:00:00,2,0,2,12.095209647303754,357,0,0,31,267,54.20572242739704
2024-09-07 05:00:00,1,1,0,5.108508679749299,168,1,1,26,215,37.72463430816784
2024-09-07 06:00:00,0,2,1,8.4421694698335,390,0,1,38,352,43.88675882004243
2024-09-07 07:00:00,2,1,1,16.716664902092248,220,1,1,47,224,53.90296217333957
2024-09-07 08:00:00,0,2,0,3.819772021306305,235,0,1,99,238,41.0147240737201
2024-09-07 09:00:00,2,1,2,9.255617754700964,119,0,0,40,111,43.03356374692271
2024-09-07 10:00:00,1,1,0,18.721928353017585,294,0,1,67,287,68.90236993700401
2024-09-07 11:00:00,1,1,2,10.578069626292418,462,0,0,26,335,63.85315525679027
2024-09-07 12:00:00,1,1,1,14.777540524832451,208,0,0,32,137,69.91728817906377
2024-09-07 13:00:00,0,0,2,16.710454751555467,333,1,0,91,296,81.46516727293657
2024-09-07 14:00:00,2,1,0,4.871713122064357,156,0,1,94,134,29.49226651404553
2024-09-07 15:00:00,0,2,1,5.146127475125715,483,1,1,29,443,45.1092436390873
2024-09-07 16:00:00,2,0,1,15.413237665869287,85,1,0,85,109,74.49726342553099
2024-09-07 17:00:00,0,2,2,15.312828025351616,397,0,0,13,284,56.20483982051117
2024-09-07 18:00:00,0,0,1,2.143483092152762,452,1,1,82,405,48.36918677474641
2024-09-07 19:00:00,2,0,1,7.127466573204323,244,1,1,84,292,53.15267500383669
2024-09-07 20:00:00,2,2,2,8.57211734626032,317,1,0,58,273,47.50993875856365
2024-09-07 21:00:00,1,2,1,16.75176766595192,125,0,0,35,105,76.28237703027753
2024-09-07 22:00:00,1,1,0,9.015382853165011,329,1,1,41,322,48.95086836529317
2024-09-07 23:00:00,2,2,2,18.59264891766163,370,1,1,37,372,56.07538912387929
2024-09-08 00:00:00,2,0,2,19.93554776567216,397,0,0,60,271,77.28701625946732
2024-09-08 01:00:00,2,2,2,15.833797148192644,129,0,1,49,117,53.8419078619471
2024-09-08 02:00:00,1,2,2,13.661347101777892,454,1,1,46,397,77.51955734802175
2024-09-08 03:00:00,2,2,0,8.446046153755333,147,1,1,60,180,40.83501484696082
2024-09-08 04:00:00,0,1,2,2.2737494749886342,331,1,0,66,226,20.280780890437235
2024-09-08 05:00:00,2,0,0,11.88963637152648,167,1,1,89,207,64.55591254308285
2024-09-08 06:00:00,0,2,2,7.872393205335827,468,1,1,81,390,47.15504736886895
2024-09-08 07:00:00,2,1,2,7.667063440814528,272,0,1,76,234,29.64394251194358
2024-09-08 08:00:00,0,0,1,14.066475801479276,301,0,1,12,261,80.51624392401476
2024-09-08 09:00:00,2,2,1,9.80914781333608,129,1,1,83,167,50.57835164535436
2024-09-08 10:00:00,0,2,0,15.289783050657553,363,1,1,72,347,57.26978478608274
2024-09-08 11:00:00,2,2,1,8.565291231022204,219,1,1,21,239,38.22690004514859
2024-09-08 12:00:00,0,1,2,3.86640432424469,462,1,1,88,393,20.483305795295596
2024-09-08 13:00:00,1,0,0,9.765602997614684,206,0,0,60,129,92.70544128610766
2024-09-08 14:00:00,2,2,1,19.069237772181904,442,0,0,20,322,59.9553441516227
2024-09-08 15:00:00,1,1,2,16.228967953214607,383,1,1,15,367,62.50839917363404
2024-09-08 16:00:00,0,1,1,4.909235846393967,426,1,0,21,388,27.52021476841112
2024-09-08 17:00:00,2,0,1,8.434709531253912,377,0,1,91,299,50.56116177105649
2024-09-08 18:00:00,2,1,1,18.628049809190216,51,0,1,34,81,58.94961299048399
2024-09-08 19:00:00,2,0,1,3.3502821158047635,252,0,0,35,162,49.14166884291032
2024-09-08 20:00:00,0,1,2,5.825054595433784,307,1,0,97,233,30.3948610678343
2024-09-08 21:00:00,0,2,1,5.982230271566031,300,1,1,67,285,32.79756600003501
2024-09-08 22:00:00,2,0,0,11.847724637577686,416,1,1,89,363,63.08297868981383
2024-09-08 23:00:00,0,1,0,8.803933074515133,195,0,1,45,190,40.14110354493689
2024-09-09 00:00:00,1,2,1,2.517542805929698,374,1,0,45,289,39.9426194920935
2024-09-09 01:00:00,1,2,0,12.954447636964629,427,0,0,30,288,70.5784177657549
2024-09-09 02:00:00,0,2,1,2.8824794258828543,490,0,1,58,380,41.76934787240098
2024-09-09 03:00:00,1,2,2,12.521883707602484,456,1,1,93,396,67.471573642451
2024-09-09 04:00:00,0,2,2,10.63315922429449,324,0,1,69,272,46.46044285271112
2024-09-09 05:00:00,2,2,0,10.37970455378094,68,0,0,71,94,42.57872370836449
2024-09-09 06:00:00,1,0,0,2.2824286606853663,491,1,1,28,442,61.93654137402761
2024-09-09 07:00:00,2,2,1,13.14518849078718,417,1,1,20,394,57.03659390180745
2024-09-09 08:00:00,2,1,1,9.195084913197284,482,0,1,87,348,31.00980665556773
2024-09-09 09:00:00,2,0,1,8.811016323428046,478,1,0,89,374,57.18300073152341
2024-09-09 10:00:00,1,2,2,12.332576531952196,301,0,1,12,246,61.28237995009397
2024-09-09 11:00:00,1,1,1,12.5187131389844,333,0,1,66,289,53.36383986488888
2024-09-09 12:00:00,2,1,2,1.285632619477782,380,1,0,95,324,24.0741206399007
2024-09-09 13:00:00,2,1,0,3.3792921228609263,99,0,0,78,70,21.598917742835187
2024-09-09 14:00:00,2,1,2,5.493846196049692,444,0,0,62,307,20.736037037587607
2024-09-09 15:00:00,0,1,0,13.881569333573603,360,0,0,75,250,40.85197792947984
2024-09-09 16:00:00,2,1,2,11.958081413562542,186,0,1,21,174,37.77273830290243
2024-09-09 17:00:00,0,2,2,15.39495351531032,447,1,0,71,310,68.16243727285386
2024-09-09 18:00:00,2,1,1,15.071548305333282,275,0,0,54,187,39.97057929653763
2024-09-09 19:00:00,2,1,0,17.210474514916864,270,1,1,66,258,52.21486024494021
2024-09-09 20:00:00,2,1,2,8.159482364175865,162,0,0,11,66,34.91058241204926
2024-09-09 21:00:00,2,1,2,7.556213457482753,198,1,0,64,182,23.485554300176084
2024-09-09 22:00:00,1,1,0,16.789292658015803,97,1,1,28,125,58.76865542672185
2024-09-09 23:00:00,2,2,2,5.514429143476506,107,0,1,70,126,33.283488602837444
2024-09-10 00:00:00,2,0,0,9.762275099798533,246,0,1,33,207,62.39749939433421
2024-09-10 01:00:00,2,0,0,4.692187388422745,274,1,1,14,255,39.530533161281234
2024-09-10 02:00:00,2,0,0,18.362974100645054,186,0,0,35,144,83.05064544254026
2024-09-10 03:00:00,2,1,2,8.748257248835882,244,0,1,44,232,27.45074707746176
2024-09-10 04:00:00,2,1,2,5.037251066385738,255,1,1,28,278,22.41382721578201
2024-09-10 05:00:00,0,1,1,14.148254420809328,67,0,1,40,87,37.39693346152804
2024-09-10 06:00:00,0,2,0,5.648248885999094,317,1,0,92,240,38.19059644648032
2024-09-10 07:00:00,2,1,2,18.926568460234243,264,1,1,53,262,60.98777373263479
2024-09-10 08:00:00,2,2,2,7.984723281378818,255,0,0,28,175,35.98154733342015
2024-09-10 09:00:00,1,1,0,13.628173529934903,173,0,0,93,93,64.53420295852641
2024-09-10 10:00:00,2,1,0,7.559653691990855,65,0,1,90,103,21.893169937889017
2024-09-10 11:00:00,2,0,0,16.337666076876,214,1,0,21,219,68.04111484712507
2024-09-10 12:00:00,2,2,1,18.04153207943274,197,0,1,44,180,61.09768396198596
2024-09-10 13:00:00,2,0,1,15.970448828880937,325,1,0,99,266,73.40062143040176
2024-09-10 14:00:00,0,2,1,17.12148135582288,448,0,1,67,400,65.99759322506627
2024-09-10 15:00:00,2,0,0,2.9357357308150838,282,1,1,81,301,38.60610211711893
2024-09-10 16:00:00,0,2,2,18.55722886362826,74,0,1,34,107,74.66843528376592
2024-09-10 17:00:00,2,0,0,12.861713848630329,450,0,0,34,303,64.88421698463029
2024-09-10 18:00:00,2,1,2,17.515133111157795,317,1,1,95,332,54.517290615842406
2024-09-10 19:00:00,0,2,1,14.004298519522893,414,0,0,22,291,54.31467456183464
2024-09-10 20:00:00,2,2,1,4.835105702330497,475,1,0,51,377,36.39804742928512
2024-09-10 21:00:00,0,1,1,12.581546931267852,344,0,1,24,238,43.288046875988165
2024-09-10 22:00:00,2,0,2,2.7279785547396784,489,0,0,32,363,50.624553728332565
2024-09-10 23:00:00,0,0,2,14.218737574145011,486,0,0,37,343,76.37466476168426
2024-09-11 00:00:00,2,2,0,8.771021680530882,120,1,1,22,161,44.06890018203657
2024-09-11 01:00:00,1,1,0,3.88293028890397,249,0,0,84,191,37.96590632436404
2024-09-11 02:00:00,2,2,0,19.605366501499866,96,0,0,53,74,55.77718913276488
2024-09-11 03:00:00,1,0,1,18.120604060002943,74,0,1,87,120,98.74481386639792
2024-09-11 04:00:00,2,2,0,17.977330554661823,262,0,1,61,218,72.39568339316202
2024-09-11 05:00:00,0,1,1,15.987585820692804,483,1,1,44,417,53.24367058961733
2024-09-11 06:00:00,2,2,2,14.147641377726837,423,0,1,56,337,49.84291604081896
2024-09-11 07:00:00,1,1,1,13.446510125552658,82,1,0,44,80,55.58495474357495
2024-09-11 08:00:00,2,2,1,3.0157829163732504,263,0,0,59,178,37.373090254259736
2024-09-11 09:00:00,2,1,1,18.11075847105063,260,1,1,96,287,49.38473340034294
2024-09-11 10:00:00,2,2,2,17.7414395297876,78,1,0,49,79,68.1063828384881
2024-09-11 11:00:00,2,2,2,15.209199903972214,308,0,1,86,271,57.52194795978409
2024-09-11 12:00:00,2,1,0,18.61898422242733,88,1,1,79,109,47.31333806365109
2024-09-11 13:00:00,1,1,0,11.508585576561847,309,0,0,51,224,58.03945739733714
2024-09-11 14:00:00,1,1,0,9.50520435963355,214,0,1,24,208,52.98188292442641
2024-09-11 15:00:00,2,1,2,19.39100064115929,144,1,0,69,131,50.41803972186736
2024-09-11 16:00:00,1,1,2,9.818492568155463,439,1,0,67,335,50.86067482978232
2024-09-11 17:00:00,0,0,2,13.185164380275996,269,1,0,78,246,65.19133134072113
2024-09-11 18:00:00,2,0,2,8.08818079031034,443,0,1,42,337,56.34322509785133
2024-09-11 19:00:00,0,0,2,13.09019829437483,317,1,0,49,294,74.16966976132578
2024-09-11 20:00:00,0,0,1,14.681880916888066,167,1,0,11,155,71.2909950552333
2024-09-11 21:00:00,1,1,0,12.868454980482458,115,0,0,42,69,59.60147942277114
2024-09-11 22:00:00,2,1,1,10.776695883107756,436,0,1,34,320,35.7088809215899
2024-09-11 23:00:00,0,1,0,6.702105154879424,242,1,0,68,222,30.94445334074631
2024-09-12 00:00:00,2,0,1,13.233067846588243,369,0,1,36,309,75.90956546520617
2024-09-12 01:00:00,2,2,2,18.260149009965893,84,1,0,65,111,66.57673408888922
2024-09-12 02:00:00,2,1,0,1.13133923222368,457,0,0,34,347,5.19104176627329
2024-09-12 03:00:00,1,1,1,3.544651521164117,224,1,0,14,181,43.59952000040672
2024-09-12 04:00:00,1,2,0,3.2756900114972582,161,1,1,71,194,46.95028204717557
2024-09-12 05:00:00,0,2,2,18.540900754964227,357,1,1,52,320,68.8579750461574
2024-09-12 06:00:00,0,0,2,13.59220609028968,339,1,1,77,312,70.05686484930479
2024-09-12 07:00:00,2,1,0,19.08397402293286,389,1,0,87,333,48.32261656437545
2024-09-12 08:00:00,2,0,0,12.073452191036138,129,0,0,90,106,71.50130069917263
2024-09-12 09:00:00,2,2,2,9.77292504602582,160,1,0,45,154,43.25612569717502
2024-09-12 10:00:00,2,2,2,16.054515324472888,458,1,1,19,421,55.00413102061002
2024-09-12 11:00:00,0,0,2,4.0579030820292665,462,1,1,31,449,45.91576920918428
2024-09-12 12:00:00,0,0,1,8.245424210029107,141,1,1,95,180,64.72430085086604
2024-09-12 13:00:00,2,1,0,9.859210570150251,497,0,0,37,364,29.7662943369792
2024-09-12 14:00:00,2,1,2,6.670709495730246,486,1,1,57,442,23.098184454222512
2024-09-12 15:00:00,2,2,0,8.054426635761091,235,1,0,69,189,46.03233118695407
2024-09-12 16:00:00,2,2,1,2.483998551563947,90,0,0,93,60,16.43160860701564
2024-09-12 17:00:00,1,2,1,4.761688199541601,136,0,0,72,82,43.15852940996702
2024-09-12 18:00:00,0,0,2,7.374437686287639,273,1,0,11,261,63.20342283989515
2024-09-12 19:00:00,1,1,0,16.121918231429554,100,1,0,32,87,67.72582128220921
2024-09-12 20:00:00,2,2,1,4.467449742014414,175,0,1,60,130,27.04767007833865
2024-09-12 21:00:00,2,1,0,7.586167105700269,195,1,1,89,195,37.11826993078543
2024-09-12 22:00:00,2,0,0,2.2334854757417686,90,1,0,37,91,48.071508948574646
2024-09-12 23:00:00,1,0,2,11.584982551705512,404,1,1,87,378,74.04213505057216
2024-09-13 00:00:00,0,2,1,12.613766874677628,494,0,0,10,316,58.85811133146994
2024-09-13 01:00:00,2,1,1,17.444812805781172,412,0,0,24,293,51.11845847023227
2024-09-13 02:00:00,0,2,1,16.563203971537316,73,1,1,24,148,61.6802147932543
2024-09-13 03:00:00,2,2,0,6.4221811389937296,352,0,0,98,238,40.8680098206425
2024-09-13 04:00:00,0,1,1,3.6021200946073346,333,0,1,52,279,24.06663077446008
2024-09-13 05:00:00,1,0,1,3.965580461997671,85,0,0,14,69,66.78840324992082
2024-09-13 06:00:00,0,0,0,19.41031491776845,326,1,1,81,323,80.98883558812659
2024-09-13 07:00:00,0,2,1,13.79129046613979,233,0,0,95,165,59.98860149228581
2024-09-13 08:00:00,2,2,1,1.8088449682615468,374,0,0,47,222,25.2973358004337
2024-09-13 09:00:00,2,1,0,3.598805845856797,203,0,1,72,179,20.976335504938834
2024-09-13 10:00:00,2,2,1,10.23020123691816,231,1,0,52,178,40.29440425604011
2024-09-13 11:00:00,2,2,2,4.948747281569276,349,0,0,60,256,29.0956941598419
2024-09-13 12:00:00,0,1,0,16.269520715000358,466,1,1,87,406,58.65335162828082
2024-09-13 13:00:00,0,1,1,11.891125233817933,203,0,1,92,221,48.57351789399085
2024-09-13 14:00:00,2,1,2,12.640011947996667,426,1,1,35,412,47.42905926869807
2024-09-13 15:00:00,1,1,0,9.793685412935025,199,0,0,55,166,51.917700974341415
2024-09-13 16:00:00,2,2,1,5.865192733099994,453,0,0,21,309,47.37825134263561
2024-09-13 17:00:00,2,2,0,12.198668650848385,51,1,1,21,112,45.36613551543854
2024-09-13 18:00:00,2,2,2,14.622430877053905,346,1,0,38,275,55.92423351400374
2024-09-13 19:00:00,2,1,0,8.048013474973171,103,0,1,70,141,20.013935761879925
2024-09-13 20:00:00,2,2,1,10.593928981738872,490,1,1,50,456,47.76718327256425
2024-09-13 21:00:00,2,0,2,16.953995438968633,451,0,0,29,310,68.8005098903376
2024-09-13 22:00:00,2,2,0,3.8249534746267457,438,1,0,55,369,31.702937506964
2024-09-13 23:00:00,1,0,1,11.359263966207909,295,0,0,39,201,70.57880655383113
2024-09-14 00:00:00,2,2,1,7.619840574755335,95,1,1,48,160,36.20435354125564
2024-09-14 01:00:00,2,2,2,14.353100406127378,124,0,0,49,77,62.95833203786741
2024-09-14 02:00:00,2,1,2,1.3573946200854985,198,0,0,60,178,21.118293009166784
2024-09-14 03:00:00,0,2,0,13.738992696260585,455,1,1,11,445,51.80849803073984
2024-09-14 04:00:00,2,0,1,2.9550569463075607,52,1,0,99,92,45.91681386668786
2024-09-14 05:00:00,1,0,2,2.230587306879502,58,0,1,74,85,65.37270365114102
2024-09-14 06:00:00,0,0,1,14.767842718213648,51,0,0,37,1,64.07730868990517
2024-09-14 07:00:00,0,1,0,13.166500905177395,287,0,1,60,252,51.857510255897495
2024-09-14 08:00:00,0,2,2,18.003782686960516,77,1,0,17,105,65.25335582665663
2024-09-14 09:00:00,2,2,0,10.873444160212255,339,0,0,40,208,60.11145632030946
2024-09-14 10:00:00,2,2,0,11.070464085016177,230,1,1,48,286,42.95154539169185
2024-09-14 11:00:00,2,1,2,14.43333887595446,364,1,0,69,323,47.84379066815438
2024-09-14 12:00:00,0,0,0,7.144553950711773,315,1,0,92,242,49.32654047488423
2024-09-14 13:00:00,2,0,1,1.7013366530167184,132,1,0,86,135,42.65561595583159
2024-09-14 14:00:00,2,2,2,5.370870688662099,398,1,1,25,373,34.6253907629344
2024-09-14 15:00:00,1,1,1,5.522254826030966,302,1,0,32,250,37.05530852262421
2024-09-14 16:00:00,2,1,0,7.377518155285683,307,1,1,20,310,29.487913124756258
2024-09-14 17:00:00,1,2,2,18.925791927768795,97,1,0,97,95,80.91525411921889
2024-09-14 18:00:00,0,1,1,16.29201317459981,183,0,1,63,175,60.84861036762431
2024-09-14 19:00:00,2,0,1,18.78316865889865,349,0,1,83,297,79.12287771951466
2024-09-14 20:00:00,2,2,1,19.973582212147008,487,1,0,78,368,64.73093017412491
2024-09-14 21:00:00,2,2,1,9.241801077653845,248,0,1,21,238,44.67181209578744
2024-09-14 22:00:00,0,2,1,5.314393016925788,341,1,1,45,329,43.16340075342566
2024-09-14 23:00:00,0,1,0,11.640079063849733,185,1,1,66,209,43.37578082608244
2024-09-15 00:00:00,0,0,0,17.741553865014257,132,1,0,35,114,87.44858519343734
2024-09-15 01:00:00,1,2,0,9.848905359276984,315,1,1,89,323,57.98923156068025
2024-09-15 02:00:00,0,0,0,10.602586748872817,466,1,1,75,418,58.70364350187292
2024-09-15 03:00:00,2,2,0,3.554343012628707,407,1,0,99,309,30.56172167293878
2024-09-15 04:00:00,2,2,0,8.98865435878746,268,1,1,13,271,43.73684540272949
2024-09-15 05:00:00,1,1,0,8.352901386362984,398,1,0,25,311,48.26864925805331
2024-09-15 06:00:00,2,2,1,7.682081554443543,68,1,1,31,154,45.092016127206826
2024-09-15 07:00:00,2,2,0,17.858674728559798,67,0,0,73,77,67.61712455384593
2024-09-15 08:00:00,0,2,1,2.1267272310343257,420,0,0,79,291,28.485659530072496
2024-09-15 09:00:00,2,2,2,19.470796475049596,228,0,1,20,217,63.68329698362856
2024-09-15 10:00:00,1,1,0,1.1566896801895843,72,0,1,51,112,41.31725659649271
2024-09-15 11:00:00,0,0,1,18.96628626504637,434,1,1,94,370,76.41262938592125
2024-09-15 12:00:00,2,0,2,11.412902553932328,364,1,0,99,295,59.09273763869931
2024-09-15 13:00:00,1,1,2,14.3464596436022,293,1,0,48,254,60.42264190928946
2024-09-15 14:00:00,2,0,1,4.555524144207341,156,0,0,56,119,38.76625404454568
2024-09-15 15:00:00,2,1,1,13.430019241315533,180,0,0,31,120,34.057849264644965
2024-09-15 16:00:00,2,2,1,17.75719570202692,59,0,1,39,65,63.7989846368934
2024-09-15 17:00:00,2,1,0,3.65012265683938,428,0,0,39,309,25.60761063358189
2024-09-15 18:00:00,2,0,2,3.4145506331925093,248,0,0,42,178,49.8701639063108
2024-09-15 19:00:00,2,1,0,6.775580273839982,354,1,1,39,354,30.050518643445287
2024-09-15 20:00:00,2,2,0,4.072791957032565,361,1,0,46,250,28.58307862878181
2024-09-15 21:00:00,2,2,0,3.102271113773595,139,1,1,62,187,30.811092781452004
2024-09-15 22:00:00,0,1,2,13.888061683720544,193,0,1,39,178,53.02280216454759
2024-09-15 23:00:00,1,2,2,5.062705664337325,344,1,1,35,321,42.178725026275785
2024-09-16 00:00:00,2,1,2,13.67328308863774,158,0,1,15,136,47.764333225282016
2024-09-16 01:00:00,2,2,1,17.37665531520051,401,1,0,63,301,52.53610680665221
2024-09-16 02:00:00,2,0,0,13.38847103684701,253,0,1,65,229,70.8607560414398
2024-09-16 03:00:00,2,0,1,3.2679743283926173,93,1,1,13,140,43.24243834095444
2024-09-16 04:00:00,0,0,1,11.897973906901456,57,0,0,88,20,66.38934949816714
2024-09-16 05:00:00,0,1,0,8.478945000019465,441,1,0,45,347,30.80275918913876
2024-09-16 06:00:00,2,1,2,7.5240477977274,350,0,0,72,228,46.24674836311995
2024-09-16 07:00:00,2,2,0,7.052097903966812,444,1,0,12,349,40.99875285066794
2024-09-16 08:00:00,2,1,1,18.659212252573266,402,1,1,66,369,59.05230150454039
2024-09-16 09:00:00,0,0,2,15.107641676876828,202,1,0,89,185,66.28789337156155
2024-09-16 10:00:00,2,1,2,3.543127002025605,66,0,0,25,27,26.56463466971246
2024-09-16 11:00:00,1,0,1,10.044104114916813,388,0,1,49,338,80.37136471115628
2024-09-16 12:00:00,0,1,2,7.046238429824472,286,1,1,62,305,34.49629175849544
2024-09-16 13:00:00,2,0,2,19.580827938373204,488,1,1,15,430,77.12825534122778
2024-09-16 14:00:00,0,1,0,19.58255048611022,384,1,0,30,315,54.6346897793356
2024-09-16 15:00:00,1,1,0,7.071155012327664,105,0,0,86,82,47.36045869015304
2024-09-16 16:00:00,0,2,1,7.690149206763639,93,0,1,18,126,40.88570035797951
2024-09-16 17:00:00,2,1,1,12.388869935594366,358,1,0,72,300,40.97445171486248
2024-09-16 18:00:00,2,2,1,10.106833272222502,290,1,0,52,252,50.7927721809819
2024-09-16 19:00:00,1,2,2,5.048916571010387,468,0,0,81,333,57.74075167490169
2024-09-16 20:00:00,0,1,1,13.547831172783615,88,0,1,37,119,49.59236867709743
2024-09-16 21:00:00,0,0,0,7.348444233629531,179,0,0,54,82,57.97371981498415
2024-09-16 22:00:00,1,2,2,13.420613468311185,147,1,0,67,120,69.92584595349595
2024-09-16 23:00:00,1,2,1,8.289948924228195,330,0,1,92,292,60.53663100360785
2024-09-17 00:00:00,1,2,2,14.30398798326916,471,0,0,38,308,60.9846434840029
2024-09-17 01:00:00,2,2,2,13.68818994690336,129,1,1,63,180,51.24748865709267
2024-09-17 02:00:00,0,1,2,10.667442362499012,337,0,1,66,269,38.00152531153041
2024-09-17 03:00:00,0,1,1,14.390059823505783,384,0,0,42,273,52.07527850089762
2024-09-17 04:00:00,0,2,2,9.75834784840829,283,1,0,79,174,37.70835965261987
2024-09-17 05:00:00,0,2,2,3.206627693352335,383,0,0,73,273,35.141485109220305
2024-09-17 06:00:00,2,1,2,4.460018813409738,218,1,0,13,189,26.324470112069356
2024-09-17 07:00:00,0,2,0,5.673869549146644,128,1,0,25,110,35.097131857421616
2024-09-17 08:00:00,0,2,1,2.201349636288235,120,1,0,12,141,34.310334290534634
2024-09-17 09:00:00,2,1,0,14.516243191982731,312,1,1,98,342,45.90928162615005
2024-09-17 10:00:00,2,1,2,7.980414309800749,249,0,0,72,131,19.26328796901725
2024-09-17 11:00:00,2,2,2,2.7769426302129485,260,1,0,90,208,30.51087324667836
2024-09-17 12:00:00,2,1,0,16.579204293786027,67,0,1,31,66,44.39721407308165
2024-09-17 13:00:00,2,1,2,13.989431404807924,322,0,0,91,189,38.27847423764435
2024-09-17 14:00:00,2,1,0,9.592260505426315,259,0,1,27,233,39.1721682479335
2024-09-17 15:00:00,0,0,2,5.701081366761951,166,0,0,66,94,67.31414973075323
2024-09-17 16:00:00,0,2,2,3.883171982064088,153,1,1,99,175,41.27787142141731
2024-09-17 17:00:00,0,1,2,9.709109643346178,126,0,0,34,72,42.85721202485182
2024-09-17 18:00:00,1,1,2,17.819669117200686,364,0,0,37,253,56.971319196439865
2024-09-17 19:00:00,2,2,1,4.579511142167429,60,0,0,49,64,31.63417850932457
2024-09-17 20:00:00,2,2,1,11.80452535083827,430,1,1,32,397,49.73825014991262
2024-09-17 21:00:00,1,2,1,19.272033909222863,100,0,1,17,125,74.4593013589512
2024-09-17 22:00:00,2,0,0,13.105214920527644,56,0,1,22,72,78.62969396628205
2024-09-17 23:00:00,1,2,0,9.3593298729615,460,0,1,53,389,58.22355788039855
2024-09-18 00:00:00,1,1,0,14.61108648583926,492,0,1,56,415,66.76148756465565
2024-09-18 01:00:00,0,2,0,16.666980461355422,86,1,0,19,117,65.8261745601912
2024-09-18 02:00:00,1,0,1,12.21980965985,310,1,1,50,291,81.7922944891576
2024-09-18 03:00:00,2,2,0,17.56481482086686,111,1,0,76,133,62.08509709651193
2024-09-18 04:00:00,2,2,0,10.777243428139016,249,1,1,83,288,56.14398038715702
2024-09-18 05:00:00,0,1,0,16.77055104191888,379,1,0,58,321,52.83231581964432
2024-09-18 06:00:00,2,1,2,19.08836556770821,139,0,1,73,143,47.77734579528755
2024-09-18 07:00:00,1,2,0,10.523625873446823,128,1,0,24,112,60.42300996850298
2024-09-18 08:00:00,2,0,2,12.49503259612118,104,1,0,97,116,59.61103971922565
2024-09-18 09:00:00,0,2,0,12.579883316046864,449,0,1,70,354,50.35351091349651
2024-09-18 10:00:00,0,2,0,15.847262408367522,270,1,0,83,169,59.18026172121628
2024-09-18 11:00:00,0,1,2,16.636350963371033,141,0,1,61,135,50.02675413138096
2024-09-18 12:00:00,2,1,0,1.517357007915154,123,1,0,94,131,4.397380325601015
2024-09-18 13:00:00,2,2,2,14.933831717717368,105,0,0,55,82,54.60713927460137
2024-09-18 14:00:00,1,1,0,15.892489647974516,281,0,1,68,277,65.04775241085154
2024-09-18 15:00:00,2,2,0,14.3081593497065,228,1,0,57,226,52.245851429536586
2024-09-18 16:00:00,1,1,2,14.560217527138825,479,0,0,48,344,67.86026480010634
2024-09-18 17:00:00,0,2,1,1.7866543245011195,110,1,1,51,150,36.64999129484816
2024-09-18 18:00:00,0,0,2,9.398734577029217,409,1,1,60,378,67.61503985799315
2024-09-18 19:00:00,0,2,1,16.545413344713072,166,1,1,59,197,55.66465434021549
2024-09-18 20:00:00,2,1,2,18.74613568460697,127,1,1,75,135,52.35596399158553
2024-09-18 21:00:00,0,2,1,5.359890490866761,285,0,0,50,252,44.796541931922384
2024-09-18 22:00:00,1,0,0,12.004703866703109,82,0,1,67,85,75.74267524003622
2024-09-18 23:00:00,2,2,1,16.28227455146109,104,0,1,13,85,68.24428088753847
2024-09-19 00:00:00,1,1,0,15.295745214324528,292,0,1,58,216,65.797183704329
2024-09-19 01:00:00,2,1,2,12.758912222621504,323,0,0,12,221,43.76389111476657
2024-09-19 02:00:00,2,1,1,1.3551325769780045,445,1,1,41,421,16.94871660375501
2024-09-19 03:00:00,2,1,0,14.753830962119752,123,0,0,56,71,32.176130228226945
2024-09-19 04:00:00,1,0,2,15.691607562297484,70,0,1,71,109,90.72705441065376
2024-09-19 05:00:00,2,0,1,14.734140625887065,402,0,0,25,288,66.3677745697492
2024-09-19 06:00:00,1,1,0,15.550374068309177,250,0,0,77,168,57.41770912762495
2024-09-19 07:00:00,1,1,1,9.187382960898343,203,0,0,27,121,46.63694620750342
2024-09-19 08:00:00,2,1,1,19.881290772582428,303,1,1,15,318,47.91231811285965
2024-09-19 09:00:00,2,0,0,15.64495140158052,256,0,1,74,232,66.2208271284715
2024-09-19 10:00:00,0,2,0,11.994920100319725,198,1,1,89,228,57.70640125852016
2024-09-19 11:00:00,2,2,2,18.749634125185853,455,1,0,46,383,65.17628653355473
2024-09-19 12:00:00,0,2,0,18.255768449702348,232,0,1,82,218,67.77477761138034
2024-09-19 13:00:00,2,2,0,16.476774241351034,351,1,0,72,270,49.70029583262513
2024-09-19 14:00:00,2,1,1,11.71020346069156,346,0,1,90,312,44.85674912180338
2024-09-19 15:00:00,0,1,0,11.014919363787556,310,0,1,68,293,44.77251257499214
2024-09-19 16:00:00,2,2,1,7.245450707515895,93,0,1,43,122,31.178756609282186
2024-09-19 17:00:00,2,2,1,5.766681602975019,193,0,1,46,180,40.586405674070704
2024-09-19 18:00:00,2,1,0,10.734830822526645,293,0,1,43,289,33.85863973486596
2024-09-19 19:00:00,2,1,0,11.977853472527505,468,0,0,54,358,41.70443316805073
2024-09-19 20:00:00,0,1,0,5.646002197718065,54,1,0,10,86,22.914869507416466
2024-09-19 21:00:00,1,2,0,18.529423629416097,111,0,1,62,100,74.4074331801966
2024-09-19 22:00:00,2,2,2,11.588205937952052,395,1,0,71,302,35.97985858270388
2024-09-19 23:00:00,0,0,1,11.003601182260784,75,1,1,24,188,66.50788693648585
2024-09-20 00:00:00,0,1,2,9.277129378956664,366,0,1,60,293,41.36800697956022
2024-09-20 01:00:00,2,1,2,2.10335461862035,484,1,1,23,452,15.473831164360664
2024-09-20 02:00:00,2,1,1,17.765625354737136,374,1,1,68,330,51.44339463228608
2024-09-20 03:00:00,1,2,2,7.022890302417566,233,1,0,61,189,47.58358858280109
2024-09-20 04:00:00,0,2,0,13.206746354897597,355,1,0,10,277,56.02791823576989
2024-09-20 05:00:00,0,2,0,12.541237620430673,430,0,0,84,312,62.10164255749724
2024-09-20 06:00:00,0,1,0,12.10524968230601,85,0,0,26,64,43.3240613981304
2024-09-20 07:00:00,2,2,0,10.988531838220098,457,1,0,65,413,51.79409270807358
2024-09-20 08:00:00,0,0,1,4.447356835195233,79,0,1,14,70,57.258324477647
2024-09-20 09:00:00,0,0,0,6.331509079911346,118,0,1,26,96,62.37318760095222
2024-09-20 10:00:00,0,0,1,10.9595733541357,281,1,0,27,224,59.22801002438265
2024-09-20 11:00:00,2,2,1,15.997506580341591,225,1,0,98,203,61.184774090991866
2024-09-20 12:00:00,2,0,1,9.207790442357954,327,0,1,64,286,65.62965356261527
2024-09-20 13:00:00,2,1,1,4.8745285078764855,82,0,1,56,105,33.19459035232739
2024-09-20 14:00:00,1,1,2,2.6709440713030936,118,1,1,89,152,30.96858921587813
2024-09-20 15:00:00,2,1,2,13.59720906638646,401,0,0,58,277,42.56279716820321
2024-09-20 16:00:00,2,2,0,9.043459441802128,304,1,1,32,283,36.48788682958548
2024-09-20 17:00:00,2,0,1,3.382046959830196,99,0,0,30,68,44.239965103888025
2024-09-20 18:00:00,2,1,0,13.81487071975269,72,1,1,38,158,36.64173947067346
2024-09-20 19:00:00,0,2,0,4.94399588623309,303,1,1,69,257,45.16425324722386
2024-09-20 20:00:00,0,2,0,10.671304917769865,443,1,0,55,372,56.45598155909878
2024-09-20 21:00:00,0,0,0,6.817571526460349,213,0,1,19,161,61.64457020486604
2024-09-20 22:00:00,2,2,1,18.702111224246007,419,0,1,93,320,63.52919558160486
2024-09-20 23:00:00,0,0,1,5.337473259152146,322,1,1,62,366,57.11916919253191
2024-09-21 00:00:00,2,1,2,8.978451909298542,230,1,0,16,189,32.22395386752491
2024-09-21 01:00:00,2,1,1,19.230378339732116,396,0,0,39,296,56.67528176160889
2024-09-21 02:00:00,2,2,1,7.055778418827993,299,0,1,64,287,44.65965790940181
2024-09-21 03:00:00,2,1,0,13.247270097209002,286,1,0,74,260,45.36957587953409
2024-09-21 04:00:00,2,1,1,7.017813830420179,441,0,1,30,325,35.310441342417946
2024-09-21 05:00:00,0,2,0,3.102824603227731,281,1,0,16,230,49.69852516645511
2024-09-21 06:00:00,0,2,1,12.923397421001564,477,1,0,53,354,59.33571248165399
2024-09-21 07:00:00,1,2,2,18.404599170421463,494,1,0,77,392,71.32510706460575
2024-09-21 08:00:00,2,1,0,9.598728677447744,171,0,1,24,156,29.03844129580901
2024-09-21 09:00:00,2,2,1,12.897354311156876,291,0,0,11,227,45.23671873060412
2024-09-21 10:00:00,2,1,1,12.569069851875838,183,1,0,12,180,39.1203249699988
2024-09-21 11:00:00,1,1,0,8.886704349929643,120,0,0,57,72,47.224164377735
2024-09-21 12:00:00,0,2,2,12.68303613652988,395,0,1,77,325,55.46201020310288
2024-09-21 13:00:00,0,1,2,5.927043603960472,470,1,1,56,426,31.94489587117757
2024-09-21 14:00:00,2,1,1,8.182720187457988,359,0,1,52,299,33.026699149958006
2024-09-21 15:00:00,0,2,1,9.404058270885129,328,1,1,36,301,49.67713488128179
2024-09-21 16:00:00,2,1,1,17.41616498768713,268,1,0,13,220,56.96460386356201
2024-09-21 17:00:00,0,0,0,7.618325001831844,234,1,1,45,242,66.94512576171022
2024-09-21 18:00:00,1,2,0,13.0676039142007,356,1,1,92,298,65.08708233966262
2024-09-21 19:00:00,1,0,0,5.054672910959075,363,0,1,89,320,66.50349690025541
2024-09-21 20:00:00,0,1,1,5.798824852024608,452,0,1,61,352,40.37902496131831
2024-09-21 21:00:00,2,2,2,13.320148633739574,460,1,1,54,399,48.86430850248587
2024-09-21 22:00:00,1,1,0,15.48388861996547,266,0,1,60,250,56.54353244062643
2024-09-21 23:00:00,0,0,2,9.780226353999348,330,0,0,95,235,60.788870359259725
2024-09-22 00:00:00,2,1,1,7.366894238777564,454,1,1,41,400,22.888892722763504
2024-09-22 01:00:00,2,1,0,18.295159562713177,428,1,0,11,342,48.63839785562936
2024-09-22 02:00:00,2,0,0,3.5803484859318115,330,0,0,26,220,38.97368732476987
2024-09-22 03:00:00,2,1,0,14.693570515337594,174,0,1,32,150,40.39937594076941
2024-09-22 04:00:00,2,1,1,14.113244245194956,228,1,0,53,192,50.67170602020268
2024-09-22 05:00:00,0,1,1,14.114658091828089,376,1,0,55,295,40.07363004345127
2024-09-22 06:00:00,2,2,1,18.772988444046963,84,1,0,21,82,62.1801842686566
2024-09-22 07:00:00,2,1,2,14.83561571863505,119,0,0,63,55,40.59614367858347
2024-09-22 08:00:00,0,2,2,6.729738598782098,409,0,1,22,336,43.95518600692762
2024-09-22 09:00:00,1,1,0,7.714775260413876,227,1,0,83,149,45.00473119678544
2024-09-22 10:00:00,0,2,0,8.431108490797993,448,0,1,77,363,50.050966647342456
2024-09-22 11:00:00,2,2,1,1.585364807864015,457,0,1,80,361,29.13919026542192
2024-09-22 12:00:00,1,2,1,18.356695992756883,98,0,0,75,65,69.68522621375602
2024-09-22 13:00:00,1,2,1,2.397499473431274,117,0,0,24,83,45.09883008152215
2024-09-22 14:00:00,2,1,0,14.29609135985196,56,1,0,71,91,33.31265712612023
2024-09-22 15:00:00,2,1,1,14.873059092022922,143,0,0,82,87,35.09368578345956
2024-09-22 16:00:00,0,1,2,17.030585961980254,433,0,1,33,343,59.7816982564523
2024-09-22 17:00:00,1,2,2,11.513882856314927,130,1,0,79,132,65.36222098258717
2024-09-22 18:00:00,1,2,0,14.7800240532742,487,1,0,70,360,66.00776760675213
2024-09-22 19:00:00,1,0,0,6.75173556485307,299,1,1,80,281,67.70234645094456
2024-09-22 20:00:00,0,1,2,15.16609620734301,87,1,1,89,155,54.94108596460922
2024-09-22 21:00:00,0,2,1,7.524899007975832,399,1,1,90,362,45.21720479537627
2024-09-22 22:00:00,2,2,0,18.153931090107225,94,0,1,81,94,57.3087656114854
2024-09-22 23:00:00,2,2,0,4.104254347561273,408,0,0,12,255,28.82823233466491
2024-09-23 00:00:00,2,0,0,6.999388902805117,186,0,0,98,127,45.62090287903381
2024-09-23 01:00:00,0,1,2,10.47661957954748,360,1,1,38,351,37.40151252331504
2024-09-23 02:00:00,0,1,0,15.74116058581386,357,1,0,30,303,45.06851852909014
2024-09-23 03:00:00,0,2,2,15.227182996957607,416,0,1,63,313,63.90366371268243
2024-09-23 04:00:00,2,1,2,5.003620612165566,354,1,0,15,295,26.7736332654306
2024-09-23 05:00:00,0,1,1,3.740478235624131,278,1,1,96,263,21.731468876993127
2024-09-23 06:00:00,2,1,1,6.775422481587867,232,0,1,20,246,24.012457121075936
2024-09-23 07:00:00,2,1,1,10.191328881842148,375,0,1,79,306,33.645855055212195
2024-09-23 08:00:00,0,2,0,11.241095851689265,253,0,0,36,152,49.60747087570987
2024-09-23 09:00:00,0,1,2,9.153614228150303,160,1,0,86,158,43.99619072512947
2024-09-23 10:00:00,1,2,0,13.598712216312132,436,0,0,69,303,77.78332820475357
2024-09-23 11:00:00,2,2,2,9.123619928347516,117,1,0,82,136,38.05479132137187
2024-09-23 12:00:00,2,2,0,18.980251188837094,406,0,0,81,288,68.04161922449218
2024-09-23 13:00:00,2,0,2,5.958408111649184,87,0,1,36,144,50.55722270370781
2024-09-23 14:00:00,2,1,1,12.9200702927318,247,0,1,41,215,40.62958633728621
2024-09-23 15:00:00,1,0,1,12.616180834542504,354,0,1,42,315,81.1177220807664
2024-09-23 16:00:00,0,2,0,6.349919715763397,141,0,1,14,135,39.88003234990851
2024-09-23 17:00:00,1,2,2,8.822064865766519,313,0,1,18,273,53.55662440610915
2024-09-23 18:00:00,2,2,1,7.943998769359445,292,1,1,22,284,37.97132559117959
2024-09-23 19:00:00,1,2,2,4.2774821403892975,165,1,1,98,227,49.76959453423095
2024-09-23 20:00:00,2,0,0,10.068609039999336,144,1,1,15,209,61.73240178738843
2024-09-23 21:00:00,1,0,1,8.346582807414986,262,1,0,83,233,81.76382648665216
2024-09-23 22:00:00,2,1,0,4.388029841276028,295,1,0,45,253,23.244223013112595
2024-09-23 23:00:00,2,1,0,9.547720862937467,222,1,0,59,209,31.38727543157824
2024-09-24 00:00:00,0,2,2,9.015035396916044,334,1,0,70,292,45.62242289601189
2024-09-24 01:00:00,1,0,0,3.495947875529734,128,0,0,57,91,60.23777181105463
2024-09-24 02:00:00,2,1,0,3.4925632964422064,482,0,1,92,398,21.315268035904158
2024-09-24 03:00:00,2,2,2,13.30264021706825,329,1,1,20,351,53.01860841903449
2024-09-24 04:00:00,1,2,2,14.425035289624974,198,1,1,26,224,81.05709259388234
2024-09-24 05:00:00,2,2,0,18.88242797826919,418,0,1,11,347,62.11737820305848
2024-09-24 06:00:00,2,2,1,2.6530891187608967,328,1,0,16,261,23.37425505272703
2024-09-24 07:00:00,2,2,1,3.2393683551868167,400,1,0,66,347,39.01624597977883
2024-09-24 08:00:00,2,0,2,1.9845444408903088,275,0,0,40,187,46.29459535687953
2024-09-24 09:00:00,1,2,0,11.11234018438167,461,0,0,68,332,53.96508356722392
2024-09-24 10:00:00,0,2,1,12.832185671609302,465,1,1,55,457,56.62981332777565
2024-09-24 11:00:00,0,1,2,8.666945586710995,455,1,1,90,428,38.05412725209256
2024-09-24 12:00:00,1,2,2,16.16014219826152,495,0,1,88,391,76.17837975362352
2024-09-24 13:00:00,2,1,2,14.047289284072203,372,0,1,16,326,55.35157155080445
2024-09-24 14:00:00,2,1,0,19.73096799799034,167,1,1,23,215,54.43335336415394
2024-09-24 15:00:00,2,2,2,3.620004682693894,122,0,1,18,104,30.393571166813786
2024-09-24 16:00:00,2,2,1,2.1079976225075256,55,1,0,18,55,29.688595159847917
2024-09-24 17:00:00,2,2,0,6.221270405818369,370,1,1,11,342,35.57691135843008
2024-09-24 18:00:00,1,1,1,1.3619537110200368,71,0,0,95,56,25.845421753630863
2024-09-24 19:00:00,0,2,1,18.71961712946374,228,0,1,25,197,70.98069671861936
2024-09-24 20:00:00,2,2,1,6.775081515075333,245,1,0,11,212,27.60488413888806
2024-09-24 21:00:00,0,2,0,11.496173172457718,158,0,0,88,100,46.22234174691319
2024-09-24 22:00:00,0,1,1,7.043323024696096,421,1,0,79,316,26.954703243274714
2024-09-24 23:00:00,1,2,2,5.670363817787646,234,0,0,32,154,51.17332377751899
2024-09-25 00:00:00,1,0,2,3.89492975552272,104,0,1,37,128,59.8200827104839
2024-09-25 01:00:00,0,1,1,7.086952486253576,278,1,0,52,244,38.5585949848417
2024-09-25 02:00:00,0,1,2,12.692959677751515,475,1,1,72,415,51.17412633729705
2024-09-25 03:00:00,0,2,0,19.460802794063028,485,1,1,26,459,62.2649352426297
2024-09-25 04:00:00,0,2,0,11.60374876697584,494,1,0,45,371,46.68515637737797
2024-09-25 05:00:00,2,2,2,11.121472255881098,68,0,0,28,52,39.870438265525934
2024-09-25 06:00:00,2,2,2,1.6699973439977909,413,1,1,14,370,34.61268108222644
2024-09-25 07:00:00,0,1,0,16.961881297686162,434,0,1,32,337,54.47038547680476
2024-09-25 08:00:00,2,1,1,1.8519861249538916,474,1,1,28,403,14.367494992495445
2024-09-25 09:00:00,2,1,0,18.218413207966105,496,0,0,10,345,54.757460902966514
2024-09-25 10:00:00,0,1,1,11.23476278177764,265,0,1,36,204,39.09976580667393
2024-09-25 11:00:00,2,2,2,4.200865499446674,97,0,0,52,75,35.31882325685832
2024-09-25 12:00:00,0,1,2,9.582440448122716,209,1,0,34,194,37.03381695886718
2024-09-25 13:00:00,0,0,1,19.90470513298077,483,0,0,63,350,78.62670019890328
2024-09-25 14:00:00,1,0,1,6.796574188837767,447,1,0,15,386,72.9238964901084
2024-09-25 15:00:00,2,0,0,6.1197356024229945,322,1,0,90,271,50.42167406510951
2024-09-25 16:00:00,2,0,1,3.2421120058076123,145,0,0,85,80,51.202991820315184
2024-09-25 17:00:00,0,2,2,12.345704627025938,79,1,1,34,136,63.70149439491698
2024-09-25 18:00:00,1,0,2,2.695312981265295,170,0,1,83,169,64.15599718187096
2024-09-25 19:00:00,1,1,2,15.554153212277466,416,0,1,55,336,66.18674600515854
2024-09-25 20:00:00,2,1,1,18.465246772280604,484,1,0,68,359,55.69428517880866
2024-09-25 21:00:00,2,2,1,18.705551113094486,403,1,1,64,358,59.93150866410045
2024-09-25 22:00:00,1,1,2,3.050408804671318,239,1,0,33,215,39.87531409841101
2024-09-25 23:00:00,2,0,1,11.606989349706408,201,0,1,84,203,63.02954440629402
2024-09-26 00:00:00,0,2,0,2.845087243141166,425,0,1,33,338,26.928630288614457
2024-09-26 01:00:00,2,2,0,11.868306688201647,304,1,1,12,307,51.26276996960526
2024-09-26 02:00:00,2,1,1,16.48463111898204,240,1,1,49,230,51.53143352334412
2024-09-26 03:00:00,2,2,1,11.21801308376241,191,0,0,29,112,44.557437505017205
2024-09-26 04:00:00,2,1,2,17.56902269602694,295,1,1,96,295,41.941149809594414
2024-09-26 05:00:00,0,0,1,16.231812742138175,83,1,0,78,71,85.44873713450569
2024-09-26 06:00:00,1,1,2,6.254418648858639,236,0,0,86,168,44.06595144646904
2024-09-26 07:00:00,2,2,0,12.971943374766392,416,1,0,79,302,56.23386445741129
2024-09-26 08:00:00,1,1,1,1.1408304030464973,498,0,0,75,373,30.479574058872533
2024-09-26 09:00:00,2,1,0,8.524796402572424,135,0,1,78,170,31.278505560387384
2024-09-26 10:00:00,0,2,1,5.521243187901608,210,1,1,88,265,35.88939086490566
2024-09-26 11:00:00,2,1,1,18.805210572926235,413,0,0,17,270,61.11984271647628
2024-09-26 12:00:00,1,2,2,8.70239122274004,167,1,1,64,223,71.70559668713476
2024-09-26 13:00:00,0,1,2,13.427224140027132,160,0,1,46,149,46.154922556955576
2024-09-26 14:00:00,0,1,1,14.907650576198538,107,0,0,99,37,50.877088375778456
2024-09-26 15:00:00,1,2,1,15.691038234948644,67,1,0,82,71,79.13404430806979
2024-09-26 16:00:00,0,1,2,14.979728648333047,416,0,1,81,359,40.267534330946255
2024-09-26 17:00:00,1,1,0,6.494136158766961,408,1,1,23,381,56.43439139885683
2024-09-26 18:00:00,0,0,1,14.03528623785522,189,0,1,57,170,82.72241520003146
2024-09-26 19:00:00,1,1,2,11.431180162983384,243,1,1,98,256,47.18580841561491
2024-09-26 20:00:00,0,1,1,12.350080631152858,179,1,0,76,153,39.63737336582119
2024-09-26 21:00:00,2,1,2,1.0154777288663426,261,0,1,41,229,9.663845918021584
2024-09-26 22:00:00,0,2,0,5.906894418104274,333,0,1,45,310,34.81657829160453
2024-09-26 23:00:00,2,2,1,18.68299023759745,169,1,0,14,150,65.5297082159521
2024-09-27 00:00:00,0,1,1,6.51144558280879,428,0,1,88,385,28.79438677458361
2024-09-27 01:00:00,2,2,0,9.32229492274321,91,1,0,27,83,45.44788089775259
2024-09-27 02:00:00,0,1,1,4.54680566171908,52,1,0,20,87,35.68318131326208
2024-09-27 03:00:00,2,2,1,3.6334484861701055,481,0,1,83,405,36.80081760956541
2024-09-27 04:00:00,2,1,1,4.964710404135397,278,1,1,13,257,29.967661911460475
2024-09-27 05:00:00,2,2,2,11.519299248472487,278,1,0,29,240,51.70545771747072
2024-09-27 06:00:00,1,0,2,18.461544376412053,392,0,1,14,297,97.52316625288094
2024-09-27 07:00:00,2,2,1,7.197784418027616,190,1,1,72,259,39.65470167554863
2024-09-27 08:00:00,2,0,0,7.144751091951449,106,1,1,63,190,51.33749882994172
2024-09-27 09:00:00,0,1,0,11.718671150850495,265,1,1,74,288,36.69495355675011
2024-09-27 10:00:00,0,1,1,7.7781116361695695,180,0,0,86,126,39.91683693556975
2024-09-27 11:00:00,2,1,2,18.29790491169577,163,0,0,95,103,56.60495884145311
2024-09-27 12:00:00,2,1,2,8.179112810202977,240,0,1,22,204,27.551916928515
2024-09-27 13:00:00,2,1,1,10.318402797869874,292,0,1,88,283,33.41577749111416
2024-09-27 14:00:00,1,1,2,11.134396395437806,343,1,0,82,283,52.028302052437326
2024-09-27 15:00:00,2,2,2,15.859288107478951,364,1,1,12,370,55.69631419617139
2024-09-27 16:00:00,2,1,0,11.71421284888279,77,1,1,11,170,33.39527536137322
2024-09-27 17:00:00,2,1,1,5.543946902799158,75,1,1,21,140,34.11613580107172
2024-09-27 18:00:00,2,1,2,3.355756925900979,133,0,0,97,89,19.226245572790763
2024-09-27 19:00:00,0,0,2,18.817716387090314,396,1,1,91,361,85.04511254525619
2024-09-27 20:00:00,2,1,2,16.22969689814304,370,1,0,65,282,44.80160813599393
2024-09-27 21:00:00,2,2,1,1.436338995489399,379,0,0,67,263,24.116048183912262
2024-09-27 22:00:00,2,2,1,16.609050702147407,251,0,1,98,224,56.61634219313207
2024-09-27 23:00:00,2,2,2,12.221358084190609,110,1,0,61,130,44.56769352574535
2024-09-28 00:00:00,2,1,0,10.858990465663924,234,1,0,24,201,28.88932437273648
2024-09-28 01:00:00,1,1,0,1.232354401447619,295,1,1,10,312,31.37128586474996
2024-09-28 02:00:00,0,2,1,15.836417071303888,50,1,0,81,86,63.34987241440813
2024-09-28 03:00:00,1,1,0,4.763235270583753,465,0,0,80,340,42.26204234870276
2024-09-28 04:00:00,1,1,2,14.831643050687502,292,0,1,54,257,59.37630454365675
2024-09-28 05:00:00,0,1,1,1.301496699950528,81,1,0,25,106,20.395481333088263
2024-09-28 06:00:00,2,0,1,16.13071934365754,284,0,1,26,253,74.06540777015758
2024-09-28 07:00:00,0,2,0,1.4377498987457706,460,1,0,39,331,28.17270428175425
2024-09-28 08:00:00,1,2,1,5.481965177377862,446,1,1,46,393,57.90931954252324
2024-09-28 09:00:00,0,2,0,6.097286037741555,66,1,1,27,118,42.04283864429989
2024-09-28 10:00:00,0,0,0,3.9926641240316014,461,1,0,85,392,57.779986629004455
2024-09-28 11:00:00,2,2,2,10.140105727712012,138,0,0,20,115,48.05206042266121
2024-09-28 12:00:00,1,2,0,6.390071232717469,101,1,1,69,165,52.04433885508596
2024-09-28 13:00:00,0,0,0,19.87247153881788,419,0,1,68,350,85.61200720648061
2024-09-28 14:00:00,1,2,1,12.01940707394334,213,1,1,79,267,58.25949428702648
2024-09-28 15:00:00,2,1,2,11.763078676030569,352,0,1,35,286,39.9430755000229
2024-09-28 16:00:00,2,1,2,5.196522972022649,499,1,0,89,414,21.4769233323877
2024-09-28 17:00:00,2,2,0,8.765099335583315,465,0,0,47,361,38.84268229748558
2024-09-28 18:00:00,0,0,1,3.35558189284,81,1,0,18,98,57.59539114021165
2024-09-28 19:00:00,2,2,1,15.488055792757338,247,1,0,91,197,52.97353420462058
2024-09-28 20:00:00,2,2,1,7.292025676916062,400,1,1,92,366,45.20928216966259
2024-09-28 21:00:00,1,2,2,15.287350834470995,428,0,0,82,320,66.38333830807314
2024-09-28 22:00:00,2,2,2,8.062223998660034,488,0,1,55,402,45.971777539672885
2024-09-28 23:00:00,1,2,0,19.786387562182064,250,0,0,53,180,75.18803291682008
2024-09-29 00:00:00,2,1,0,4.251310822837814,156,1,0,51,131,23.585114432489096
2024-09-29 01:00:00,1,0,1,1.0289539837832946,433,1,0,82,344,58.312527680219794
2024-09-29 02:00:00,0,2,0,12.301685286189327,385,0,1,78,326,56.83676846859888
2024-09-29 03:00:00,1,2,1,19.10611080166893,394,1,0,32,306,78.3672173852679
2024-09-29 04:00:00,1,1,2,13.294027043213609,345,1,0,43,273,50.50823839290789
2024-09-29 05:00:00,2,1,0,2.628746932215438,77,0,0,31,69,12.004973969203157
2024-09-29 06:00:00,2,2,1,11.269127266858284,386,0,0,78,282,47.2046760724537
2024-09-29 07:00:00,2,2,2,18.28025178661682,336,1,1,74,326,71.21261302175499
2024-09-29 08:00:00,0,2,1,1.123615289720242,168,0,1,35,163,29.88608159080845
2024-09-29 09:00:00,1,1,0,4.171332043918177,392,1,0,91,312,45.505097114207
2024-09-29 10:00:00,2,2,1,16.476669565949713,80,1,1,64,166,63.24291739780141
2024-09-29 11:00:00,0,0,2,17.984235024972175,203,1,1,99,243,84.66790909702327
2024-09-29 12:00:00,2,1,0,14.436051796497148,309,0,1,24,270,38.066056998300574
2024-09-29 13:00:00,1,2,2,19.839643109156597,156,1,0,75,182,82.46372966516363
2024-09-29 14:00:00,1,2,0,2.714102662144817,300,0,0,62,196,48.049584693190894
2024-09-29 15:00:00,2,2,1,11.367853800894643,412,0,1,88,315,47.82696080795031
2024-09-29 16:00:00,2,2,2,14.01489973030414,156,0,1,20,112,54.58920703004958
2024-09-29 17:00:00,2,2,2,14.350249687012669,491,1,0,67,394,50.69278778770265
2024-09-29 18:00:00,0,0,1,16.076207691539473,166,0,0,93,147,80.41203719514732
2024-09-29 19:00:00,0,1,2,18.43489485688828,294,1,1,51,325,62.23564390896426
2024-09-29 20:00:00,2,2,2,7.871187466725178,128,1,1,90,167,30.61751119581317
2024-09-29 21:00:00,2,1,2,1.8163044633450809,278,0,1,78,228,19.01182225103186
2024-09-29 22:00:00,2,1,2,7.886396375138208,72,0,0,42,4,23.320175978040247
2024-09-29 23:00:00,0,1,1,13.760680504357463,246,0,0,53,158,43.92966038395308
2024-09-30 00:00:00,0,1,2,5.055665659339227,410,1,1,98,355,31.81591019614352
2024-09-30 01:00:00,2,0,2,16.389486079615498,237,1,1,16,280,74.33568267935868
2024-09-30 02:00:00,0,0,2,5.175524696733786,476,0,1,88,386,52.77397500658351
2024-09-30 03:00:00,0,1,0,1.1912046452232934,266,1,0,61,227,32.17720713749107
2024-09-30 04:00:00,2,2,0,10.653534710248008,296,0,0,22,193,47.52295913677726
2024-09-30 05:00:00,2,2,1,14.80276985666878,203,1,1,41,205,51.59808924014656
2024-09-30 06:00:00,0,0,1,7.643451470199846,244,1,0,48,185,62.03815543823524
2024-09-30 07:00:00,1,2,1,15.229020191198948,165,0,0,87,95,62.11613782026784
2024-09-30 08:00:00,2,1,2,9.329682348299157,245,0,0,72,187,35.68842650684464
2024-09-30 09:00:00,2,2,0,4.262577728827973,104,1,0,29,84,32.03105146897968
2024-09-30 10:00:00,2,2,0,2.7206094821801434,224,1,1,25,257,37.10395785077485
2024-09-30 11:00:00,0,2,1,14.5011561332396,492,0,0,39,404,53.61822450630605
2024-09-30 12:00:00,2,0,0,8.328580964454678,193,1,1,28,216,60.99033620071696
2024-09-30 13:00:00,2,0,1,18.342701590551638,363,0,1,95,311,76.61771556285754
2024-09-30 14:00:00,0,2,2,11.264846112905046,412,0,1,83,339,56.65407914154002
2024-09-30 15:00:00,0,2,0,7.620215946193349,266,1,0,81,200,50.41699520685414
2024-09-30 16:00:00,2,0,2,7.630827612804739,306,0,0,87,193,57.46558023079351
2024-09-30 17:00:00,2,1,2,3.497319424600334,176,0,1,84,163,26.943461442583263
2024-09-30 18:00:00,0,1,0,12.281993918193976,222,0,1,39,204,46.22270390317247
2024-09-30 19:00:00,2,1,1,12.06117557279612,143,0,1,43,189,35.863597806607686
2024-09-30 20:00:00,2,0,0,16.199880146793376,439,0,1,48,344,81.15850797181174
2024-09-30 21:00:00,1,2,2,4.822742286874446,268,0,0,58,171,39.45032084748031
2024-09-30 22:00:00,2,1,1,6.5250032070407205,101,1,0,14,92,22.100436833776584
2024-09-30 23:00:00,0,0,2,2.847521412816052,68,0,0,52,71,49.03678940135812
2024-10-01 00:00:00,1,2,1,6.611501843109227,407,0,0,56,273,49.56881043697789
2024-10-01 01:00:00,2,0,0,9.133940199333614,286,0,1,68,283,58.14073537229091
2024-10-01 02:00:00,2,1,2,19.31653971312569,220,1,0,78,200,53.88015636942075
2024-10-01 03:00:00,0,2,1,13.408254054623354,324,0,1,26,308,53.49596608924342
2024-10-01 04:00:00,1,2,1,15.874604665804714,344,1,0,28,282,73.96568074587326
2024-10-01 05:00:00,1,2,0,7.184687819189313,413,0,0,55,285,48.63850740531444
2024-10-01 06:00:00,0,2,1,3.745743443353833,209,0,1,65,200,40.127206397235646
2024-10-01 07:00:00,2,0,1,5.877678896353267,289,1,1,35,319,49.08656968637892
2024-10-01 08:00:00,0,1,2,5.872886128987101,114,0,1,75,135,30.841966143085838
2024-10-01 09:00:00,2,0,0,12.079191237575117,266,0,0,23,196,58.453173771945735
2024-10-01 10:00:00,2,1,0,7.487951516645545,96,1,1,61,159,41.30124705573184
2024-10-01 11:00:00,2,1,2,17.2905784223323,446,0,1,13,358,46.35152130098015
2024-10-01 12:00:00,2,1,2,19.78234586549346,123,0,0,12,96,63.03229869672478
2024-10-01 13:00:00,0,1,2,7.522669700005521,213,0,1,88,204,29.76854631962076
2024-10-01 14:00:00,2,1,1,14.396145200053205,247,0,1,31,227,41.48919240085554
2024-10-01 15:00:00,2,0,0,13.492245056487008,460,1,0,59,337,68.61186725043974
2024-10-01 16:00:00,2,2,0,4.694787266913348,377,0,1,73,303,35.46862888678156
2024-10-01 17:00:00,1,2,0,18.442163301592046,457,0,1,92,370,74.29031411158655
2024-10-01 18:00:00,0,2,1,4.789409156579623,197,0,1,19,161,39.24264150695688
2024-10-01 19:00:00,2,1,0,15.002185501724275,135,1,1,65,199,50.87317704438008
2024-10-01 20:00:00,2,1,0,7.604583203211937,58,1,0,25,57,23.07786174022713
2024-10-01 21:00:00,2,2,0,7.974549773170455,302,0,1,46,246,45.63022888608968
2024-10-01 22:00:00,1,2,0,9.653532004890248,281,0,1,64,253,60.94422097815342
2024-10-01 23:00:00,0,2,2,17.425651583047653,425,1,0,31,310,67.10962271868574
2024-10-02 00:00:00,0,2,1,3.66478688871303,472,0,0,41,344,28.88828671410947
2024-10-02 01:00:00,0,2,0,2.036821978860324,296,0,0,53,182,37.87885429020959
2024-10-02 02:00:00,2,2,0,8.638775559361846,419,0,1,90,351,33.77169329679509
2024-10-02 03:00:00,1,0,0,2.0561168836996737,50,0,0,82,25,56.72329017820314
2024-10-02 04:00:00,0,1,0,14.064416778091369,316,1,1,61,313,45.10671007510713
2024-10-02 05:00:00,2,2,0,15.446176425517052,154,1,0,42,142,55.432703119099536
2024-10-02 06:00:00,2,2,2,17.23953550031192,283,1,1,11,273,58.471133790901256
2024-10-02 07:00:00,0,0,2,15.13300266418834,306,1,1,23,257,73.86037994962776
2024-10-02 08:00:00,1,1,1,18.410676480160905,130,0,0,70,66,66.4307641040224
2024-10-02 09:00:00,2,2,1,15.21772133174122,172,0,0,74,86,59.99637363704617
2024-10-02 10:00:00,1,1,0,18.78543715768963,221,1,0,95,182,81.10172472259528
2024-10-02 11:00:00,0,2,0,4.669105089977901,356,1,0,39,301,30.184482279425215
2024-10-02 12:00:00,2,1,2,10.497399524486871,322,0,1,36,307,31.644562293855188
2024-10-02 13:00:00,2,1,1,19.884681394393265,408,0,0,73,308,54.7713331709442
2024-10-02 14:00:00,2,2,0,13.949985468311596,296,0,1,42,273,50.48629981993643
2024-10-02 15:00:00,0,1,0,17.69418124179589,412,0,1,62,370,54.403386554871744
2024-10-02 16:00:00,2,1,0,1.5774820828242495,425,0,0,89,320,17.209160187608305
2024-10-02 17:00:00,2,1,1,17.56340007280031,243,1,1,19,296,51.46436596785975
2024-10-02 18:00:00,0,1,2,14.256551456869856,161,0,0,36,116,56.12263563679892
2024-10-02 19:00:00,0,0,2,4.244353245766503,72,0,0,46,61,60.85675864405361
2024-10-02 20:00:00,2,2,0,1.487938172048335,474,1,0,11,345,23.442155547605125
2024-10-02 21:00:00,2,0,0,5.938604984387405,431,0,0,52,274,47.03162562081812
2024-10-02 22:00:00,2,2,0,18.399693820862637,364,0,1,92,320,55.69595867400649
2024-10-02 23:00:00,0,0,0,13.694525835305445,251,0,0,28,153,65.62031521676761
2024-10-03 00:00:00,1,2,0,18.46991298138316,155,1,1,20,199,68.18828538670817
2024-10-03 01:00:00,2,2,1,9.47686486739093,143,0,1,61,185,51.103700554748
2024-10-03 02:00:00,1,2,2,18.79591480946958,74,0,0,41,51,81.86287769977301
2024-10-03 03:00:00,0,2,1,9.796236493455106,194,0,0,89,146,46.93245683371751
2024-10-03 04:00:00,0,2,1,4.880839763948355,415,0,1,90,334,39.0687532227834
2024-10-03 05:00:00,0,1,0,3.876475819504499,68,1,1,38,157,23.501646780038985
2024-10-03 06:00:00,2,1,1,19.88242444766584,259,0,0,93,194,48.79235250072807
2024-10-03 07:00:00,2,2,2,7.343390568016847,131,0,1,45,155,43.64458645746173
2024-10-03 08:00:00,0,2,0,4.041007481034166,95,0,0,56,82,39.93733552717466
2024-10-03 09:00:00,0,1,2,1.159760186924291,84,0,1,97,98,17.852871134171963
2024-10-03 10:00:00,0,1,1,6.4258217640628255,251,1,1,52,317,41.15254123497581
2024-10-03 11:00:00,2,2,0,17.89320672844824,72,1,1,61,135,67.71294090975468
2024-10-03 12:00:00,1,0,2,11.146177092868731,414,0,0,62,284,71.75208521450512
2024-10-03 13:00:00,0,1,2,13.016265978974143,349,0,1,77,277,39.12249823745512
2024-10-03 14:00:00,2,1,0,18.525430973920127,314,1,0,14,259,53.97760679541471
2024-10-03 15:00:00,2,0,2,10.743958444033556,465,1,1,92,419,72.77240263851183
2024-10-03 16:00:00,0,2,0,16.927317071199678,395,0,1,57,322,59.36652274375452
2024-10-03 17:00:00,0,1,0,7.152832283450719,398,1,1,33,394,38.05635022058269
2024-10-03 18:00:00,2,0,1,19.564935393983177,236,0,0,10,171,76.78854836975373
2024-10-03 19:00:00,1,2,2,2.4974635967365955,347,1,0,11,301,48.41614409856575
2024-10-03 20:00:00,2,2,0,14.771760984752028,239,0,0,19,129,44.10174504719804
2024-10-03 21:00:00,2,0,1,13.550759448445593,452,1,0,72,351,62.97618119832201
2024-10-03 22:00:00,1,0,1,4.641758611165522,289,0,1,68,263,65.68070716402225
2024-10-03 23:00:00,1,1,0,8.388035978084183,398,0,1,15,308,48.3219900858759
2024-10-04 00:00:00,0,1,0,6.943753218763122,422,1,1,93,366,23.84351387839485
2024-10-04 01:00:00,1,1,2,2.795364498317412,176,1,1,92,213,31.483060227205087
2024-10-04 02:00:00,2,1,2,12.110972436065984,340,1,1,57,327,35.95661764395719
2024-10-04 03:00:00,1,1,2,19.879727065738145,441,0,0,45,297,73.0169770523591
2024-10-04 04:00:00,2,1,0,11.632174680014396,160,1,0,57,147,37.43692514786584
2024-10-04 05:00:00,2,0,1,11.359938230707876,92,1,0,38,123,64.7241644182904
2024-10-04 06:00:00,2,0,1,1.765960439736418,350,0,1,50,287,50.38680709324911
2024-10-04 07:00:00,2,2,0,3.6451842439101183,183,0,1,97,151,31.47624099135645
2024-10-04 08:00:00,2,2,2,10.75116269294296,62,1,0,82,82,49.73665043515049
2024-10-04 09:00:00,2,1,1,19.71839271949736,60,0,1,41,82,59.37957279555122
2024-10-04 10:00:00,2,1,1,17.65554697377532,151,1,0,14,165,48.75913137183969
2024-10-04 11:00:00,2,1,2,7.463973306090183,246,0,1,94,253,27.615315386931574
2024-10-04 12:00:00,0,2,1,11.317080830334422,440,0,0,26,286,56.2712766211199
2024-10-04 13:00:00,2,1,2,11.501342222828598,104,1,0,33,121,40.16373915940692
2024-10-04 14:00:00,2,0,1,14.02185164248148,232,1,0,91,157,73.78012378238738
2024-10-04 15:00:00,0,2,1,14.067858783543633,68,0,1,95,111,60.30026550639511
2024-10-04 16:00:00,1,1,1,16.0060572793335,412,1,0,15,336,60.6283816176738
2024-10-04 17:00:00,0,1,2,1.4744494719539654,311,1,0,37,260,23.95477229107916
2024-10-04 18:00:00,2,2,1,18.92992362211147,58,1,0,29,80,60.15357154028034
2024-10-04 19:00:00,0,0,1,2.331178873795685,197,1,1,89,208,39.42023498172085
2024-10-04 20:00:00,2,2,1,10.047042118061858,74,1,0,28,75,49.39971217645292
2024-10-04 21:00:00,2,1,0,18.47200625082181,355,1,1,17,319,46.27997184065711
2024-10-04 22:00:00,2,2,1,10.265707755390515,121,0,0,27,89,47.27150663636532
2024-10-04 23:00:00,1,1,1,2.20909985042922,483,1,1,46,397,34.6404891241788
2024-10-05 00:00:00,2,0,2,5.355560376426845,471,1,1,70,388,51.96175560494535
2024-10-05 01:00:00,2,2,2,11.994668352000032,371,1,0,54,328,42.50143212585692
2024-10-05 02:00:00,2,2,0,2.6693707400804123,106,1,0,47,118,22.88851118952809
2024-10-05 03:00:00,1,2,2,9.049880689328631,71,0,1,11,69,58.04003350155123
2024-10-05 04:00:00,0,2,2,7.252772057636693,361,0,1,64,321,45.052734380505946
2024-10-05 05:00:00,2,1,2,16.48894492866055,85,1,1,24,132,49.49379751777612
2024-10-05 06:00:00,0,1,0,3.092506828373535,228,1,0,68,186,22.85130617366504
2024-10-05 07:00:00,0,1,0,13.97317055301694,117,0,0,84,82,42.38872462918069
2024-10-05 08:00:00,0,0,1,8.725192346642274,50,1,1,14,98,66.00997635905104
2024-10-05 09:00:00,2,2,1,12.167262928974242,97,1,0,93,119,58.57033151431129
2024-10-05 10:00:00,1,1,2,4.90510366649035,466,0,0,29,314,42.394088136563184
2024-10-05 11:00:00,2,0,1,12.584370010470884,201,1,0,91,130,70.12083172573784
2024-10-05 12:00:00,0,1,1,13.805576820906142,482,1,1,21,434,38.53460768298787
2024-10-05 13:00:00,2,1,0,2.334399728560479,246,0,0,66,198,23.98304733009501
2024-10-05 14:00:00,2,1,0,16.662541084075805,107,1,0,90,140,45.45897823063591
2024-10-05 15:00:00,2,2,1,17.363828144876585,97,1,1,77,132,58.272127234136825
2024-10-05 16:00:00,0,2,1,2.2075270579730994,490,0,1,28,402,41.07990045376657
2024-10-05 17:00:00,2,2,1,12.46056227384843,497,0,1,96,388,47.68420184768895
2024-10-05 18:00:00,0,2,2,12.286218442472313,404,0,0,36,288,57.74443374933831
2024-10-05 19:00:00,2,1,0,1.236709825500423,283,1,0,62,210,15.679927076522915
2024-10-05 20:00:00,0,2,1,7.504581865163075,486,0,0,51,327,36.793367179496194
2024-10-05 21:00:00,1,1,1,19.40958987156121,237,1,1,54,234,72.69120841115104
2024-10-05 22:00:00,0,2,2,11.553564293106117,431,1,1,87,354,53.48356519617548
2024-10-05 23:00:00,0,2,0,18.731024252088595,163,0,0,77,92,68.2582189974769
2024-10-06 00:00:00,0,2,2,13.837248081670296,139,1,0,77,138,59.242794661012354
2024-10-06 01:00:00,2,2,2,1.539419846242252,418,1,0,33,305,35.30675099018321
2024-10-06 02:00:00,1,2,1,2.476550762919449,476,0,1,96,383,44.95847301878069
2024-10-06 03:00:00,2,1,2,14.721400151981037,218,0,1,45,215,32.16388801626083
2024-10-06 04:00:00,0,0,2,11.536788017011368,412,1,0,84,351,75.51584249688482
2024-10-06 05:00:00,0,1,1,3.4158816273976385,459,1,1,14,446,28.2696644618564
2024-10-06 06:00:00,2,1,0,12.667190888718707,492,1,1,36,449,35.57948075043594
2024-10-06 07:00:00,2,2,1,16.395459850795728,410,1,0,46,303,62.26733295411741
2024-10-06 08:00:00,2,2,0,15.306666172519629,226,0,0,36,168,49.08809197950421
2024-10-06 09:00:00,1,1,2,5.677086740609273,241,1,0,85,226,30.36277754391448
2024-10-06 10:00:00,1,0,2,5.9057043664648345,182,1,0,56,148,72.25479585179713
2024-10-06 11:00:00,0,0,1,19.38891829694016,221,1,0,73,216,89.58940886478071
2024-10-06 12:00:00,0,2,1,17.86069124090161,67,0,0,15,35,71.59975604337872
2024-10-06 13:00:00,1,2,1,7.048408974186568,300,0,0,85,210,51.81635984590867
2024-10-06 14:00:00,2,2,2,16.65703530371116,490,0,0,65,365,56.7230635872933
2024-10-06 15:00:00,2,1,2,4.073032064918364,161,1,1,23,192,20.892920789587528
2024-10-06 16:00:00,0,2,0,4.739980925204724,89,1,0,31,96,32.3745433565044
2024-10-06 17:00:00,1,0,1,4.442725023061561,151,1,1,64,214,61.98228480219762
2024-10-06 18:00:00,1,0,2,2.666694725256788,418,1,0,84,342,58.75537922726475
2024-10-06 19:00:00,2,0,0,17.23888420706575,223,1,1,61,202,68.48681569448246
2024-10-06 20:00:00,2,1,1,11.99733106588693,363,1,0,65,264,46.21599614883986
2024-10-06 21:00:00,2,1,1,5.920165757384833,390,1,1,86,357,23.15297003381636
2024-10-06 22:00:00,2,1,0,17.12444562182429,457,1,0,15,353,56.831333262732485
2024-10-06 23:00:00,2,2,0,16.250288428463584,461,0,0,29,306,62.11304186371072
2024-10-07 00:00:00,0,1,0,2.9180788444273564,351,0,1,63,337,26.912767382657407
2024-10-07 01:00:00,2,1,2,13.238648100964465,245,0,1,11,243,34.55897406064601
2024-10-07 02:00:00,1,2,1,14.71483842898964,121,1,1,84,124,73.06053367381786
2024-10-07 03:00:00,2,2,1,14.600719402733317,231,0,0,81,183,64.38564641516632
2024-10-07 04:00:00,0,2,0,14.739711449224814,290,0,1,39,232,56.219663520165845
2024-10-07 05:00:00,2,0,2,4.21969792733171,338,0,1,63,283,50.6502221225874
2024-10-07 06:00:00,2,1,0,6.986642631106617,372,1,0,13,268,27.347642634505032
2024-10-07 07:00:00,2,1,2,17.039391661584787,162,1,0,80,177,40.35904552718398
2024-10-07 08:00:00,1,2,1,18.06944325432344,389,1,0,56,316,76.44245491776428
2024-10-07 09:00:00,1,2,1,6.304588844732535,212,0,0,97,175,51.37245382024191
2024-10-07 10:00:00,2,2,2,1.4373708073772964,88,0,1,28,117,21.41655710868953
2024-10-07 11:00:00,2,1,1,17.335571996156055,284,0,0,51,190,54.49777049217244
2024-10-07 12:00:00,1,1,1,8.164744918676568,480,0,0,51,320,42.33500588688396
2024-10-07 13:00:00,2,2,0,7.259807563238791,120,1,1,60,140,36.4858171807287
2024-10-07 14:00:00,2,0,2,7.592993914083888,268,1,0,12,221,58.28225769555605
2024-10-07 15:00:00,0,0,1,8.898232055385188,54,0,1,91,92,56.930911398414295
2024-10-07 16:00:00,1,2,1,8.1870658114435,290,1,1,46,249,60.19095951693411
2024-10-07 17:00:00,2,2,2,11.762187083537649,214,1,1,31,255,49.497464126121336
2024-10-07 18:00:00,2,0,1,2.4998652914656136,50,0,1,42,86,46.42354385756439
2024-10-07 19:00:00,1,2,2,19.459263691861786,430,0,0,58,293,85.0557958289159
2024-10-07 20:00:00,2,2,2,18.792569654971064,233,1,0,96,181,60.08942916891255
2024-10-07 21:00:00,2,0,0,18.753726285694484,440,1,1,63,374,72.80241384063356
2024-10-07 22:00:00,0,2,2,17.706274857556355,418,0,1,71,339,52.57990569815588
2024-10-07 23:00:00,1,0,0,13.546199741452863,497,1,0,44,384,78.20933323690909
2024-10-08 00:00:00,2,1,1,5.201062692220216,57,0,1,38,47,24.486280244747377
2024-10-08 01:00:00,1,2,2,1.9401862557810736,157,1,0,75,195,41.06638114424378
2024-10-08 02:00:00,0,0,0,2.887100230853566,431,0,0,59,281,52.32545543928596
2024-10-08 03:00:00,2,1,2,7.1558575088465055,431,1,1,23,415,22.84216891930414
2024-10-08 04:00:00,1,2,1,10.573777484419924,497,1,0,57,378,59.0517051281978
2024-10-08 05:00:00,2,1,0,19.871808352511085,234,0,1,53,224,57.92541774631278
2024-10-08 06:00:00,2,0,0,9.273426344097384,333,0,1,81,277,63.05725218156696
2024-10-08 07:00:00,0,2,0,10.96827571933616,203,1,0,10,173,59.87258236391284
2024-10-08 08:00:00,2,1,1,14.20798769657353,83,1,1,37,150,40.51560758362321
2024-10-08 09:00:00,2,2,0,4.433945438508129,401,1,0,12,310,27.60782457960538
2024-10-08 10:00:00,2,2,1,18.72371302968286,71,0,0,80,72,66.7493389433882
2024-10-08 11:00:00,2,2,1,11.05165751101195,429,0,0,57,271,47.59158460246589
2024-10-08 12:00:00,1,2,2,6.248870566433603,197,0,1,41,184,49.87233621455847
2024-10-08 13:00:00,0,0,1,18.76707074043797,447,0,0,18,297,77.2305956023236
2024-10-08 14:00:00,1,2,0,12.883561752620052,200,1,1,66,242,60.68947691084499
2024-10-08 15:00:00,2,2,0,10.190104893735,116,0,0,92,37,43.73711165982807
2024-10-08 16:00:00,2,1,1,12.022962289254709,452,0,0,55,339,52.41120175688924
2024-10-08 17:00:00,2,0,1,15.217742159199306,127,1,1,67,157,70.55374070944316
2024-10-08 18:00:00,2,1,2,3.9362220701661137,281,1,1,65,297,27.25547191092624
2024-10-08 19:00:00,2,2,2,17.43177818336128,88,1,0,24,57,54.86797416885922
2024-10-08 20:00:00,0,0,0,19.23062939566605,214,0,1,70,187,72.6556462342828
2024-10-08 21:00:00,1,1,1,11.772993383251416,148,1,1,25,183,56.880772133885
2024-10-08 22:00:00,1,2,0,13.963146089154364,178,0,1,55,175,62.83056629274527
2024-10-08 23:00:00,2,1,1,17.336836136078574,68,1,1,80,146,44.68913713732766
2024-10-09 00:00:00,1,2,0,8.121401996913509,320,0,1,44,316,56.19671017206112
2024-10-09 01:00:00,2,2,0,19.86380410276557,50,1,1,75,113,72.11193703204223
2024-10-09 02:00:00,2,0,0,13.929526016831057,336,0,0,66,247,72.41930327378104
2024-10-09 03:00:00,1,0,1,9.05597526880166,229,0,1,43,199,69.68035140956846
2024-10-09 04:00:00,0,2,2,13.869421525030916,476,1,1,40,428,59.301397720353016
2024-10-09 05:00:00,2,2,2,10.911920617755293,305,0,1,21,231,49.32363563273374
2024-10-09 06:00:00,2,2,1,3.1211898592289384,223,0,0,74,160,33.89186536922261
2024-10-09 07:00:00,2,1,2,16.12144079061705,391,0,1,56,303,45.65539784609239
2024-10-09 08:00:00,0,2,0,11.72313602480571,99,1,0,74,73,55.97593754641362
2024-10-09 09:00:00,2,0,1,16.121065599603885,69,1,1,10,135,74.89881142206345
2024-10-09 10:00:00,1,2,1,3.94332686698185,154,1,0,88,149,49.93133526046161
2024-10-09 11:00:00,2,1,2,11.228785979214738,239,1,0,76,200,31.70885391638049
2024-10-09 12:00:00,2,1,2,15.565861172045343,288,0,0,23,209,46.18435728119921
2024-10-09 13:00:00,2,2,0,19.777786784225167,92,1,0,63,139,69.27850509616104
2024-10-09 14:00:00,0,1,1,17.803548251319913,54,0,0,19,18,44.72577678527516
2024-10-09 15:00:00,2,2,2,17.422642914152146,297,1,1,76,313,65.93001815829143
2024-10-09 16:00:00,0,2,1,5.701742624781562,115,0,1,93,115,45.71368903473639
2024-10-09 17:00:00,1,2,0,16.9217074324719,445,1,1,59,408,75.8763781772717
2024-10-09 18:00:00,1,1,0,4.216344273316299,300,0,0,45,207,40.958060777102204
2024-10-09 19:00:00,1,2,0,4.764045626420238,177,1,0,20,194,49.584339475855806
2024-10-09 20:00:00,1,0,1,3.0922181311259687,234,1,1,12,252,56.37132137796941
2024-10-09 21:00:00,0,0,1,17.294334083561957,237,0,1,97,215,78.36277057019954
2024-10-09 22:00:00,1,2,1,3.056835432575055,232,1,1,48,272,46.32001960592271
2024-10-09 23:00:00,2,1,1,3.6241181151551904,120,0,1,19,143,20.980817411448808
2024-10-10 00:00:00,2,0,1,5.671855851565331,115,0,1,99,142,53.23526447832321
2024-10-10 01:00:00,2,2,0,11.88058577329218,378,1,1,60,379,50.4624665961368
2024-10-10 02:00:00,2,1,0,17.72342352070766,299,1,0,41,253,50.60058732927104
2024-10-10 03:00:00,2,1,0,8.946334949855794,204,0,1,61,223,35.603129248535865
2024-10-10 04:00:00,1,1,2,11.37943303464392,461,1,0,81,332,56.00957071462515
2024-10-10 05:00:00,2,1,0,4.163298599187806,470,0,1,56,374,18.041818640954883
2024-10-10 06:00:00,2,1,1,6.0529712620580405,128,1,0,22,128,32.96138477923624
2024-10-10 07:00:00,0,0,0,3.5445894872297234,68,1,1,76,121,48.94325477413338
2024-10-10 08:00:00,2,2,2,8.788458052474706,484,0,0,62,352,44.30797695884814
2024-10-10 09:00:00,2,2,2,12.216377514885655,318,0,0,62,227,48.28040386649174
2024-10-10 10:00:00,2,0,2,6.396371070635629,94,1,0,24,62,52.884711813410206
2024-10-10 11:00:00,2,2,2,17.07392125592106,311,1,0,62,281,65.30081413798122
2024-10-10 12:00:00,2,0,2,19.64352866912605,271,1,0,94,249,78.39349463528357
2024-10-10 13:00:00,0,0,1,3.282942193977039,178,1,0,51,168,53.41043506521706
2024-10-10 14:00:00,0,2,0,1.3393410642911587,155,0,1,38,165,37.9738065298061
2024-10-10 15:00:00,2,0,1,16.00576124050089,300,0,0,56,185,76.04886372985807
2024-10-10 16:00:00,2,2,1,4.6222108782635525,170,1,1,39,190,36.79564937752564
2024-10-10 17:00:00,2,1,2,7.7097852605563215,279,0,0,23,139,40.94310156299127
2024-10-10 18:00:00,0,2,0,8.490393147240397,330,1,1,88,306,47.42473090628732
2024-10-10 19:00:00,2,2,0,18.415388389117947,276,1,1,68,280,66.98762482290599
2024-10-10 20:00:00,2,0,0,13.517926099557078,459,1,1,73,421,80.44901420637196
2024-10-10 21:00:00,0,1,2,1.771580315754924,446,0,1,53,337,20.709970232620314
2024-10-10 22:00:00,2,2,1,1.2813945735689374,324,0,0,23,245,35.75721471234485
2024-10-10 23:00:00,2,1,0,4.791793853075323,187,0,0,34,132,27.114221346250044
2024-10-11 00:00:00,2,1,1,7.0452668765815165,222,0,0,53,175,37.755595383603534
2024-10-11 01:00:00,1,1,0,10.20595284764538,376,1,0,70,319,51.31105993014171
2024-10-11 02:00:00,1,2,0,16.918948833868257,320,1,0,11,266,78.14894696602745
2024-10-11 03:00:00,0,0,0,6.98153736466043,264,0,1,90,242,52.13644928875418
2024-10-11 04:00:00,2,1,0,8.15420716616145,277,1,1,88,271,25.518286563876035
2024-10-11 05:00:00,0,2,2,7.257420670183494,156,0,0,83,107,47.70900672003519
2024-10-11 06:00:00,1,1,2,1.1703413846252066,208,0,1,52,199,35.716883974445544
2024-10-11 07:00:00,1,1,1,19.148829243244275,431,0,1,18,368,64.42603575267155
2024-10-11 08:00:00,2,2,2,3.640921798593002,185,0,0,70,130,35.919670839791245
2024-10-11 09:00:00,1,1,0,6.465682085861693,300,1,0,76,290,45.028644974754606
2024-10-11 10:00:00,2,2,1,3.4567627398323943,79,1,0,33,97,34.815324312287
2024-10-11 11:00:00,2,1,1,10.32031996697773,147,1,0,74,93,41.00523220129655
2024-10-11 12:00:00,0,1,1,18.711156183907484,146,0,0,47,93,50.81383504585543
2024-10-11 13:00:00,2,2,0,2.913313634884239,306,0,0,79,195,34.993686753435504
2024-10-11 14:00:00,1,2,0,9.377041548181426,321,1,1,14,307,61.27826340480444
2024-10-11 15:00:00,2,1,1,1.4251220696599904,419,1,0,77,310,14.302515780410058
2024-10-11 16:00:00,0,2,2,15.647066206336817,60,0,0,76,7,55.3761520390099
2024-10-11 17:00:00,1,0,0,13.183296727534074,460,1,1,39,396,79.08730804954662
2024-10-11 18:00:00,1,2,0,14.294274610435853,391,0,0,96,281,66.88070159729503
2024-10-11 19:00:00,2,1,2,9.97439085701892,217,0,0,71,162,32.82885169125533
2024-10-11 20:00:00,2,2,1,18.24502756157171,260,1,1,16,255,62.282220109953926
2024-10-11 21:00:00,0,2,2,8.781591566579582,221,1,0,60,209,53.364455310652566
2024-10-11 22:00:00,2,1,0,10.767616420954464,375,0,0,41,250,38.41210200970528
2024-10-11 23:00:00,1,0,1,14.210495223141958,169,1,0,83,143,78.32423442985201
2024-10-12 00:00:00,1,0,1,10.890652180813738,234,0,1,35,204,78.55304453916361
2024-10-12 01:00:00,2,0,2,4.597377310410231,481,1,0,52,329,47.48583551002855
2024-10-12 02:00:00,2,0,0,7.024341742853328,473,0,1,71,375,52.088473949548586
2024-10-12 03:00:00,2,2,0,2.7535948946373,88,0,0,40,29,27.918440977398586
2024-10-12 04:00:00,1,2,1,9.219656447128658,436,0,1,32,343,59.752242678079845
2024-10-12 05:00:00,2,2,0,12.578449768640231,488,1,1,73,415,50.56288681195779
2024-10-12 06:00:00,2,0,1,3.2520689411136723,306,1,0,81,271,43.49850943483766
2024-10-12 07:00:00,2,2,1,12.98115530793245,328,1,0,64,250,52.83686895697978
2024-10-12 08:00:00,0,1,1,17.96457065529008,279,1,1,25,329,55.05361372029624
2024-10-12 09:00:00,2,1,0,7.416750926724872,495,1,1,18,420,28.07693985619351
2024-10-12 10:00:00,2,0,2,5.218628828157577,164,1,1,13,194,51.16711269298381
2024-10-12 11:00:00,1,1,1,17.96711521299616,467,0,0,92,330,65.0787225310256
2024-10-12 12:00:00,1,2,2,14.146959482053424,450,0,0,48,301,65.94887591709632
2024-10-12 13:00:00,0,0,2,3.002502493074523,353,1,1,53,355,56.00867932429735
2024-10-12 14:00:00,2,2,2,8.754127089172917,140,1,1,50,145,47.7187030913077
2024-10-12 15:00:00,2,0,2,13.807702395336426,358,0,0,22,253,64.88799601665896
2024-10-12 16:00:00,0,2,2,11.91329362453364,110,1,1,85,152,55.53069400725559
2024-10-12 17:00:00,2,1,1,12.752395267647588,152,1,0,82,160,38.69337138466335
2024-10-12 18:00:00,1,0,0,11.775568305504596,264,1,1,21,272,77.11860582467291
2024-10-12 19:00:00,0,1,2,16.163165940792915,151,0,0,33,114,49.511561171059626
2024-10-12 20:00:00,2,2,0,7.088112179142594,444,1,1,57,419,33.9203555968351
2024-10-12 21:00:00,1,1,0,14.460784610087895,192,0,0,86,161,58.97417447917325
2024-10-12 22:00:00,1,1,1,19.8305094073914,139,1,0,41,144,68.79057808890467
2024-10-12 23:00:00,2,2,2,8.409218297842425,167,0,1,47,199,40.20848442359946
2024-10-13 00:00:00,0,1,0,16.029917976541068,188,1,1,87,198,58.38868709903396
2024-10-13 01:00:00,2,2,0,5.67607550558725,440,1,1,75,389,38.09411377331498
2024-10-13 02:00:00,2,0,2,6.356037533396937,352,0,0,63,232,54.44216626665277
2024-10-13 03:00:00,2,1,1,18.76241360948732,289,0,1,30,252,60.98457983845725
2024-10-13 04:00:00,0,1,1,1.492828768725087,185,0,0,40,132,25.366111447217943
2024-10-13 05:00:00,1,2,2,5.131119552355756,54,1,0,73,65,60.50709592753402
2024-10-13 06:00:00,0,2,0,10.17549325842806,258,1,0,61,241,48.65497020509736
2024-10-13 07:00:00,2,0,1,8.635104812379542,136,0,0,44,26,57.41433966993439
2024-10-13 08:00:00,0,1,1,12.954224893465597,499,0,0,25,370,51.1091574765685
2024-10-13 09:00:00,2,0,0,4.661718956847256,396,1,0,49,304,38.978515536527794
2024-10-13 10:00:00,1,2,0,2.340393083002096,368,0,0,99,265,45.73708404792601
2024-10-13 11:00:00,2,2,0,8.017334558290383,326,0,0,47,201,53.89507990585172
2024-10-13 12:00:00,2,1,0,10.962749600739436,424,1,1,66,390,32.155803739178545
2024-10-13 13:00:00,2,2,2,11.678034904613316,170,0,1,12,172,55.532351574857465
2024-10-13 14:00:00,0,1,0,12.42837694730687,294,1,1,46,315,44.30353781862923
2024-10-13 15:00:00,2,1,1,11.424577919469543,407,0,1,11,352,51.85640059865086
2024-10-13 16:00:00,0,2,0,5.669287448452565,139,0,1,95,118,37.60681221486214
2024-10-13 17:00:00,2,0,0,15.526444983411034,189,0,0,12,130,67.51372663836979
2024-10-13 18:00:00,2,2,2,2.667824973048573,161,0,1,56,180,25.74748315098601
2024-10-13 19:00:00,2,2,2,4.768723711491477,444,1,1,99,388,35.487124299931175
2024-10-13 20:00:00,1,2,0,15.048182171363168,487,0,0,36,304,68.1088083305805
2024-10-13 21:00:00,1,2,2,6.314796547999783,443,0,0,72,310,49.74884169783121
2024-10-13 22:00:00,2,0,2,10.3759953905787,424,0,1,47,317,62.49459409600816
2024-10-13 23:00:00,2,2,2,7.216757076255618,289,0,1,53,239,42.70087806736735
2024-10-14 00:00:00,2,1,2,10.63264302070406,321,0,1,17,255,26.02135338785789
2024-10-14 01:00:00,0,1,0,7.586460198999936,192,1,1,32,218,39.67747150235451
2024-10-14 02:00:00,2,2,2,19.88995180821496,491,1,0,15,405,58.71750365994704
2024-10-14 03:00:00,1,2,2,7.792074197804786,256,1,1,34,280,54.06171139961366
2024-10-14 04:00:00,1,1,1,12.913938930555265,168,0,1,68,190,54.01751985167978
2024-10-14 05:00:00,2,0,0,17.87852113536667,133,1,0,66,142,77.69560747983074
2024-10-14 06:00:00,2,2,2,13.12076489293026,437,0,1,67,358,47.33625800932693
2024-10-14 07:00:00,1,2,1,11.751287847082564,300,1,0,25,275,67.40934163368829
2024-10-14 08:00:00,1,1,2,11.815359640367957,327,1,0,35,239,49.61702977892673
2024-10-14 09:00:00,2,1,0,10.432753507544325,212,0,0,88,175,41.11984831061061
2024-10-14 10:00:00,2,0,1,16.344027626684646,191,1,0,56,184,71.9319106068405
2024-10-14 11:00:00,2,0,1,1.9580574888662572,399,0,0,49,296,44.808489875586304
2024-10-14 12:00:00,2,1,0,17.817468250657225,80,1,1,28,134,55.7685907017788
2024-10-14 13:00:00,2,1,1,12.139552184667211,375,0,1,87,295,38.40104570860308
2024-10-14 14:00:00,2,2,1,17.128591203859216,140,0,0,53,98,70.19597004377735
2024-10-14 15:00:00,0,1,2,1.1974613483399623,177,0,1,35,149,21.436968085950184
2024-10-14 16:00:00,2,2,1,17.516251675270734,316,0,0,61,211,61.127909396969066
2024-10-14 17:00:00,2,0,0,3.2826128642920707,85,0,0,46,51,54.63089551108576
2024-10-14 18:00:00,2,1,2,14.703142121455585,385,0,1,86,309,46.919072877965206
2024-10-14 19:00:00,1,1,1,8.913906464869031,329,1,1,56,305,52.30933831104328
2024-10-14 20:00:00,1,0,2,13.940375430860565,262,0,1,81,200,81.08983148999229
2024-10-14 21:00:00,2,1,0,12.93560501586992,473,1,1,23,430,30.69587097736178
2024-10-14 22:00:00,2,0,1,4.104534394277595,282,1,1,35,290,45.2458588784005
2024-10-14 23:00:00,1,2,0,10.777661524503484,277,0,0,56,170,61.37301741196487
2024-10-15 00:00:00,2,0,0,6.267378990696274,418,0,1,22,349,48.826431038062445
2024-10-15 01:00:00,2,1,1,11.648300014112236,347,1,1,20,326,38.59771709822645
2024-10-15 02:00:00,2,1,1,15.022062378004035,286,1,1,11,271,37.566152649190784
2024-10-15 03:00:00,2,2,2,2.5439098770549204,70,0,1,39,110,30.51001902194424
2024-10-15 04:00:00,2,2,0,10.79948604708948,145,0,1,33,151,42.95317869810035
2024-10-15 05:00:00,1,1,1,12.734966594482913,100,1,1,91,186,47.296474690352646
2024-10-15 06:00:00,0,0,0,6.611981618347063,386,1,0,32,295,58.82674904352678
2024-10-15 07:00:00,2,0,1,19.10706617312413,360,1,0,79,300,78.3404372468233
2024-10-15 08:00:00,1,2,0,10.88575368462976,429,0,0,84,330,60.16855241267031
2024-10-15 09:00:00,2,1,2,4.467824707072722,437,0,0,16,307,19.26620059276596
2024-10-15 10:00:00,2,2,0,3.0479769741863967,111,1,0,56,96,25.925920916817454
2024-10-15 11:00:00,0,2,1,11.291531434141945,392,1,1,19,353,60.00203001941232
2024-10-15 12:00:00,0,2,2,8.12952924141165,202,0,0,94,168,49.74346724274319
2024-10-15 13:00:00,2,0,2,4.658394857599308,273,1,1,82,307,46.4488848099165
2024-10-15 14:00:00,2,1,1,1.5832712489297172,191,0,0,39,123,15.430179261719704
2024-10-15 15:00:00,0,1,2,11.76540152071972,90,0,0,57,47,38.29799050152093
2024-10-15 16:00:00,0,1,0,12.373404499839577,490,0,1,34,408,44.02683300415006
2024-10-15 17:00:00,0,2,0,3.694249422447901,215,1,1,98,223,43.59199972476265
2024-10-15 18:00:00,2,2,1,12.433022945635782,239,0,0,33,168,52.27172238160341
2024-10-15 19:00:00,2,1,0,19.08748233944437,346,0,0,21,189,57.65546286318289
2024-10-15 20:00:00,2,1,1,19.587616589805048,94,0,0,80,96,48.26539696550536
2024-10-15 21:00:00,2,1,2,17.881365794583097,257,1,1,43,274,47.8531689820648
2024-10-15 22:00:00,1,1,0,16.33449303587907,431,1,0,12,332,64.12545181677538
2024-10-15 23:00:00,2,2,1,4.977988897553294,145,0,1,15,158,23.78664056244415
2024-10-16 00:00:00,2,1,0,3.9722684674226727,449,0,1,68,377,19.726385885737347
2024-10-16 01:00:00,0,1,2,9.454004443421734,324,1,1,36,281,34.64595959734591
2024-10-16 02:00:00,2,0,2,12.773003275052496,342,0,1,92,272,72.15248702433034
2024-10-16 03:00:00,2,2,0,17.16289499615918,284,1,1,81,281,63.64882150701559
2024-10-16 04:00:00,1,2,2,5.40729778159923,390,1,1,45,335,53.220530845468126
2024-10-16 05:00:00,1,1,1,10.11331010988632,256,1,0,70,210,50.00157707100529
2024-10-16 06:00:00,0,1,0,13.301364597180072,494,1,1,91,427,49.36202969884485
2024-10-16 07:00:00,2,2,0,9.466283236153965,75,0,0,80,36,42.62592455131144
2024-10-16 08:00:00,0,1,2,9.6296798645064,399,1,1,74,357,43.97641463462925
2024-10-16 09:00:00,0,1,1,5.277226059537302,409,0,0,14,280,26.035016924916384
2024-10-16 10:00:00,2,0,0,19.746557193310444,256,0,1,51,194,74.17143143211396
2024-10-16 11:00:00,2,0,0,10.028672384741425,497,1,1,23,453,59.706897428021
2024-10-16 12:00:00,1,1,2,11.122096962704346,430,1,0,74,349,53.52332512499657
2024-10-16 13:00:00,2,1,2,5.152626534449752,190,1,1,21,214,31.24314841370967
2024-10-16 14:00:00,0,0,1,10.768597648304551,396,1,0,92,317,62.42830135248774
2024-10-16 15:00:00,2,1,1,5.851641612151828,136,1,1,11,183,26.49204097347497
2024-10-16 16:00:00,2,2,2,4.844388776285863,467,0,0,23,364,35.313496493721075
2024-10-16 17:00:00,2,0,1,6.238722767915755,428,1,0,76,325,49.143850847818605
2024-10-16 18:00:00,1,0,2,1.0524333216003388,147,1,1,86,198,59.94815649585601
2024-10-16 19:00:00,2,2,0,11.832871128031996,72,0,1,76,51,43.60701681242162
2024-10-16 20:00:00,0,1,2,8.362120104934021,299,1,0,23,254,36.10597664613272
2024-10-16 21:00:00,0,1,2,18.075091364684678,413,0,1,43,330,58.11079110201586
2024-10-16 22:00:00,0,0,2,1.7734362986379026,299,1,0,54,255,50.521465138138616
2024-10-16 23:00:00,1,0,0,1.820805716259252,197,0,0,18,141,59.77917858340103
2024-10-17 00:00:00,0,2,1,17.831596828939087,103,0,0,19,71,59.74362410438316
2024-10-17 01:00:00,2,2,1,3.406248201882484,491,1,0,17,386,37.13107638995839
2024-10-17 02:00:00,1,2,1,1.0410419783560343,364,1,1,38,360,41.85843720067583
2024-10-17 03:00:00,0,2,2,4.399363410547261,453,0,1,70,362,31.13255563045897
2024-10-17 04:00:00,2,0,2,16.65364732685448,88,1,1,63,144,67.52544673373102
2024-10-17 05:00:00,2,2,1,16.251567572441942,383,0,1,48,337,50.5329159662091
2024-10-17 06:00:00,1,2,0,7.46251200602557,267,0,0,42,189,49.41714933978493
2024-10-17 07:00:00,2,1,0,13.692587427937188,396,0,0,32,262,41.21746755245332
2024-10-17 08:00:00,0,2,0,10.637744439380729,465,0,0,81,334,39.44463579859752
2024-10-17 09:00:00,2,2,0,18.18996480707221,474,0,1,49,376,65.46438251713558
2024-10-17 10:00:00,2,1,2,2.072046032931024,286,1,0,32,212,25.42923973515234
2024-10-17 11:00:00,0,0,1,16.450403445996002,374,0,0,68,270,83.23800320898344
2024-10-17 12:00:00,2,2,0,4.24137471912174,373,1,0,59,293,27.08413614671976
2024-10-17 13:00:00,2,0,2,8.440797051203427,392,1,1,73,327,59.94163143842889
2024-10-17 14:00:00,0,1,2,4.647185877260552,326,0,1,65,252,34.49281025457026
2024-10-17 15:00:00,2,2,2,14.349673782288642,274,1,1,52,294,63.79965574939594
2024-10-17 16:00:00,0,1,1,13.888197415311897,457,0,1,93,374,41.22623642301623
2024-10-17 17:00:00,1,0,2,11.41005443228151,193,1,0,67,171,81.41227483523538
2024-10-17 18:00:00,0,1,1,14.265097699269448,337,1,1,21,334,46.89789044727163
2024-10-17 19:00:00,2,2,1,13.151730831488802,260,0,0,45,193,53.66547719517251
2024-10-17 20:00:00,2,2,1,15.752399058001092,203,0,1,82,207,53.86379086699508
2024-10-17 21:00:00,0,1,1,5.548726374520426,308,1,0,15,270,32.87958100235899
2024-10-17 22:00:00,1,0,2,9.14933968387369,276,1,0,41,221,83.30259580628132
2024-10-17 23:00:00,1,0,2,3.8809040577303455,131,1,1,74,134,58.6526564399116
2024-10-18 00:00:00,1,1,2,9.162277720183686,426,0,1,69,336,41.8286492381555
2024-10-18 01:00:00,2,1,0,14.332143276986484,421,0,0,63,343,40.34116414651822
2024-10-18 02:00:00,2,1,0,14.13643205490268,440,1,0,33,363,46.14380584122231
2024-10-18 03:00:00,2,1,1,14.479111162603914,137,0,0,38,87,46.6485736592609
2024-10-18 04:00:00,2,0,1,6.866583044242774,449,0,1,17,355,44.28273776630412
2024-10-18 05:00:00,2,0,1,13.582065502027554,358,1,1,22,365,66.09418012054559
2024-10-18 06:00:00,1,1,1,7.981860072189825,53,0,1,72,63,48.792995593840566
2024-10-18 07:00:00,2,2,1,18.945348875995947,222,1,1,34,258,64.37209815254454
2024-10-18 08:00:00,2,2,0,7.523960951726436,81,1,0,38,68,41.415729418923554
2024-10-18 09:00:00,2,1,1,12.457346446843372,283,0,1,68,270,46.69442570972548
2024-10-18 10:00:00,1,1,2,15.252768569651344,275,0,1,70,240,59.36387432004553
2024-10-18 11:00:00,0,1,1,18.22174115150048,388,1,1,97,380,58.35614040214104
2024-10-18 12:00:00,0,2,2,9.320643465624308,255,1,0,35,209,43.63609208182904
2024-10-18 13:00:00,1,2,2,7.849217055957091,151,0,1,93,195,63.09129812403543
2024-10-18 14:00:00,2,2,2,9.170535331015191,107,1,1,77,170,37.263807078379656
2024-10-18 15:00:00,0,1,2,7.150230679445835,318,1,0,31,274,31.464001618428345
2024-10-18 16:00:00,2,0,1,13.424565311278966,199,0,0,16,161,66.97040492639961
2024-10-18 17:00:00,2,2,1,18.721618516163097,301,0,1,66,295,60.2787157330834
2024-10-18 18:00:00,1,0,1,3.395349123297968,93,1,1,71,150,64.17523634504639
2024-10-18 19:00:00,0,2,1,11.657519230632982,477,1,1,27,426,46.12868398687227
2024-10-18 20:00:00,2,0,1,18.05532578184629,79,1,1,19,152,67.08837096542821
2024-10-18 21:00:00,2,0,0,2.9021763484643333,456,1,1,40,433,41.15628980781941
2024-10-18 22:00:00,0,2,2,10.383442804559335,61,1,1,35,150,56.472122664095565
2024-10-18 23:00:00,2,1,2,17.439362321348476,63,0,0,64,8,40.30376646234705
2024-10-19 00:00:00,2,0,0,18.108592022529564,341,1,1,99,300,78.64858105435081
2024-10-19 01:00:00,2,2,0,10.772691061905412,94,1,0,34,120,51.34113000307989
2024-10-19 02:00:00,2,0,1,1.4740858048866317,249,1,0,61,248,43.770618671579776
2024-10-19 03:00:00,1,2,1,3.0071443901286115,73,1,1,27,131,41.23368786874076
2024-10-19 04:00:00,2,2,2,12.14761815958344,300,0,0,33,221,45.57120825946009
2024-10-19 05:00:00,2,1,1,3.353313522860554,168,1,0,24,148,27.00708520917362
2024-10-19 06:00:00,0,1,2,3.8389377613141447,436,1,0,17,348,27.33561201121144
2024-10-19 07:00:00,1,0,1,15.670224857860164,127,1,0,52,113,86.98844599257318
2024-10-19 08:00:00,2,1,1,15.263149112934506,484,1,0,98,368,44.95779442013546
2024-10-19 09:00:00,2,1,2,17.012682429083966,291,0,1,33,250,49.83992913397946
2024-10-19 10:00:00,2,2,0,3.008967593616008,252,0,1,94,231,31.66316910719387
2024-10-19 11:00:00,0,2,0,4.764752740839537,286,1,0,74,270,44.2098377311512
2024-10-19 12:00:00,0,1,1,16.826267167314363,488,0,0,35,325,50.88110254666038
2024-10-19 13:00:00,1,1,0,14.70066456525805,343,1,1,83,359,54.53467521841475
2024-10-19 14:00:00,1,2,1,16.313166428732764,397,0,1,35,342,72.5670409543259
2024-10-19 15:00:00,0,1,0,19.80516782325052,136,0,1,75,132,59.04089399239417
2024-10-19 16:00:00,0,2,0,17.42420051695834,259,0,1,49,217,64.90369699978875
2024-10-19 17:00:00,2,1,2,10.888801766145448,325,0,0,23,203,46.50517582411091
2024-10-19 18:00:00,2,0,0,6.904595511147891,146,1,0,42,125,50.418169137888434
2024-10-19 19:00:00,1,0,1,11.82385514491932,51,0,1,66,55,82.76410118754426
2024-10-19 20:00:00,2,2,2,13.133144454454596,278,0,0,48,194,49.48353317771815
2024-10-19 21:00:00,2,1,0,7.370930683932798,459,0,0,10,312,33.094129174675444
2024-10-19 22:00:00,0,2,2,15.64780371220889,292,0,1,46,239,62.00189831394302
2024-10-19 23:00:00,2,2,0,2.762322060499848,307,1,1,27,329,32.79320166869288
2024-10-20 00:00:00,0,1,1,15.80846416295249,91,1,0,39,106,54.61945614974319
2024-10-20 01:00:00,0,0,1,1.607971854957021,262,1,1,36,279,44.918816835081
2024-10-20 02:00:00,2,2,2,10.461355153708311,345,1,0,69,302,33.997896098481434
2024-10-20 03:00:00,1,0,0,17.36729280618206,442,1,1,58,376,94.23672335418055
2024-10-20 04:00:00,2,1,0,2.643410206406553,435,0,0,39,300,8.227632718559011
2024-10-20 05:00:00,2,1,2,10.837039793389224,461,1,1,54,434,33.33312887857982
2024-10-20 06:00:00,0,0,2,4.028437340265011,52,0,0,30,7,47.95914205514185
2024-10-20 07:00:00,0,2,1,18.00149925115777,65,0,1,63,101,70.38877816880544
2024-10-20 08:00:00,0,2,2,16.814565013638973,437,0,1,25,385,71.80869436500535
2024-10-20 09:00:00,2,2,0,18.744427622576268,328,1,0,90,233,62.8756078831544
2024-10-20 10:00:00,0,1,2,17.62466448907178,151,0,1,27,185,53.040403468605085
2024-10-20 11:00:00,2,2,1,14.994512887453824,126,0,0,43,103,51.20722216019767
2024-10-20 12:00:00,1,1,2,4.512894716181553,439,0,1,30,361,40.7913870439472
2024-10-20 13:00:00,2,2,0,6.747549697709113,251,0,0,85,198,31.45951796225109
2024-10-20 14:00:00,0,2,2,10.44024800785214,104,1,1,40,170,42.24191329199264
2024-10-20 15:00:00,2,0,2,12.18903884877975,258,0,1,19,211,60.06301310443787
2024-10-20 16:00:00,2,2,2,15.861484510950987,441,0,0,13,300,54.39539371535446
2024-10-20 17:00:00,2,1,1,5.312232935554158,378,1,0,24,302,14.758461612145728
2024-10-20 18:00:00,1,2,1,3.437270488792302,403,1,0,62,334,55.25698074715773
2024-10-20 19:00:00,0,1,1,10.169593241279086,130,1,1,68,166,37.02455097064324
2024-10-20 20:00:00,1,1,1,3.998986806585491,293,0,0,64,208,33.19472602985955
2024-10-20 21:00:00,2,1,0,14.180999244261873,284,0,1,71,249,46.98410149974254
2024-10-20 22:00:00,2,2,0,11.936986911742627,163,0,0,51,117,41.75848772063871
2024-10-20 23:00:00,2,1,1,15.08104814335881,497,1,0,37,402,43.10655138485497
2024-10-21 00:00:00,1,2,1,2.20529463344706,116,1,1,16,162,45.4819018103756
2024-10-21 01:00:00,2,0,1,19.329253648439877,346,0,1,20,273,73.79469936816015
2024-10-21 02:00:00,1,2,2,1.000105196839022,89,1,0,38,98,41.30259344316245
2024-10-21 03:00:00,1,1,0,7.1834058852571605,270,1,0,43,197,46.822123374604665
2024-10-21 04:00:00,1,1,2,13.913061073958556,152,1,1,34,206,55.28226678800856
2024-10-21 05:00:00,0,2,1,1.8576994033802587,460,1,1,65,421,43.37500015923217
2024-10-21 06:00:00,0,0,0,2.583642045794532,344,0,0,49,244,49.08964166137548
2024-10-21 07:00:00,0,1,1,2.4569473073361854,102,0,1,96,95,24.80343417431276
2024-10-21 08:00:00,2,0,2,12.048684807698608,345,0,1,72,272,63.20078423929634
2024-10-21 09:00:00,0,2,0,18.022580985732223,101,0,0,59,103,65.96647662154749
2024-10-21 10:00:00,2,2,2,11.553302576532978,86,0,1,20,105,45.3889370897075
2024-10-21 11:00:00,2,0,0,12.46785569331376,116,1,0,69,135,70.98048166304741
2024-10-21 12:00:00,2,2,1,7.574031372951799,452,0,1,73,418,46.92270826805029
2024-10-21 13:00:00,2,0,0,1.3560820144551131,211,0,0,13,141,45.623253576974825
2024-10-21 14:00:00,2,1,2,1.4106796372731112,255,1,1,40,278,17.912116646589233
2024-10-21 15:00:00,2,2,2,17.877889363137314,390,1,0,83,311,58.3853254081186
2024-10-21 16:00:00,0,2,2,2.948876335673288,371,1,1,63,362,33.59825509891621
2024-10-21 17:00:00,2,1,2,19.99599806443931,443,1,1,89,410,66.00368095648741
2024-10-21 18:00:00,0,2,1,4.124029618714284,101,1,0,65,121,36.448458721285874
2024-10-21 19:00:00,2,1,2,13.8180544351486,475,1,1,53,452,33.158942061089235
2024-10-21 20:00:00,0,1,1,19.03015397143721,493,1,0,90,370,65.88935680900175
2024-10-21 21:00:00,0,1,0,7.883496275198499,258,1,1,14,274,28.27184372007289
2024-10-21 22:00:00,0,2,2,14.954230586211798,51,0,1,76,84,54.46691149803904
2024-10-21 23:00:00,0,0,0,7.666276225404368,178,1,0,89,143,59.87803639509627
2024-10-22 00:00:00,2,2,0,6.793880078467462,227,1,1,77,252,38.419682714403976
2024-10-22 01:00:00,0,2,1,4.83427756893334,213,0,0,18,172,39.37228803272562
2024-10-22 02:00:00,2,1,2,16.597763231078424,402,0,0,13,252,49.015224053046026
2024-10-22 03:00:00,2,0,1,5.890354208573809,71,0,0,94,70,48.37755554189579
2024-10-22 04:00:00,0,2,2,6.380005095211295,418,1,0,83,340,34.6566468892231
2024-10-22 05:00:00,2,2,0,19.98042510177677,276,0,0,90,211,63.12770052884616
2024-10-22 06:00:00,0,2,1,7.218898273461076,131,0,1,25,142,38.50624351679669
2024-10-22 07:00:00,0,1,2,9.03271528780893,213,1,1,79,299,42.0116209641458
2024-10-22 08:00:00,2,2,0,19.81105369772186,426,0,1,24,356,61.77937925789743
2024-10-22 09:00:00,2,0,1,8.016706562931098,52,0,0,61,40,54.912354519915525
2024-10-22 10:00:00,2,1,1,7.956888137481472,221,1,0,40,196,37.78449018042504
2024-10-22 11:00:00,1,2,1,16.726574858063344,167,0,1,89,151,74.54304479369603
2024-10-22 12:00:00,0,0,1,6.92667700126615,193,1,0,53,169,54.74883071677375
2024-10-22 13:00:00,2,1,0,5.441935969205736,301,0,0,45,202,24.321017550355588
2024-10-22 14:00:00,2,0,0,9.040994848331124,444,0,1,11,372,58.159034782821074
2024-10-22 15:00:00,0,0,0,14.31217521094766,315,0,0,37,240,76.72611220285674
2024-10-22 16:00:00,1,2,0,1.8216174746060416,484,1,0,49,401,43.61485162027959
2024-10-22 17:00:00,2,1,2,8.10440451715277,219,0,1,72,195,26.770159843087185
2024-10-22 18:00:00,2,1,0,7.578653136970966,262,0,0,72,156,35.91216309853755
2024-10-22 19:00:00,1,1,1,5.651548597978619,330,0,0,26,246,35.410213656595616
2024-10-22 20:00:00,2,0,1,13.431459382182554,276,0,0,47,176,69.72935159054397
2024-10-22 21:00:00,2,0,1,6.50981152785987,425,0,1,45,371,54.4837511646256
2024-10-22 22:00:00,1,2,1,12.527899621152056,311,0,0,41,228,64.60844552704968
2024-10-22 23:00:00,0,1,2,10.582399987637912,415,1,1,63,392,36.29543121097048
2024-10-23 00:00:00,2,1,1,5.126607545692073,304,1,0,68,239,12.013278485166248
2024-10-23 01:00:00,2,2,1,6.064755083801451,477,1,0,34,367,29.13885250533071
2024-10-23 02:00:00,2,2,1,4.241401012824714,57,1,1,86,120,35.37391215473385
2024-10-23 03:00:00,2,0,0,2.075955082168199,467,1,1,23,439,46.2260594384335
2024-10-23 04:00:00,1,2,0,12.76458079899332,90,0,0,53,44,73.17285808645701
2024-10-23 05:00:00,2,0,2,13.782985184372354,415,1,1,34,399,67.77856372788455
2024-10-23 06:00:00,0,2,2,4.153999878564728,306,0,1,44,282,38.563344635026205
2024-10-23 07:00:00,1,2,2,12.692455309035392,180,1,1,88,213,61.88206319366251
2024-10-23 08:00:00,2,2,1,19.659610061093986,101,0,0,88,106,62.42908637234677
2024-10-23 09:00:00,2,0,2,2.4136398038186204,151,1,0,56,156,44.83961343063793
2024-10-23 10:00:00,0,2,0,10.31704657747841,268,0,0,56,145,58.95152092014851
2024-10-23 11:00:00,1,1,0,14.927726059233224,293,0,0,26,212,61.59236964898227
2024-10-23 12:00:00,1,1,0,1.874174758764811,382,1,1,98,337,31.68442611670125
2024-10-23 13:00:00,2,1,1,15.787196385954696,476,1,1,32,415,43.10436929213466
2024-10-23 14:00:00,0,2,1,19.61071350476483,352,0,0,96,268,58.36408680838511
2024-10-23 15:00:00,0,1,2,2.6812694071223104,419,1,1,26,367,18.78647989646526
2024-10-23 16:00:00,1,1,2,16.62236820385258,388,1,1,38,381,61.41392924271364
2024-10-23 17:00:00,2,2,2,8.19304934572979,324,0,1,11,276,41.39695187404397
2024-10-23 18:00:00,0,1,2,3.738207846246224,119,0,1,20,129,23.11638404012966
2024-10-23 19:00:00,1,0,1,10.370670974730608,96,0,0,25,42,81.36500213877375
2024-10-23 20:00:00,2,2,0,2.3588559798430984,166,1,1,60,185,33.625955186715174
2024-10-23 21:00:00,2,2,1,10.9199267551765,127,0,1,90,157,49.06018472553748
2024-10-23 22:00:00,2,1,2,1.3677789720769424,54,0,1,30,77,23.29732287820697
2024-10-23 23:00:00,2,1,1,14.843617391781873,303,1,1,30,296,50.74589136381476
2024-10-24 00:00:00,2,2,0,10.271424030420183,369,0,0,15,257,43.00765854396478
2024-10-24 01:00:00,1,0,1,9.719853557768433,156,0,0,55,118,72.01766611989906
2024-10-24 02:00:00,2,2,0,4.72763838109959,293,1,0,32,280,33.928596177501646
2024-10-24 03:00:00,2,1,2,7.863999960100549,222,0,0,67,168,28.70316018991601
2024-10-24 04:00:00,0,2,1,4.45551921601166,497,1,0,66,442,30.745953263248424
2024-10-24 05:00:00,2,1,2,14.972411910179046,478,1,1,70,437,47.20251642942237
2024-10-24 06:00:00,2,0,2,4.781480689227518,85,0,1,48,86,49.67633729527497
2024-10-24 07:00:00,0,0,0,12.718313213982588,442,0,1,54,361,76.12570159193577
2024-10-24 08:00:00,1,2,0,6.31254252028729,456,1,0,38,406,45.63517437567685
2024-10-24 09:00:00,0,2,2,13.482661722543217,465,1,0,40,401,61.26532887450597
2024-10-24 10:00:00,0,0,0,11.268644219505504,222,1,1,98,269,78.004228812772
2024-10-24 11:00:00,2,2,0,9.04533400140168,461,1,0,11,330,38.98397203005641
2024-10-24 12:00:00,1,2,2,13.787015834798956,229,1,1,95,279,64.79423450665769
2024-10-24 13:00:00,2,0,2,8.898719360556354,316,1,1,46,300,58.76594989929606
2024-10-24 14:00:00,0,2,0,16.606041448925623,304,1,0,53,258,65.51824412789121
2024-10-24 15:00:00,2,2,2,14.862370706470053,452,0,1,88,366,44.08714136579137
2024-10-24 16:00:00,1,0,2,11.272140895748542,369,1,1,79,342,81.88299729247726
2024-10-24 17:00:00,0,2,0,17.664152969133944,370,0,1,72,308,56.237928492102064
2024-10-24 18:00:00,0,2,1,16.748374607893055,122,1,0,84,118,67.5692775856654
2024-10-24 19:00:00,2,1,1,11.104948497789485,106,0,0,62,35,27.738620125265182
2024-10-24 20:00:00,2,1,2,2.3005061803151525,115,0,0,85,55,16.074863815973362
2024-10-24 21:00:00,0,1,0,11.753930691785635,181,1,1,97,229,48.28005017807329
2024-10-24 22:00:00,0,2,2,7.749882801645425,462,1,0,12,390,42.11199919603828
2024-10-24 23:00:00,2,2,0,11.262145913270947,309,0,1,28,269,52.83325684513534
2024-10-25 00:00:00,1,0,2,13.295478749454274,173,0,1,54,185,81.71859483246901
2024-10-25 01:00:00,1,2,2,13.251932922162151,434,0,0,70,298,67.0268313276921
2024-10-25 02:00:00,2,2,0,13.796956826842028,141,1,0,64,133,50.224936465086486
2024-10-25 03:00:00,1,1,2,13.906103875855282,323,1,1,80,305,52.96149948613054
2024-10-25 04:00:00,0,0,1,3.076346955556579,190,1,0,85,143,60.14803617612213
2024-10-25 05:00:00,2,2,1,4.642534278688579,281,0,0,38,206,34.78571884815027
2024-10-25 06:00:00,2,2,0,12.980279086304668,119,1,1,57,168,43.332815805791256
2024-10-25 07:00:00,0,1,2,8.755275385889696,482,1,0,81,399,40.41595146418719
2024-10-25 08:00:00,0,2,1,15.494181260809508,224,1,1,72,258,53.50644036132212
2024-10-25 09:00:00,2,2,0,3.3732763629938107,408,0,0,30,296,31.114192145320157
2024-10-25 10:00:00,0,2,0,4.638936893990247,135,0,0,66,94,32.68986442180692
2024-10-25 11:00:00,0,0,0,11.610828206292986,302,0,1,22,235,63.60638255422872
2024-10-25 12:00:00,0,0,1,10.514212366090074,79,1,1,36,123,66.783420282915
2024-10-25 13:00:00,2,0,1,6.061545925557109,204,0,1,77,185,53.16763855529927
2024-10-25 14:00:00,1,2,1,8.75852162659801,249,0,1,97,243,51.03856197823775
2024-10-25 15:00:00,2,0,1,1.6646442830764083,412,0,0,73,302,43.957681577913874
2024-10-25 16:00:00,2,0,2,1.7037240518931085,205,0,0,18,194,34.74455173298873
2024-10-25 17:00:00,2,1,1,2.8036130536725614,294,1,0,83,222,26.184356762256748
2024-10-25 18:00:00,2,2,0,11.959056610810649,435,0,1,84,372,48.9674528442228
2024-10-25 19:00:00,1,1,2,17.41061187764992,69,1,0,16,68,64.70054343422825
2024-10-25 20:00:00,2,1,1,5.944242495931926,252,0,1,20,245,22.68728769778549
2024-10-25 21:00:00,0,1,2,1.6448567647449843,383,1,1,37,362,19.42860009224475
2024-10-25 22:00:00,2,1,0,14.463914938993938,201,0,1,81,159,48.10492490572143
2024-10-25 23:00:00,2,2,1,17.251692541096265,126,0,0,36,86,61.34548137061877
2024-10-26 00:00:00,1,2,2,3.625282919998933,377,1,0,31,331,51.89262684097604
2024-10-26 01:00:00,0,1,1,8.329206222867603,221,0,1,51,205,33.012875686831244
2024-10-26 02:00:00,2,2,2,4.0159999712138905,454,0,1,41,375,31.884010959731068
2024-10-26 03:00:00,0,0,2,3.020791181577939,455,1,1,23,424,52.5737187478162
2024-10-26 04:00:00,2,0,0,13.315202231013116,378,1,0,35,295,65.49173901320583
2024-10-26 05:00:00,2,2,0,19.38319304738449,299,0,1,64,290,65.95791425776616
2024-10-26 06:00:00,0,2,1,13.885146886794482,235,0,1,84,221,54.7586767669703
2024-10-26 07:00:00,0,1,1,19.711478593344747,411,0,1,80,362,53.321664224434194
2024-10-26 08:00:00,2,1,2,9.253510245335535,177,0,0,64,131,35.462733553698136
2024-10-26 09:00:00,1,1,0,18.05952598771984,412,0,0,54,290,58.79139157957144
2024-10-26 10:00:00,0,2,0,4.896600268659787,60,1,1,39,119,49.99321649213117
2024-10-26 11:00:00,2,0,2,3.240182973205069,385,0,1,75,335,44.8450536405322
2024-10-26 12:00:00,0,1,0,14.34788096733629,291,0,1,35,245,46.681731430603975
2024-10-26 13:00:00,0,1,0,8.05675828639008,230,0,0,98,153,37.19376615872679
2024-10-26 14:00:00,0,1,2,7.036064452194931,314,0,0,10,175,36.12058330462011
2024-10-26 15:00:00,2,2,1,13.754330981955505,244,0,1,33,202,50.05933032723522
2024-10-26 16:00:00,0,1,1,7.336196793620274,295,1,0,64,232,35.640111443453875
2024-10-26 17:00:00,2,2,1,11.878605272721906,149,0,1,74,152,46.1138595979774
2024-10-26 18:00:00,1,1,2,6.689647018964783,101,0,0,34,82,49.49310387212811
2024-10-26 19:00:00,0,2,1,15.891394176013776,420,1,1,51,372,65.99894831548811
2024-10-26 20:00:00,2,1,2,6.935378469410992,446,0,0,53,300,26.29732209885385
2024-10-26 21:00:00,0,2,2,11.164888745428184,434,0,1,78,382,50.25490902819188
2024-10-26 22:00:00,1,1,0,1.440345590243223,477,0,1,21,402,30.007803866147217
2024-10-26 23:00:00,1,2,0,16.042884883809464,124,1,1,17,171,71.77133819099183
2024-10-27 00:00:00,2,2,1,12.786417721617545,457,1,0,72,350,52.98992289428266
2024-10-27 01:00:00,2,2,2,4.652504272865018,182,1,1,87,195,37.6534698391481
2024-10-27 02:00:00,0,2,1,5.092094145729478,305,0,1,29,271,40.80464411290695
2024-10-27 03:00:00,2,1,1,5.987365451591619,499,0,1,49,429,27.99226915188813
2024-10-27 04:00:00,1,1,0,11.954071987315675,258,0,1,82,221,53.512958470974965
2024-10-27 05:00:00,2,2,1,11.418010328767435,453,0,0,14,319,52.50561623357868
2024-10-27 06:00:00,2,2,1,6.203410673195898,497,1,0,10,395,35.751963279356936
2024-10-27 07:00:00,2,2,0,14.18718354756307,192,1,1,20,211,63.053716364157154
2024-10-27 08:00:00,2,2,1,17.89178215274089,117,0,0,13,59,67.58836308376429
2024-10-27 09:00:00,0,0,1,1.826794075417231,103,1,1,47,137,47.23089526624493
2024-10-27 10:00:00,2,2,2,8.926736118630949,316,0,0,26,245,42.37606548519859
2024-10-27 11:00:00,2,1,1,12.276882252351388,456,0,1,77,363,24.470977954324432
2024-10-27 12:00:00,2,2,0,12.142268867202988,434,1,1,41,416,43.05706033976554
2024-10-27 13:00:00,0,1,0,1.3711715928007044,475,1,1,14,426,20.505454863401017
2024-10-27 14:00:00,2,2,2,5.000755251123496,291,1,1,31,332,32.9080000412316
2024-10-27 15:00:00,0,1,0,2.174783704930309,96,0,1,87,91,26.964933551831784
2024-10-27 16:00:00,0,1,0,11.810336378448747,164,0,1,94,184,47.4720024881492
2024-10-27 17:00:00,0,0,0,13.262407865719876,245,1,0,91,205,63.29423492622424
2024-10-27 18:00:00,1,2,1,4.035101105046074,343,1,0,76,249,42.34878762736007
2024-10-27 19:00:00,1,1,2,7.327211267499379,179,1,0,20,154,37.869506850150216
2024-10-27 20:00:00,1,1,2,7.266271124144399,94,1,1,34,101,37.47586167943575
2024-10-27 21:00:00,2,2,2,16.576244300205886,204,1,0,51,147,58.02302569529397
2024-10-27 22:00:00,2,0,2,4.698528686053534,366,0,1,44,319,54.13983221974164
2024-10-27 23:00:00,2,2,0,11.417968305187513,131,0,0,88,90,54.286775791603965
2024-10-28 00:00:00,1,0,1,15.875774737516805,316,1,1,68,322,92.67570376956114
2024-10-28 01:00:00,1,1,0,16.76198566504391,206,1,0,57,190,54.15212675128223
2024-10-28 02:00:00,1,2,0,13.664755791409927,74,0,1,94,101,64.95181275493877
2024-10-28 03:00:00,2,2,0,6.691027292975775,383,0,0,12,287,39.28690990251468
2024-10-28 04:00:00,1,2,0,16.637884921748267,231,1,1,33,223,77.0819511120367
2024-10-28 05:00:00,2,1,2,15.101154514902404,481,0,0,78,355,32.492582910991075
2024-10-28 06:00:00,2,2,2,14.384913542756117,223,1,1,42,242,49.90272790294067
2024-10-28 07:00:00,2,2,1,2.279372578815136,346,0,0,97,243,36.85781633862735
2024-10-28 08:00:00,2,2,0,1.8220327323794407,90,0,0,79,91,28.17990522798269
2024-10-28 09:00:00,0,2,2,14.211940656330013,494,1,0,56,357,65.32076305227146
2024-10-28 10:00:00,2,2,1,18.95110122344468,406,1,0,62,336,66.28054509921375
2024-10-28 11:00:00,2,2,0,15.700754633197368,444,0,0,54,289,53.401499880583465
2024-10-28 12:00:00,0,1,0,16.798035763380085,477,1,0,80,402,56.23660337722647
2024-10-28 13:00:00,1,2,2,11.354663336146018,337,1,1,92,362,68.15411954496496
2024-10-28 14:00:00,0,2,0,6.787136737673405,98,1,0,66,122,41.75851959789868
2024-10-28 15:00:00,2,0,0,13.8770010385708,311,1,1,94,327,64.24387558829336
2024-10-28 16:00:00,1,1,2,14.52744663436116,293,0,0,79,163,53.8185209188147
2024-10-28 17:00:00,1,2,1,13.831801462186132,106,0,1,49,111,71.9690064108334
2024-10-28 18:00:00,2,1,1,18.98747207766709,55,0,0,12,38,57.47045951699775
2024-10-28 19:00:00,0,1,2,7.976401632026573,96,0,1,58,124,31.603683955653658
2024-10-28 20:00:00,2,2,2,1.7534932401598864,112,0,1,23,119,22.270694742230106
2024-10-28 21:00:00,2,2,1,18.26044270239078,482,0,1,29,377,58.56500218354061
2024-10-28 22:00:00,0,1,1,4.049483258227545,455,1,0,87,343,26.854295070566533
2024-10-28 23:00:00,1,2,2,14.249048448361217,116,0,0,75,81,72.02324816430679
2024-10-29 00:00:00,2,0,2,17.590884355681002,452,1,0,34,338,83.11214162285913
2024-10-29 01:00:00,1,0,2,6.892686562278068,232,1,1,13,213,65.38660560828095
2024-10-29 02:00:00,1,1,0,16.777889576243602,211,1,0,50,131,71.81565254207436
2024-10-29 03:00:00,1,2,2,7.309104399157439,346,0,1,72,302,49.15657245105443
2024-10-29 04:00:00,2,2,0,16.090900636488747,154,0,0,57,109,60.37142298572888
2024-10-29 05:00:00,1,1,1,2.326767396500789,312,1,1,64,308,40.91665019169987
2024-10-29 06:00:00,2,2,1,13.449616974747627,106,0,0,11,93,46.8443298200507
2024-10-29 07:00:00,0,2,2,13.865623530997128,65,0,0,32,14,52.18622454507874
2024-10-29 08:00:00,2,1,2,10.337090771538172,108,1,0,57,112,36.642426316302455
2024-10-29 09:00:00,2,0,1,14.054726413391505,215,1,1,94,269,73.57729887228425
2024-10-29 10:00:00,0,0,1,18.54048974052298,442,0,1,24,351,81.19675162807435
2024-10-29 11:00:00,2,2,1,14.943241674396331,299,0,0,60,205,59.261131595606045
2024-10-29 12:00:00,2,2,1,19.264624550708536,83,0,0,33,77,66.8881534423293
2024-10-29 13:00:00,2,1,2,9.523633963189363,95,0,1,29,111,26.698915716738476
2024-10-29 14:00:00,0,2,0,11.037523902375185,470,1,1,65,382,52.09236868615818
2024-10-29 15:00:00,2,1,1,6.011035247516429,348,0,0,47,240,32.006270950806496
2024-10-29 16:00:00,1,0,1,19.7264316882165,96,1,0,34,93,89.90169510894629
2024-10-29 17:00:00,2,1,0,2.047597968064175,439,1,0,95,322,15.46398806333655
2024-10-29 18:00:00,2,1,2,7.813787934719396,301,1,1,61,327,36.35004772239993
2024-10-29 19:00:00,2,2,0,6.656246130603645,215,1,1,60,244,37.492006028517885
2024-10-29 20:00:00,2,1,2,8.343722549433053,417,0,0,56,311,33.884718611220684
2024-10-29 21:00:00,2,2,2,18.43663934987745,428,1,1,77,358,53.10770461164858
2024-10-29 22:00:00,2,2,2,7.992719607301782,366,0,0,89,249,43.68550736936053
2024-10-29 23:00:00,1,0,2,18.42255640130001,181,0,0,73,144,88.21315705146398
2024-10-30 00:00:00,0,2,2,9.043438371600852,438,1,1,52,406,40.204634437792
2024-10-30 01:00:00,2,1,1,17.240606615183957,119,1,0,80,148,48.24976126202183
2024-10-30 02:00:00,2,1,2,10.913251871512706,109,0,0,97,67,40.933996152326415
2024-10-30 03:00:00,1,2,1,6.915704025137984,254,1,0,66,220,58.42373936968298
2024-10-30 04:00:00,2,2,2,9.537646180389858,287,1,1,48,294,43.76700670594786
2024-10-30 05:00:00,2,2,1,9.063240500585865,393,0,0,38,280,40.66131774369438
2024-10-30 06:00:00,0,1,0,5.938367179625467,397,1,1,35,369,24.34629900567896
2024-10-30 07:00:00,0,1,0,6.503135869846228,382,1,1,23,348,35.87697642440109
2024-10-30 08:00:00,0,1,1,4.542624504910034,155,1,0,73,164,28.584553695256528
2024-10-30 09:00:00,2,1,2,7.384010586944559,233,0,1,56,226,28.73960284406244
2024-10-30 10:00:00,2,1,1,12.86371026173425,387,1,0,29,315,38.84146888972482
2024-10-30 11:00:00,0,2,1,8.344605205482992,492,0,1,16,380,50.99858422029598
2024-10-30 12:00:00,2,1,2,14.534141007599551,56,0,1,91,83,47.49919870930375
2024-10-30 13:00:00,0,2,0,19.75258522407111,80,1,0,83,65,74.36916176785263
2024-10-30 14:00:00,0,2,1,8.164920510205215,265,0,0,76,176,49.889229384091685
2024-10-30 15:00:00,2,1,0,9.790145067702722,390,1,1,62,363,32.64465592499648
2024-10-30 16:00:00,1,2,0,4.118092982013854,353,1,1,74,356,45.64584025285597
2024-10-30 17:00:00,1,2,0,8.452090429807004,347,0,0,39,230,56.16697932794481
2024-10-30 18:00:00,0,2,1,14.809816565022908,395,0,0,75,267,59.19172976945679
2024-10-30 19:00:00,2,0,1,5.130691195106794,335,1,1,24,343,54.08211658209762
2024-10-30 20:00:00,2,1,2,4.459026924449356,422,0,1,84,370,23.617196060364133
2024-10-30 21:00:00,2,0,2,8.151122599334643,175,0,0,79,118,55.67853030640367
2024-10-30 22:00:00,2,2,1,16.554340228636896,100,0,0,79,82,59.96058797798414
2024-10-30 23:00:00,1,2,2,12.849486604518184,468,1,1,66,400,67.97353910171083
2024-10-31 00:00:00,2,0,0,19.194008174145523,239,1,0,34,210,74.62722472513828
2024-10-31 01:00:00,2,0,0,18.18626826362489,100,1,1,32,159,74.3481012027862
2024-10-31 02:00:00,2,2,1,3.871606739641604,425,1,0,21,316,28.025755687852225
2024-10-31 03:00:00,0,2,0,1.808502717537078,414,1,1,57,385,30.445414756054355
2024-10-31 04:00:00,2,2,1,8.582799949700329,281,0,0,19,187,47.917992472196
2024-10-31 05:00:00,2,2,1,10.919510097554152,227,0,1,26,243,50.47009738974752
2024-10-31 06:00:00,2,1,1,10.795841689155576,207,1,1,61,222,39.69898651908132
2024-10-31 07:00:00,1,1,0,3.548038087650051,196,1,0,11,143,40.8373646706717
2024-10-31 08:00:00,2,0,1,3.371531210937597,355,0,1,69,299,34.41225468973652
2024-10-31 09:00:00,1,1,1,1.8903543598048695,487,1,0,66,395,32.67308690076432
2024-10-31 10:00:00,1,1,2,17.166338595052608,300,1,0,90,244,65.20553663333878
2024-10-31 11:00:00,2,2,0,19.0071386232954,388,0,0,82,280,58.57663401487295
2024-10-31 12:00:00,0,1,1,3.1980153841414616,391,1,0,56,329,18.46693467284925
2024-10-31 13:00:00,2,1,2,5.04932500243312,181,1,0,80,159,23.641890463693493
2024-10-31 14:00:00,1,2,1,2.7073948099632963,286,1,1,22,342,48.56965599995832
2024-10-31 15:00:00,0,2,0,17.672541251675863,61,1,0,83,77,69.86736126698385
2024-10-31 16:00:00,2,2,2,19.21546593718858,192,0,0,31,172,56.6243294346074
2024-10-31 17:00:00,2,2,2,5.974134957696911,448,1,0,37,372,38.49739956017256
2024-10-31 18:00:00,2,2,1,6.768092768772124,443,1,1,64,433,31.67356859131846
2024-10-31 19:00:00,1,2,1,7.890724003845852,167,0,0,59,132,57.40541451365405
2024-10-31 20:00:00,2,2,0,10.546811428233896,110,0,0,87,86,42.27461856555711
2024-10-31 21:00:00,0,2,0,13.96675859425361,452,1,1,28,391,60.64141317862811
2024-10-31 22:00:00,2,0,1,10.58342108183786,230,1,0,10,192,62.59180594454782
2024-10-31 23:00:00,1,2,2,19.069030051848586,362,0,0,77,234,86.51241226798606
2024-11-01 00:00:00,2,1,0,2.8979757119084746,314,0,1,65,277,20.648276547438687
2024-11-01 01:00:00,0,1,0,16.173504733226196,78,0,1,97,127,54.47383132726871
2024-11-01 02:00:00,2,2,2,7.35517872545595,312,0,1,23,272,42.84210139567527
2024-11-01 03:00:00,0,1,1,8.173406073644404,249,0,1,73,237,33.946891804192525
2024-11-01 04:00:00,2,2,0,14.467759430494285,154,0,0,96,132,59.41678187372696
2024-11-01 05:00:00,2,0,2,18.6581650876132,450,0,1,78,353,89.28301783354364
2024-11-01 06:00:00,2,2,0,14.607814792517958,128,0,1,93,154,52.945939316114725
2024-11-01 07:00:00,0,1,2,15.741350932208537,193,1,1,31,251,47.280803327507066
2024-11-01 08:00:00,2,2,0,15.264805601017178,248,1,1,53,282,43.765014403496046
2024-11-01 09:00:00,0,1,1,7.098593513690772,155,1,0,58,178,45.28390645717933
2024-11-01 10:00:00,2,2,2,15.38167823046271,388,1,0,45,337,61.05814259046447
2024-11-01 11:00:00,1,2,0,15.905894444176232,471,1,0,78,351,72.78106984364754
2024-11-01 12:00:00,1,1,0,11.134606092359745,138,1,0,97,129,56.53917844442868
2024-11-01 13:00:00,0,0,2,11.19836853466951,381,0,0,43,277,61.611339143431
2024-11-01 14:00:00,2,1,2,15.434695258187192,480,1,0,46,378,52.36055702523509
2024-11-01 15:00:00,2,0,1,16.523586382263744,315,0,1,98,226,74.08196338780091
2024-11-01 16:00:00,2,1,2,7.406713398582738,300,1,0,60,202,28.3354165812235
2024-11-01 17:00:00,2,1,0,16.229682133930524,201,1,1,46,190,47.98653475556655
2024-11-01 18:00:00,0,1,1,16.46997112683281,355,1,0,34,307,48.60240446036392
2024-11-01 19:00:00,0,1,2,5.448387177453007,245,1,0,95,219,26.964517532469102
2024-11-01 20:00:00,1,2,0,14.622064161017605,175,1,1,14,207,62.9708946740461
2024-11-01 21:00:00,2,2,2,4.544144514887009,92,1,0,17,92,35.033034753708435
2024-11-01 22:00:00,0,2,0,2.7679331467744555,470,1,0,62,385,36.23936321799736
2024-11-01 23:00:00,2,1,0,11.916317228954323,222,1,1,36,258,29.594981345213387
2024-11-02 00:00:00,0,2,1,18.26439177688458,103,0,0,70,41,58.834795525581086
2024-11-02 01:00:00,2,2,1,1.6737214469895016,302,1,0,74,232,33.13663544555176
2024-11-02 02:00:00,2,2,2,16.703531114303512,348,1,0,93,276,61.7649706234719
2024-11-02 03:00:00,2,2,1,10.622953003366629,245,1,1,80,251,44.232175165000086
2024-11-02 04:00:00,0,2,2,17.35701352570337,342,0,1,54,283,69.11581206069862
2024-11-02 05:00:00,1,1,1,17.02606176824989,266,0,0,12,173,55.59382409424889
2024-11-02 06:00:00,2,2,1,17.630449291509485,218,0,1,70,186,64.93709666355979
2024-11-02 07:00:00,2,2,2,15.608605141326793,271,0,1,59,247,43.4893216372083
2024-11-02 08:00:00,2,2,1,17.016854736392904,177,0,1,57,180,58.373519841687546
2024-11-02 09:00:00,0,1,1,4.344478936822869,434,0,0,82,263,33.58628908264352
2024-11-02 10:00:00,2,1,1,6.773209828623891,398,1,1,56,355,30.399078776728505
2024-11-02 11:00:00,0,1,1,5.607237245338632,65,1,0,23,47,37.11427248506799
2024-11-02 12:00:00,1,1,2,15.106137770833149,86,1,1,28,181,59.187879149013
2024-11-02 13:00:00,1,1,0,3.919219267975583,470,1,0,71,368,37.54419604214244
2024-11-02 14:00:00,2,0,2,4.462328017177983,440,0,0,15,300,55.113049156078354
2024-11-02 15:00:00,1,2,2,17.70032969371691,345,0,1,16,300,80.67267682754866
2024-11-02 16:00:00,0,2,2,14.411761665343924,484,1,1,99,450,56.78057199145899
2024-11-02 17:00:00,2,1,1,17.632219580462646,369,1,0,22,260,52.22788939829899
2024-11-02 18:00:00,0,0,1,3.64774990695312,274,0,0,55,175,48.80933450067791
2024-11-02 19:00:00,1,1,0,8.580627686664744,163,0,1,42,164,53.35415901331754
2024-11-02 20:00:00,2,2,1,6.379872231450035,71,0,1,50,75,37.57045904518193
2024-11-02 21:00:00,2,0,0,1.1839406203133405,348,1,0,82,270,44.25030075558732
2024-11-02 22:00:00,2,2,0,6.40593624833543,111,0,1,88,91,36.6682335030093
2024-11-02 23:00:00,0,0,1,8.21208178757971,231,0,1,78,193,45.17883861396072
2024-11-03 00:00:00,2,2,0,2.752173107611525,460,1,1,38,395,25.785299533938808
2024-11-03 01:00:00,1,1,2,11.763263598709576,334,1,0,16,306,45.991131911479584
2024-11-03 02:00:00,0,1,2,8.28028058698003,65,1,0,63,98,38.039005119319
2024-11-03 03:00:00,0,1,2,1.8827715832733636,444,1,0,20,323,11.491799290700826
2024-11-03 04:00:00,2,1,0,14.37559843249156,326,0,0,51,217,45.17979323391712
2024-11-03 05:00:00,0,2,0,14.856316842980966,186,0,1,92,186,54.4590133497488
2024-11-03 06:00:00,2,1,2,16.854957416419264,332,1,1,14,306,50.51703694588878
2024-11-03 07:00:00,2,0,1,10.22527139747267,176,0,0,96,109,60.59675635709006
2024-11-03 08:00:00,0,1,2,19.404517149355687,135,0,0,56,127,58.27778889730589
2024-11-03 09:00:00,2,2,1,18.367218746116677,256,1,0,11,194,67.03892963058503
2024-11-03 10:00:00,0,0,1,11.4756808769025,412,1,1,52,420,73.06654789720324
2024-11-03 11:00:00,2,1,0,9.454086690318928,200,0,0,13,115,40.41925018172191
2024-11-03 12:00:00,2,2,0,1.0576541301555342,100,1,1,90,117,23.472026557985213
2024-11-03 13:00:00,2,2,1,14.508896103045442,280,1,0,72,268,48.23451655545134
2024-11-03 14:00:00,1,1,1,11.73413557694413,129,0,1,68,146,58.651360325310506
2024-11-03 15:00:00,0,2,1,18.81333876423553,180,1,1,39,212,64.07900057915442
2024-11-03 16:00:00,0,1,0,12.29041037958364,449,0,1,11,372,37.40678446507149
2024-11-03 17:00:00,2,2,2,19.86426578396187,185,1,0,97,140,58.63527969739077
2024-11-03 18:00:00,2,2,1,17.22256616540252,395,0,0,83,265,60.26700049805285
2024-11-03 19:00:00,1,2,0,19.11836078048411,219,1,0,52,212,77.10218948751702
2024-11-03 20:00:00,2,2,2,7.22559265441574,212,1,0,27,174,44.8641331532206
2024-11-03 21:00:00,2,1,0,3.8373839005780623,248,0,0,33,159,15.90380308839091
2024-11-03 22:00:00,0,2,2,16.14057016210738,276,0,1,46,266,54.79247654665912
2024-11-03 23:00:00,2,0,0,15.937744956413518,97,1,1,39,156,70.53019052018378
2024-11-04 00:00:00,1,0,2,5.017529848705701,359,0,0,78,258,55.2229465072023
2024-11-04 01:00:00,0,2,1,15.530148428563344,302,0,0,68,182,58.57962316657953
2024-11-04 02:00:00,2,2,0,12.057493802786716,152,1,1,32,196,53.43172037065971
2024-11-04 03:00:00,2,0,2,3.0809777531317866,85,1,1,39,177,56.74178760342978
2024-11-04 04:00:00,2,1,2,10.533888353833966,55,0,0,77,2,34.00610881043801
2024-11-04 05:00:00,1,2,2,18.69162201593489,248,1,0,50,194,74.92772938480216
2024-11-04 06:00:00,0,1,1,10.622693363459348,61,1,0,60,106,41.78363983278409
2024-11-04 07:00:00,2,0,0,15.98528080151597,152,1,0,97,154,75.26782043759837
2024-11-04 08:00:00,2,2,2,1.5492897461971742,236,0,1,76,198,33.45267867938382
2024-11-04 09:00:00,0,2,1,14.83354684438928,370,0,0,24,257,56.43561572869224
2024-11-04 10:00:00,0,1,1,18.989910336612063,227,1,1,65,242,63.24620523059409
2024-11-04 11:00:00,2,2,1,10.49102791296578,476,0,0,74,288,43.40860365228694
2024-11-04 12:00:00,2,2,1,7.416488347486141,220,1,1,83,245,47.83128683606891
2024-11-04 13:00:00,2,2,1,13.286359592851047,226,0,0,99,127,56.27346641895116
2024-11-04 14:00:00,0,1,1,18.40896308677117,138,1,0,64,142,52.74158652546153
2024-11-04 15:00:00,1,2,1,4.358623360133516,253,0,1,85,195,49.29841661769402
2024-11-04 16:00:00,2,1,0,8.670189990431485,488,0,1,74,408,30.15791164139001
2024-11-04 17:00:00,0,2,0,3.969515338654982,396,0,1,11,325,40.8651200879702
2024-11-04 18:00:00,2,1,1,10.436430412177964,392,1,1,20,340,34.3943600576916
2024-11-04 19:00:00,2,1,2,11.268018247580622,260,0,0,85,158,33.88090894007644
2024-11-04 20:00:00,2,1,2,18.939868679711545,262,1,1,51,259,55.54060988157769
2024-11-04 21:00:00,1,1,2,8.837787921584919,483,1,0,12,376,49.39365227377547
2024-11-04 22:00:00,2,1,1,11.772175657254268,70,0,0,50,42,32.09937915882269
2024-11-04 23:00:00,0,0,2,17.819988907028893,137,1,0,58,141,87.47532751494984
2024-11-05 00:00:00,2,2,0,7.106695003347015,62,0,0,92,46,43.73455284557191
2024-11-05 01:00:00,2,1,0,13.80911351038421,475,0,0,91,350,46.48899405257762
2024-11-05 02:00:00,2,2,0,15.386075127619833,169,1,0,46,200,54.79698787143057
2024-11-05 03:00:00,0,2,0,7.280036459053179,448,1,1,16,398,39.043907007628256
2024-11-05 04:00:00,2,0,1,4.122482525082245,227,1,0,47,195,54.09945205284997
2024-11-05 05:00:00,0,1,0,10.555281296143193,178,1,0,67,172,37.68088969586718
2024-11-05 06:00:00,2,1,2,7.779232872532731,100,1,1,14,144,26.30149049187053
2024-11-05 07:00:00,2,0,2,6.062786204052065,467,0,0,70,299,53.05627236546484
2024-11-05 08:00:00,2,1,0,19.495004903187997,91,1,1,92,137,44.97546274991916
2024-11-05 09:00:00,2,1,0,10.54090735532913,367,1,0,86,296,37.53530944420753
2024-11-05 10:00:00,2,1,0,17.27307618302505,144,1,0,48,145,45.71666826105563
2024-11-05 11:00:00,2,1,2,4.711030800323824,291,1,1,37,333,23.57397904586869
2024-11-05 12:00:00,0,0,2,18.84941253308348,465,0,1,66,342,86.69751892298255
2024-11-05 13:00:00,0,1,0,16.094197256811412,405,1,0,11,328,58.49800538100111
2024-11-05 14:00:00,2,0,2,16.365150967593706,110,1,1,79,160,78.2487811936024
2024-11-05 15:00:00,2,0,2,8.405532628722643,398,1,0,88,340,63.880476763858425
2024-11-05 16:00:00,2,2,1,10.227102868476038,487,1,1,37,406,45.2366419402812
2024-11-05 17:00:00,2,1,0,12.273732192074922,491,0,1,46,408,27.629142777425063
2024-11-05 18:00:00,2,1,0,16.00554518789623,277,1,0,98,222,46.01377382752518
2024-11-05 19:00:00,1,2,1,17.132078289148314,457,0,1,64,388,77.54776846213535
2024-11-05 20:00:00,2,2,1,2.482860877686754,460,1,0,97,360,26.962653564609237
2024-11-05 21:00:00,2,2,2,18.17718536313032,326,0,0,91,244,59.40438308036475
2024-11-05 22:00:00,2,2,1,18.81243639758096,67,0,1,10,103,56.49686372699738
2024-11-05 23:00:00,2,0,0,12.264860682778924,293,0,1,12,234,68.04102850475064
2024-11-06 00:00:00,0,2,0,4.548261651843212,360,1,0,80,250,35.727286563857966
2024-11-06 01:00:00,2,2,0,16.5498818213663,373,1,1,94,381,56.70196394996185
2024-11-06 02:00:00,2,0,2,11.42316467644238,96,0,0,23,61,65.72841715876737
2024-11-06 03:00:00,0,1,2,16.526732620611213,359,0,1,57,326,52.64496981420822
2024-11-06 04:00:00,2,1,0,16.481354405197017,67,0,1,46,95,55.855231669278254
2024-11-06 05:00:00,0,1,0,2.647856998030057,433,0,1,12,372,23.37736733907316
2024-11-06 06:00:00,0,1,2,12.533407139042618,250,0,1,58,205,36.01599864862063
2024-11-06 07:00:00,2,2,2,10.179741686105704,302,1,1,65,304,48.83523557948115
2024-11-06 08:00:00,0,1,1,18.976269929990835,241,1,0,98,270,58.097471166425606
2024-11-06 09:00:00,2,2,2,6.63618454658253,98,0,0,69,48,41.78768709929688
2024-11-06 10:00:00,0,0,2,4.914002017627576,143,1,1,22,202,52.6530971879936
2024-11-06 11:00:00,2,1,0,18.04465026436394,468,1,0,62,366,52.65651598821752
2024-11-06 12:00:00,2,2,0,3.8255958091019897,286,1,0,59,248,31.351529885761693
2024-11-06 13:00:00,0,1,0,14.043869715764773,271,1,0,28,230,40.521959644801086
2024-11-06 14:00:00,1,1,1,6.700376462994407,216,1,0,35,155,46.68079983588453
2024-11-06 15:00:00,1,2,2,11.789069354452074,303,0,0,62,221,66.37719942866752
2024-11-06 16:00:00,0,0,1,12.708169223983962,491,1,1,66,441,75.52847223965001
2024-11-06 17:00:00,2,1,2,8.930016357201367,106,1,1,47,196,20.4975811955854
2024-11-06 18:00:00,2,1,2,19.52433462450482,55,1,1,18,103,53.99711579550634
2024-11-06 19:00:00,2,1,0,3.504830193614604,287,1,0,55,246,19.728815900510405
2024-11-06 20:00:00,2,1,2,8.436582691698383,270,1,0,95,205,36.51022250344688
2024-11-06 21:00:00,2,1,1,9.177511210612,273,1,1,13,301,34.00997750198416
2024-11-06 22:00:00,1,2,0,12.989892030927448,127,1,1,80,193,64.09849190469275
2024-11-06 23:00:00,2,1,1,8.737935405695863,69,1,0,91,83,40.48360167277575
2024-11-07 00:00:00,2,2,1,2.843684216071101,355,1,0,59,261,40.41685826931384
2024-11-07 01:00:00,2,2,0,19.001169965435697,314,0,0,79,219,70.70129297895855
2024-11-07 02:00:00,1,2,2,8.905502551135028,253,0,0,14,187,59.63016659499304
2024-11-07 03:00:00,0,1,1,7.510800817124378,191,1,0,79,195,32.833294775462896
2024-11-07 04:00:00,0,0,2,9.487720359306088,425,1,0,43,311,74.19768776395583
2024-11-07 05:00:00,2,1,0,5.115317960449526,456,0,1,74,348,32.08909839537573
2024-11-07 06:00:00,1,2,2,2.904212008704367,353,1,1,27,315,50.22464147490441
2024-11-07 07:00:00,2,1,2,3.822991103068389,129,0,1,36,135,20.839243685700687
2024-11-07 08:00:00,1,2,0,4.166441713067632,259,0,1,19,219,42.70728186009694
2024-11-07 09:00:00,0,1,2,4.755795326102007,305,0,0,11,230,23.456649897551365
2024-11-07 10:00:00,2,1,1,8.979244032297654,361,0,0,92,263,33.065038378892
2024-11-07 11:00:00,2,1,1,12.85408611183892,426,1,1,70,403,43.47265641451018
2024-11-07 12:00:00,0,1,1,12.948868922507918,89,0,0,31,86,36.07966811022933
2024-11-07 13:00:00,2,0,2,1.0018538216766104,402,1,1,19,341,47.032612338777376
2024-11-07 14:00:00,1,2,1,18.4981956710696,472,1,1,68,418,69.42289883872502
2024-11-07 15:00:00,2,1,2,16.634096430114113,251,1,1,21,267,47.085490640637474
2024-11-07 16:00:00,2,2,2,19.31482274928476,135,0,1,72,127,69.88702924008797
2024-11-07 17:00:00,2,0,2,7.839740549873665,92,0,1,24,113,66.82382755452153
2024-11-07 18:00:00,2,2,2,13.631186257098545,285,0,0,72,207,52.91277810424292
2024-11-07 19:00:00,2,1,0,4.192394235865845,427,1,0,74,328,22.659352964537604
2024-11-07 20:00:00,2,0,1,16.523627517186384,464,1,1,47,415,72.55445880867426
2024-11-07 21:00:00,0,1,1,4.065986736133008,119,0,1,97,126,27.55685343182824
2024-11-07 22:00:00,2,2,2,7.193728315347242,405,1,0,15,335,43.44391347352474
2024-11-07 23:00:00,1,2,0,10.325862262992684,180,0,1,15,194,57.68484082460147
2024-11-08 00:00:00,0,0,2,12.296101708202258,181,0,0,47,137,66.49714015215481
2024-11-08 01:00:00,1,0,1,11.6330274614479,297,1,0,57,277,74.99766534248666
2024-11-08 02:00:00,2,0,1,2.939824222489948,204,1,1,24,181,51.0166105376348
2024-11-08 03:00:00,2,1,0,9.011844054413167,279,0,0,81,186,35.3920704831778
2024-11-08 04:00:00,2,0,2,18.53527601991063,138,0,1,38,124,78.82647365662741
2024-11-08 05:00:00,0,1,0,17.57500202728518,278,1,0,11,265,64.4903477601663
2024-11-08 06:00:00,1,1,2,12.224886941838156,76,1,0,84,67,57.669118527393096
2024-11-08 07:00:00,2,2,0,11.874166933618426,410,1,1,82,405,59.00855130259558
2024-11-08 08:00:00,2,2,1,3.1218284703372734,405,1,0,25,317,38.12446705758365
2024-11-08 09:00:00,1,2,0,4.804929593895764,287,0,1,67,236,44.44151230843888
2024-11-08 10:00:00,2,2,1,5.800155109477825,224,0,1,97,212,41.69490749147593
2024-11-08 11:00:00,0,0,1,10.275718841952308,365,0,1,43,344,72.75706577881498
2024-11-08 12:00:00,0,1,2,14.895764913818656,341,0,1,52,270,43.35426195975554
2024-11-08 13:00:00,1,1,0,9.753781756480906,423,0,1,33,351,52.80470524260338
2024-11-08 14:00:00,2,0,0,3.3951597949105574,479,0,0,34,342,39.365970201544926
2024-11-08 15:00:00,2,1,0,9.347628663216229,110,0,0,50,56,35.19026664078721
2024-11-08 16:00:00,0,2,0,4.090031821228879,219,0,0,42,140,43.83850152041151
2024-11-08 17:00:00,1,2,2,15.271799682164806,312,1,1,52,297,66.22936242907278
2024-11-08 18:00:00,2,2,2,4.163516347687001,463,1,0,26,366,36.88523125467504
2024-11-08 19:00:00,2,2,2,10.168145801344677,355,0,0,16,219,37.87448178354138
2024-11-08 20:00:00,0,1,1,14.174858450560766,165,1,1,68,206,50.09068939747503
2024-11-08 21:00:00,1,0,1,5.335763214958963,224,0,1,36,183,67.51777582413177
2024-11-08 22:00:00,1,1,1,2.444572045109202,270,0,1,45,234,35.60544585183355
2024-11-08 23:00:00,1,2,2,11.702690045420226,473,1,1,28,398,59.93109992143924
2024-11-09 00:00:00,2,1,1,2.029850606583458,177,0,0,24,150,22.829554460342507
2024-11-09 01:00:00,2,2,0,12.167604216395192,54,1,0,79,83,53.30173688725965
2024-11-09 02:00:00,0,2,1,15.316472214137828,375,0,0,66,246,70.07367647150738
2024-11-09 03:00:00,1,0,2,7.257003841773824,235,0,0,78,198,82.71297545877914
2024-11-09 04:00:00,2,2,2,10.278638772533151,221,1,0,62,164,40.44238894692084
2024-11-09 05:00:00,2,2,2,18.646474926273985,248,1,1,78,263,58.9939127357777
2024-11-09 06:00:00,0,0,2,9.951068419335495,280,0,0,11,204,63.25579953930743
2024-11-09 07:00:00,2,2,0,19.93452716647439,337,1,1,27,319,65.20323313137733
2024-11-09 08:00:00,2,2,1,3.983045815795785,384,1,0,41,305,32.40502417506837
2024-11-09 09:00:00,0,2,1,14.469744147182494,164,1,1,38,190,60.86695318802283
2024-11-09 10:00:00,0,2,2,13.399753365747824,382,1,0,58,290,52.81631116249487
2024-11-09 11:00:00,0,0,1,17.573791457000215,379,1,0,93,322,77.80955325129122
2024-11-09 12:00:00,2,1,0,2.7564210278202737,473,0,1,92,382,8.270866586787639
2024-11-09 13:00:00,0,2,2,6.3239252385345175,362,0,1,89,309,43.56564018123441
2024-11-09 14:00:00,0,2,1,3.51140528944637,60,1,1,84,145,33.21237034612068
2024-11-09 15:00:00,0,0,1,18.728807323166507,473,1,1,69,408,80.45168938489486
2024-11-09 16:00:00,0,0,1,9.106071168259884,153,0,0,37,93,68.14410304689
2024-11-09 17:00:00,2,2,1,18.291251065166318,224,1,0,95,182,58.89203743302254
2024-11-09 18:00:00,2,2,2,6.593732892817631,435,1,1,36,395,39.88272293348346
2024-11-09 19:00:00,2,1,2,3.400993925871386,485,1,0,90,418,28.664607234419176
2024-11-09 20:00:00,2,2,0,6.634208186734312,423,0,1,17,346,41.39850576374784
2024-11-09 21:00:00,0,0,2,12.34631282723293,169,0,0,81,57,76.7230437565669
2024-11-09 22:00:00,1,0,1,17.059419243907225,286,0,1,32,255,97.6751342480248
2024-11-09 23:00:00,0,0,1,8.322423171274941,285,1,1,41,296,61.65557084882269
2024-11-10 00:00:00,0,1,1,18.3813645258162,354,1,0,24,307,57.722254787854254
2024-11-10 01:00:00,2,0,0,5.640409133880645,492,0,0,77,370,54.10087172321978
2024-11-10 02:00:00,2,0,2,14.17727305877157,87,1,0,49,158,61.836327446823546
2024-11-10 03:00:00,2,1,2,14.978553659163174,321,1,1,66,313,48.293596972563705
2024-11-10 04:00:00,2,2,2,6.205295467281704,425,1,0,56,342,41.90603741012151
2024-11-10 05:00:00,2,2,1,1.5124276877100211,393,0,0,19,281,19.945492756032166
2024-11-10 06:00:00,0,2,1,7.939509498964353,300,1,1,65,293,42.20277383292316
2024-11-10 07:00:00,1,0,1,1.8587267988165856,424,0,0,61,292,52.22261965037812
2024-11-10 08:00:00,2,2,0,18.114321732641372,383,1,1,72,343,63.77968509825308
2024-11-10 09:00:00,2,2,0,19.1169799957471,76,1,0,60,85,59.83628677156276
2024-11-10 10:00:00,0,2,1,14.97221840297401,379,1,1,88,352,66.93561245768488
2024-11-10 11:00:00,2,2,0,14.807007120962844,172,0,1,79,180,58.706666470306736
2024-11-10 12:00:00,1,0,0,5.576960718822882,205,1,0,18,191,74.44275422919603
2024-11-10 13:00:00,0,2,0,2.404585954603608,266,1,0,50,203,32.862762670603296
2024-11-10 14:00:00,1,2,2,16.239988081357417,243,0,0,49,143,83.07139360574698
2024-11-10 15:00:00,2,1,0,11.624076699513983,350,1,1,25,325,27.14284446978928
2024-11-10 16:00:00,0,1,1,13.950923084956324,210,1,0,34,218,50.31270253628932
2024-11-10 17:00:00,2,2,2,15.81318029363837,177,1,1,19,221,58.138738216430205
2024-11-10 18:00:00,0,0,0,8.779251110093108,365,0,0,39,258,67.56416284957544
2024-11-10 19:00:00,2,1,1,3.746385209588036,227,0,1,18,223,20.48261607322714
2024-11-10 20:00:00,2,1,0,16.105699187895013,175,0,0,49,97,51.96344945156523
2024-11-10 21:00:00,0,1,1,9.62154714533974,223,1,0,66,210,34.64176799405497
2024-11-10 22:00:00,0,2,1,16.71156038626272,84,1,0,55,87,61.12830294121778
2024-11-10 23:00:00,1,0,0,9.316283788440243,288,0,1,16,219,74.03543156112129
2024-11-11 00:00:00,0,2,0,5.123311760688815,90,0,1,52,109,43.55505126689057
2024-11-11 01:00:00,0,2,2,4.249095316421864,235,0,1,57,235,31.870229963331603
2024-11-11 02:00:00,2,2,0,15.134513374624188,232,0,1,85,216,57.33083083820215
2024-11-11 03:00:00,0,1,1,11.922893333085938,438,0,0,66,304,37.14255172948799
2024-11-11 04:00:00,0,2,2,8.687455108829043,310,0,1,26,251,42.52188996913492
2024-11-11 05:00:00,1,2,1,10.350218367635309,455,0,0,34,315,67.24282564555855
2024-11-11 06:00:00,1,2,1,11.443133500444258,83,1,0,16,141,68.02686778661996
2024-11-11 07:00:00,2,0,0,5.548912394690125,498,1,1,64,454,57.98615859334482
2024-11-11 08:00:00,1,2,1,8.185146014256095,236,0,0,28,165,51.69621187686354
2024-11-11 09:00:00,2,2,0,6.555817837084966,450,1,0,90,336,33.95817449424446
2024-11-11 10:00:00,2,0,1,8.380053088166918,356,0,0,41,209,53.08815770647204
2024-11-11 11:00:00,0,0,2,10.510682056840192,482,1,0,96,352,67.49994313433423
2024-11-11 12:00:00,2,2,0,4.293793242032953,186,1,0,41,163,41.05892611692017
2024-11-11 13:00:00,0,1,2,8.476786190328873,251,0,1,35,206,37.25290120767684
2024-11-11 14:00:00,2,2,0,8.324394422831546,430,1,1,81,360,32.465663873069374
2024-11-11 15:00:00,2,2,2,6.434072520002992,192,1,1,31,221,38.32455374677742
2024-11-11 16:00:00,0,1,0,19.97143017124659,158,1,0,64,122,59.6600997452198
2024-11-11 17:00:00,0,1,2,2.3989226708915363,206,1,0,66,191,31.042367827485982
2024-11-11 18:00:00,1,1,2,13.21607164642898,304,0,1,17,279,58.27238425557296
2024-11-11 19:00:00,0,2,0,4.314333524192277,230,0,0,55,194,40.27569362548155
2024-11-11 20:00:00,0,2,0,16.950955796418462,458,1,1,14,389,64.45627307556413
2024-11-11 21:00:00,2,1,1,18.36973418417672,390,1,0,21,300,46.5666961400762
2024-11-11 22:00:00,2,1,1,8.628081669570218,268,0,0,36,166,32.00447355028981
2024-11-11 23:00:00,2,2,0,16.646090538993484,77,1,1,93,162,60.12443037794223
2024-11-12 00:00:00,0,1,0,5.748279537651149,200,0,0,20,121,32.089290388883065
2024-11-12 01:00:00,0,1,2,3.66130163925597,408,1,0,45,315,18.170168006539622
2024-11-12 02:00:00,2,2,2,7.0016870616496085,149,1,1,61,194,43.63226316726611
2024-11-12 03:00:00,0,2,1,7.491806263929897,52,1,1,11,105,46.32295979483212
2024-11-12 04:00:00,0,1,1,8.549793350925999,82,0,1,83,132,42.811762919045485
2024-11-12 05:00:00,2,2,1,8.086219897198557,248,1,1,80,238,40.24440891539432
2024-11-12 06:00:00,2,1,2,8.811744604159575,118,0,1,21,135,34.299977333483966
2024-11-12 07:00:00,1,2,2,14.49063395029747,139,0,1,64,127,60.69512803000956
2024-11-12 08:00:00,0,1,2,5.6660225244489695,66,0,0,89,35,29.84769493599488
2024-11-12 09:00:00,1,1,1,1.352936319537312,386,0,0,40,270,39.99863068887196
2024-11-12 10:00:00,2,2,0,10.303930476244162,416,1,1,41,362,49.84415212644473
2024-11-12 11:00:00,1,2,1,9.517533639892417,372,0,0,73,189,55.98527950981402
2024-11-12 12:00:00,2,1,2,2.1412348070251785,372,0,0,68,282,16.204276713545827
2024-11-12 13:00:00,2,1,1,3.542226628526861,83,0,1,34,69,26.42917863327571
2024-11-12 14:00:00,1,0,1,10.688496999012983,313,0,0,78,208,69.21990967134606
2024-11-12 15:00:00,2,2,1,5.460264440372006,350,1,0,77,285,38.87992385338829
2024-11-12 16:00:00,0,1,1,17.674367588687492,109,0,0,53,75,63.07395302188968
2024-11-12 17:00:00,2,2,2,4.292557242730408,233,0,1,52,215,27.528581767455627
2024-11-12 18:00:00,0,1,1,1.3823300051218088,375,0,0,24,257,24.451191238679
2024-11-12 19:00:00,1,2,2,9.503711618430147,406,0,1,22,336,61.064335449155735
2024-11-12 20:00:00,2,1,1,19.73709910155685,414,1,1,78,387,56.978328565562975
2024-11-12 21:00:00,0,1,2,13.043577999823052,455,0,0,79,345,47.169186739261285
2024-11-12 22:00:00,2,1,0,7.726564703976565,466,1,0,54,354,36.678454163244055
2024-11-12 23:00:00,0,2,2,1.3204922178893082,483,0,1,34,413,28.774474312242933
2024-11-13 00:00:00,2,2,2,10.21402035510231,248,1,1,34,257,42.31133752235366
2024-11-13 01:00:00,2,2,0,4.922854040630175,290,0,1,19,264,26.77977567185777
2024-11-13 02:00:00,2,1,0,13.307327623486277,281,0,0,71,201,40.897887718882885
2024-11-13 03:00:00,2,1,0,12.077161380894724,260,0,1,21,212,44.35562272369244
2024-11-13 04:00:00,1,2,0,6.0390617323565134,417,0,1,76,311,52.71457516008552
2024-11-13 05:00:00,2,1,0,2.308771950154761,479,1,1,38,433,24.61450707891614
2024-11-13 06:00:00,2,2,0,15.34536476276636,101,0,1,52,97,55.18998007420449
2024-11-13 07:00:00,2,1,1,12.123817797265902,168,1,1,97,187,30.604655843061728
2024-11-13 08:00:00,2,2,1,17.00039874066394,379,0,0,97,258,58.76700565727269
2024-11-13 09:00:00,0,2,0,5.936200297097609,264,0,0,98,206,37.47429194875863
2024-11-13 10:00:00,1,0,2,13.40437923082783,371,1,0,46,326,79.66606437334036
2024-11-13 11:00:00,2,1,2,3.254929510045014,198,0,1,78,160,14.144926723694423
2024-11-13 12:00:00,1,1,0,6.54438825042003,457,1,1,20,354,47.08931606199395
2024-11-13 13:00:00,0,2,1,13.47424312567002,225,0,0,49,154,61.0564542975733
2024-11-13 14:00:00,2,0,1,16.68604479775107,426,0,0,72,284,75.64135409980038
2024-11-13 15:00:00,0,0,2,7.097584533123591,318,1,0,31,295,54.57166109823867
2024-11-13 16:00:00,0,2,0,16.178217574573523,369,0,1,24,322,60.688010128515664
2024-11-13 17:00:00,0,2,1,13.877296745192368,54,1,1,18,111,51.560115324676666
2024-11-13 18:00:00,1,2,0,7.624820658644397,451,0,0,79,288,46.94261338699582
2024-11-13 19:00:00,2,2,0,17.651541817144345,165,0,0,73,124,61.64954572452726
2024-11-13 20:00:00,1,2,2,10.675352254673191,252,1,1,99,253,65.37427880116944
2024-11-13 21:00:00,0,0,0,13.316689628375563,86,0,1,15,93,73.78642243273441
2024-11-13 22:00:00,2,2,0,10.416995496166123,103,0,1,52,128,40.79063691263002
2024-11-13 23:00:00,0,2,2,9.601679249324592,337,1,0,29,254,53.97224703437976
2024-11-14 00:00:00,2,2,1,17.111576627538273,333,1,0,52,277,67.33708031228629
2024-11-14 01:00:00,1,2,0,6.599383885733889,135,0,1,71,152,53.92500926137497
2024-11-14 02:00:00,0,2,2,1.6959552249107688,94,1,0,76,78,39.11139238588629
2024-11-14 03:00:00,2,2,1,17.715870227354262,333,1,0,91,281,57.32322561239714
2024-11-14 04:00:00,2,1,0,16.67545510797248,370,1,1,61,348,43.66186480984919
2024-11-14 05:00:00,0,1,1,7.964649016822642,119,0,1,83,92,22.815649734083
2024-11-14 06:00:00,2,2,2,4.523571635399014,91,0,0,35,68,36.20968534805258
2024-11-14 07:00:00,2,0,0,13.835139217920949,466,0,1,40,362,69.33275605208367
2024-11-14 08:00:00,2,1,2,2.496457169077146,321,1,0,64,257,17.88686666627978
2024-11-14 09:00:00,2,2,2,9.05134035523736,190,0,0,77,145,43.12571076166337
2024-11-14 10:00:00,2,1,0,2.631384109260592,454,0,1,66,359,12.687758929567698
2024-11-14 11:00:00,2,1,2,12.360283831246493,108,0,0,33,107,38.5635863780995
2024-11-14 12:00:00,2,0,1,1.5169592923829696,289,0,0,74,152,41.64269045593132
2024-11-14 13:00:00,0,0,2,12.95552913705192,96,0,1,35,119,67.42080529574497
2024-11-14 14:00:00,0,1,0,13.790905892498534,216,1,1,58,224,48.68691249961044
2024-11-14 15:00:00,2,2,0,10.25574501787787,159,1,1,47,187,45.26351268881291
2024-11-14 16:00:00,2,1,1,4.325139256654626,175,1,1,45,191,26.13875957623591
2024-11-14 17:00:00,0,0,0,2.9264848339169376,348,0,0,63,255,50.61478015656808
2024-11-14 18:00:00,2,1,2,6.952554614603062,460,1,0,18,335,24.36692780840955
2024-11-14 19:00:00,2,1,2,9.838926912400236,158,0,0,51,142,38.9491025543643
2024-11-14 20:00:00,2,2,0,13.201958020052045,214,1,0,91,205,47.5154839451796
2024-11-14 21:00:00,1,0,1,1.023752422851493,419,0,0,33,279,65.1151752887603
2024-11-14 22:00:00,0,1,1,14.5102144654719,308,0,1,49,256,52.20008472934009
2024-11-14 23:00:00,0,2,0,14.541526710380252,125,1,1,91,194,72.16691493457637
2024-11-15 00:00:00,0,1,2,9.446218323357495,56,1,1,17,132,34.82674588842476
2024-11-15 01:00:00,0,0,0,7.524722469211083,235,1,0,63,230,59.50520270102295
2024-11-15 02:00:00,2,1,0,17.003862728736813,325,1,1,20,313,47.72309023543123
2024-11-15 03:00:00,0,0,1,15.907162158593332,128,0,0,97,109,76.06976668668618
2024-11-15 04:00:00,2,2,2,19.682245681836758,114,0,1,86,143,63.50508175322671
2024-11-15 05:00:00,0,2,1,8.066685301440089,164,0,1,65,178,48.17010466445394
2024-11-15 06:00:00,0,0,1,18.229819492284868,251,1,1,38,262,85.0050693409931
2024-11-15 07:00:00,0,0,2,2.660635831966093,191,0,1,51,193,54.33392727989192
2024-11-15 08:00:00,2,2,2,8.817855258766192,147,0,1,15,143,48.16277096086208
2024-11-15 09:00:00,2,1,2,9.84210825622452,354,0,0,12,232,24.84826376728824
2024-11-15 10:00:00,0,2,0,9.376612007865706,266,0,0,83,189,56.14802129343336
2024-11-15 11:00:00,0,2,2,12.876865580191351,123,1,0,74,139,53.73156895870703
2024-11-15 12:00:00,1,2,0,4.233948937925209,342,1,0,21,279,53.59472877340615
2024-11-15 13:00:00,2,2,1,17.46259126279879,183,1,0,45,140,60.40777763347794
2024-11-15 14:00:00,0,1,2,11.483516352253147,311,1,0,65,251,51.15743287661315
2024-11-15 15:00:00,0,2,0,18.179981412252022,333,0,1,61,288,74.55296147768144
2024-11-15 16:00:00,1,2,0,1.0500012364082103,151,0,1,41,187,47.4318113338697
2024-11-15 17:00:00,0,1,0,12.969774158266931,426,1,1,65,405,54.20509968668618
2024-11-15 18:00:00,0,2,0,8.836699090241826,255,1,0,20,240,42.82508262029435
2024-11-15 19:00:00,0,2,1,10.596882173239692,190,1,0,10,126,62.00273042402725
2024-11-15 20:00:00,0,2,2,15.13228570482542,62,0,0,15,79,59.07972648034044
2024-11-15 21:00:00,1,1,2,5.315883218397103,298,1,1,88,308,36.93106419499003
2024-11-15 22:00:00,2,2,2,4.893089269073372,172,0,1,83,147,27.68756063402908
2024-11-15 23:00:00,2,1,2,14.35714853700572,59,0,1,33,66,42.13363917599033
2024-11-16 00:00:00,1,2,2,10.905949419939423,129,1,1,81,167,49.92610931023327
2024-11-16 01:00:00,0,2,2,5.439142863172117,216,1,1,90,224,39.41486029091115
2024-11-16 02:00:00,0,2,0,10.196354058718892,148,1,1,33,199,50.16224264416726
2024-11-16 03:00:00,2,1,2,9.731609709766031,256,1,0,86,205,37.29090489362382
2024-11-16 04:00:00,2,2,0,14.13744412089092,200,1,0,18,185,50.673635341879695
2024-11-16 05:00:00,0,0,1,1.050560968766309,86,1,1,68,147,41.75617515468279
2024-11-16 06:00:00,0,1,0,12.148445049658177,426,0,1,79,368,44.816887087606894
2024-11-16 07:00:00,2,0,1,12.507884859733236,313,1,0,32,257,68.9558326644613
2024-11-16 08:00:00,2,2,2,15.164692606570476,493,1,1,95,402,56.49565892022737
2024-11-16 09:00:00,1,2,1,17.89537885467353,391,0,0,94,251,65.70883467096277
2024-11-16 10:00:00,2,1,1,9.363606145122088,54,0,1,26,99,37.41547724552693
2024-11-16 11:00:00,1,1,0,7.507884261868804,427,0,1,99,378,52.22028648726747
2024-11-16 12:00:00,2,0,0,2.94408717271444,275,1,1,34,290,50.73078884178181
2024-11-16 13:00:00,0,1,1,7.399881052971428,76,0,1,47,144,41.05473529011248
2024-11-16 14:00:00,1,1,1,2.3012086244437464,173,0,0,12,81,39.97496649653547
2024-11-16 15:00:00,0,2,2,16.25358390148764,452,1,0,76,359,62.49915367617428
2024-11-16 16:00:00,2,1,0,16.333116809070894,476,1,1,23,392,46.75143225232107
2024-11-16 17:00:00,0,2,1,8.927515488600784,348,0,0,19,256,50.87964631400232
2024-11-16 18:00:00,2,2,0,5.933183443653326,84,1,1,75,174,38.224659493617686
2024-11-16 19:00:00,2,0,2,3.242381433593164,286,1,0,80,211,49.9362148331934
2024-11-16 20:00:00,1,2,2,17.173506154415083,360,1,0,23,313,71.3126285528354
2024-11-16 21:00:00,0,1,1,17.672410289322702,366,0,1,90,343,54.85914899655624
2024-11-16 22:00:00,0,1,2,6.059502677206467,352,1,0,19,268,34.519751207106694
2024-11-16 23:00:00,2,2,1,12.81345042088751,151,1,1,58,230,52.10536626098292
2024-11-17 00:00:00,2,2,0,5.914419631017385,126,0,0,71,71,27.905589487854478
2024-11-17 01:00:00,2,0,0,5.277405915727996,361,0,1,57,306,58.11573123158208
2024-11-17 02:00:00,0,2,1,1.4029529619968906,131,0,0,12,143,41.78576422498087
2024-11-17 03:00:00,0,1,1,11.966028934135188,195,0,1,56,176,41.83744811456645
2024-11-17 04:00:00,0,0,1,3.8488893205255863,242,1,0,69,203,49.82377469106282
2024-11-17 05:00:00,1,1,0,1.235052474471707,273,1,1,34,280,29.53644623723406
2024-11-17 06:00:00,2,1,0,2.992172122399529,102,1,1,16,153,19.97892854684244
2024-11-17 07:00:00,2,2,2,6.961614640168462,394,1,0,86,352,38.596138505632894
2024-11-17 08:00:00,2,0,2,13.714100612122522,134,1,0,48,136,64.44050265371769
2024-11-17 09:00:00,2,2,0,4.849838013310378,444,1,0,52,388,44.45126976846744
2024-11-17 10:00:00,2,1,0,17.864220688101764,417,1,1,55,401,52.18650273080046
2024-11-17 11:00:00,1,1,1,6.48127979727605,178,0,1,98,151,46.86697062269954
2024-11-17 12:00:00,2,1,0,7.293299499049349,260,1,0,52,240,34.675019407957954
2024-11-17 13:00:00,1,1,0,5.141566419087568,401,1,0,38,318,46.34420439464778
2024-11-17 14:00:00,2,1,2,5.8223014043649295,313,0,0,92,220,30.143813995805196
2024-11-17 15:00:00,1,2,2,2.4085671765096945,452,1,1,95,444,44.153352616303145
2024-11-17 16:00:00,0,0,1,6.6006409956076,232,0,0,75,152,58.01898422390941
2024-11-17 17:00:00,1,1,2,17.332731732411837,321,0,1,95,273,68.98570119583937
2024-11-17 18:00:00,2,1,1,14.080066286516654,276,1,1,78,316,48.70068078250523
2024-11-17 19:00:00,0,0,0,17.630095873446713,371,0,1,36,306,72.77106994466733
2024-11-17 20:00:00,1,2,0,2.992321273207776,61,1,1,91,139,52.81620503895894
2024-11-17 21:00:00,2,0,1,9.656715986001023,142,0,1,12,143,70.96720806084113
2024-11-17 22:00:00,2,1,2,5.3558425866221855,379,0,1,65,309,23.421821221746928
2024-11-17 23:00:00,2,1,2,14.703096220566811,239,1,1,73,244,44.48530903114965
2024-11-18 00:00:00,1,2,0,19.43451866979192,135,1,1,30,158,84.32308396658466
2024-11-18 01:00:00,0,2,2,16.49183010195547,403,0,1,33,319,57.00527286132444
2024-11-18 02:00:00,0,2,1,1.670285168269121,491,0,0,99,350,35.83674846882167
2024-11-18 03:00:00,2,2,0,7.016534198240449,326,1,0,29,248,41.00885710529724
2024-11-18 04:00:00,2,1,2,1.5430141185599475,342,1,1,61,324,9.73957698373018
2024-11-18 05:00:00,1,2,0,1.763172371688725,310,0,0,22,237,36.60519106596708
2024-11-18 06:00:00,2,2,0,2.510790779123864,247,1,0,79,214,40.43694371829836
2024-11-18 07:00:00,0,2,2,6.250211650440676,465,0,0,99,370,44.75030983468872
2024-11-18 08:00:00,1,2,1,6.779852585124492,372,1,1,52,363,54.98657411587542
2024-11-18 09:00:00,2,2,2,8.608616751462876,59,1,1,87,94,50.33474767691452
2024-11-18 10:00:00,0,1,2,8.693690794859627,137,0,0,46,76,45.46942929472734
2024-11-18 11:00:00,2,1,2,15.65677122502044,389,1,1,39,314,40.23415063134139
2024-11-18 12:00:00,0,2,2,3.686661627999096,367,0,1,24,302,35.015334969562154
2024-11-18 13:00:00,2,1,2,3.997071700280896,86,0,1,92,137,21.992927603769992
2024-11-18 14:00:00,0,2,2,12.905191981772449,272,0,1,84,245,58.34500192936167
2024-11-18 15:00:00,2,0,1,11.863100891657435,224,0,0,93,142,59.87534666891614
2024-11-18 16:00:00,2,1,0,3.926089404160136,258,1,0,34,253,33.85085685848851
2024-11-18 17:00:00,0,1,1,17.193024110224464,98,1,0,47,91,44.33590707040713
2024-11-18 18:00:00,2,0,2,7.252128867922941,73,0,0,52,65,46.52193801040328
2024-11-18 19:00:00,0,1,1,7.972379622345238,387,1,1,39,346,33.82530654048475
2024-11-18 20:00:00,2,1,0,8.988741535857182,459,1,1,49,420,34.10515225687917
2024-11-18 21:00:00,0,1,1,7.131335544039779,155,1,1,68,189,46.06770838606711
2024-11-18 22:00:00,2,2,2,11.591645993179904,360,1,1,32,318,49.91681084879126
2024-11-18 23:00:00,0,1,0,8.384306740005773,312,1,1,53,276,38.45032492562107
2024-11-19 00:00:00,2,2,2,5.9292597929604645,255,1,1,90,278,41.33556327880942
2024-11-19 01:00:00,2,2,2,18.185022486504717,218,0,1,10,220,61.7786880612022
2024-11-19 02:00:00,2,1,0,6.85866406266294,435,1,1,87,405,27.865685658459288
2024-11-19 03:00:00,0,1,0,14.271289583907617,207,1,1,91,235,46.04211234144955
2024-11-19 04:00:00,2,2,2,7.597308636781028,290,0,1,50,220,40.29766224321097
2024-11-19 05:00:00,1,2,1,9.269179750671965,172,0,0,71,122,65.49628506204213
2024-11-19 06:00:00,1,1,0,5.482926944625301,69,0,0,69,51,39.6358711834919
2024-11-19 07:00:00,2,1,1,15.294262768357829,105,1,1,89,203,44.97961934187602
2024-11-19 08:00:00,0,2,1,15.006861777098807,329,0,1,19,271,57.82156164677028
2024-11-19 09:00:00,2,0,0,1.4225589703539034,157,0,1,82,152,42.35287016171998
2024-11-19 10:00:00,2,1,1,2.143686765724545,189,1,0,87,177,21.690790029728465
2024-11-19 11:00:00,0,2,0,18.52515264015385,140,0,1,75,146,61.77995481002624
2024-11-19 12:00:00,0,1,0,17.887710097519165,320,1,0,66,262,59.55618683250806
2024-11-19 13:00:00,0,1,0,10.615656662792077,378,1,1,51,331,42.14083421646668
2024-11-19 14:00:00,2,1,0,10.373790439608392,259,1,0,63,229,39.17794548373135
2024-11-19 15:00:00,2,2,1,16.43605931329206,225,1,1,94,244,61.38093262660709
2024-11-19 16:00:00,2,2,1,3.630552790812701,110,1,0,51,90,28.335920687431432
2024-11-19 17:00:00,0,0,0,13.420283305573223,333,1,1,75,311,70.00892929477386
2024-11-19 18:00:00,0,2,0,10.043676895257931,415,1,0,79,306,43.985181058688646
2024-11-19 19:00:00,0,0,0,15.123289556996834,52,1,1,20,124,72.50606699547191
2024-11-19 20:00:00,2,1,0,1.5719530349278186,321,0,1,76,303,16.599670143109783
2024-11-19 21:00:00,2,1,2,12.261785444754832,213,0,1,20,184,48.16659590869437
2024-11-19 22:00:00,2,0,1,11.577836089095594,437,1,0,13,344,66.65907969299316
2024-11-19 23:00:00,2,2,1,16.97611826219452,58,1,0,88,80,53.01508490670674
2024-11-20 00:00:00,2,0,0,13.85988965354553,415,1,0,99,357,61.832966256591135
2024-11-20 01:00:00,1,1,2,17.723046809517115,61,1,0,88,82,77.2635245501919
2024-11-20 02:00:00,1,1,2,17.858193111208617,123,1,1,58,152,67.25311727951785
2024-11-20 03:00:00,0,2,2,8.75511601709464,287,0,1,31,301,39.459979242218814
2024-11-20 04:00:00,2,1,0,3.6112485412844495,349,0,1,46,314,18.39169512464125
2024-11-20 05:00:00,2,2,2,12.975389460621573,157,1,0,19,102,43.22063085007108
2024-11-20 06:00:00,1,2,0,17.601175869761697,499,0,1,29,404,74.55098377040916
2024-11-20 07:00:00,2,1,2,2.4241135397004543,452,0,0,82,337,20.67569236401234
2024-11-20 08:00:00,1,1,0,11.60054218860862,62,1,0,59,84,59.730115334696855
2024-11-20 09:00:00,2,1,0,3.184991006536655,283,1,0,40,245,15.00333598403956
2024-11-20 10:00:00,2,1,1,1.5129238433488372,488,1,1,53,430,15.102857578994332
2024-11-20 11:00:00,1,2,0,13.913071724875836,294,0,0,40,196,69.53231490712713
2024-11-20 12:00:00,2,1,2,13.955142625571114,370,1,0,84,273,46.418022802292505
2024-11-20 13:00:00,0,1,1,12.412502854930878,141,1,0,50,130,50.558434491551296
2024-11-20 14:00:00,0,0,2,17.325233274134145,409,1,0,13,279,70.44765520438716
2024-11-20 15:00:00,2,2,0,2.5366523560760887,247,0,0,23,208,31.01630677137981
2024-11-20 16:00:00,2,1,1,2.9999449722764275,165,0,1,55,165,23.46574502936777
2024-11-20 17:00:00,0,2,0,17.426173321609497,180,1,0,63,140,69.07035270908328
2024-11-20 18:00:00,0,0,0,10.562257677839,414,1,0,98,330,65.88402136149986
2024-11-20 19:00:00,2,1,2,6.188003367926507,202,0,0,96,166,29.839993092181874
2024-11-20 20:00:00,1,2,2,15.02498258172046,170,0,0,42,132,77.32626151713173
2024-11-20 21:00:00,2,2,2,17.99367072948364,157,1,1,39,179,60.251386667525615
2024-11-20 22:00:00,2,1,1,14.102462437856282,485,1,0,18,372,43.939659848904
2024-11-20 23:00:00,2,2,2,16.046719336890533,65,0,1,47,112,56.76541003375653
2024-11-21 00:00:00,2,0,0,6.367447563708658,348,0,0,98,229,51.00677220418283
2024-11-21 01:00:00,2,0,1,6.486731828800306,105,0,0,91,81,46.32902935959709
2024-11-21 02:00:00,1,1,2,17.418353726738015,441,0,0,52,297,63.14444477500032
2024-11-21 03:00:00,2,1,2,12.682394124449091,152,0,1,16,154,43.87478138945111
2024-11-21 04:00:00,2,0,2,5.449092281800993,257,1,1,97,292,54.12052519262269
2024-11-21 05:00:00,2,2,0,10.959074493782031,477,1,0,49,361,46.565421404305546
2024-11-21 06:00:00,0,1,2,14.031348957972735,471,1,1,94,386,48.095300479329104
2024-11-21 07:00:00,1,2,0,5.152432543764972,200,0,1,71,235,41.39311342862252
2024-11-21 08:00:00,2,1,1,13.443221755946984,311,1,1,64,301,47.4008724059152
2024-11-21 09:00:00,2,1,2,1.800752146537588,92,1,0,44,111,8.526079877950316
2024-11-21 10:00:00,2,0,0,6.770140837079063,349,1,1,52,376,46.97619758258043
2024-11-21 11:00:00,2,1,2,13.80546442279618,167,1,1,20,217,42.6324637254614
2024-11-21 12:00:00,2,1,2,3.83763224430813,385,0,1,11,317,25.53245596319223
2024-11-21 13:00:00,2,1,1,5.22178158220748,328,1,1,88,320,32.90976881596941
2024-11-21 14:00:00,2,2,1,17.702772516809397,193,0,1,88,223,65.2683171186051
2024-11-21 15:00:00,0,1,0,13.81210088920056,277,1,1,14,301,51.24785645661149
2024-11-21 16:00:00,2,2,0,10.479455494876802,253,0,0,49,167,48.08356955682498
2024-11-21 17:00:00,1,2,0,5.006974450421593,278,1,0,89,252,36.34260056562164
2024-11-21 18:00:00,1,0,1,7.486783475062904,314,1,1,55,298,72.31526108930144
2024-11-21 19:00:00,0,1,0,11.912279467459824,186,0,1,30,185,49.26830361338624
2024-11-21 20:00:00,2,0,1,3.950939284188701,289,0,0,18,216,40.37275841051967
2024-11-21 21:00:00,2,1,1,10.15313751806559,235,0,1,80,200,36.26494052769353
2024-11-21 22:00:00,2,2,2,8.770513488622425,498,0,0,36,339,34.697400259341016
2024-11-21 23:00:00,0,2,2,10.057059487124748,364,1,1,26,334,53.97554073860946
2024-11-22 00:00:00,2,1,0,3.005655604325689,200,1,0,75,155,16.255618939077998
2024-11-22 01:00:00,1,2,1,3.023444653855543,374,0,0,35,263,57.92911381653473
2024-11-22 02:00:00,1,1,1,19.318108102180105,452,1,1,81,405,72.97417456052669
2024-11-22 03:00:00,2,1,1,19.607986940770605,340,1,1,54,333,55.09138679373351
2024-11-22 04:00:00,0,1,2,9.097128500324546,402,1,1,64,379,38.35724133430272
2024-11-22 05:00:00,2,2,1,15.990913619365909,488,0,0,49,331,60.94064541710377
2024-11-22 06:00:00,2,1,0,13.460037111538462,159,1,0,25,167,45.36121492876456
2024-11-22 07:00:00,2,1,0,3.22142023774939,89,1,0,93,104,22.992469701404204
2024-11-22 08:00:00,2,1,2,6.636894489359258,191,0,0,41,104,22.678011661555185
2024-11-22 09:00:00,1,2,0,6.959376764245889,389,0,0,44,279,57.85568749725721
2024-11-22 10:00:00,2,2,1,12.319714262325254,421,1,1,73,371,47.02520589721384
2024-11-22 11:00:00,2,1,1,12.01955753397493,62,1,0,73,29,31.25534736941609
2024-11-22 12:00:00,0,1,0,18.54666518035236,102,0,0,24,107,56.55009868299943
2024-11-22 13:00:00,0,2,2,16.010689965549204,129,1,1,51,142,60.07476305228205
2024-11-22 14:00:00,2,2,1,17.2801056274565,282,0,1,59,228,60.787006310832325
2024-11-22 15:00:00,1,2,1,17.93334365860918,400,1,0,41,314,74.53002042999375
2024-11-22 16:00:00,0,0,2,16.22425677854463,88,0,0,39,64,74.52440967665882
2024-11-22 17:00:00,2,1,1,7.324743960085046,276,0,1,92,246,32.18963793736052
2024-11-22 18:00:00,2,0,0,5.085246455355501,389,1,1,33,355,52.92046701191761
2024-11-22 19:00:00,2,1,0,11.863579422399892,170,0,0,75,86,30.26157441196659
2024-11-22 20:00:00,1,0,2,14.101798012613056,114,1,0,30,128,81.86488581505691
2024-11-22 21:00:00,0,1,2,8.34479141030015,489,1,1,51,411,37.5583359660645
2024-11-22 22:00:00,1,2,0,17.118434349325696,345,1,1,89,342,69.85421127154879
2024-11-22 23:00:00,2,1,2,19.250765263541684,479,1,1,67,437,55.72664259317581
2024-11-23 00:00:00,2,1,0,11.818518796609688,254,1,0,11,218,38.745958023144645
2024-11-23 01:00:00,2,0,2,9.675249182108148,184,0,0,25,107,58.49249294297921
2024-11-23 02:00:00,2,2,0,17.01485522190784,94,1,0,16,96,55.622634176887885
2024-11-23 03:00:00,0,0,1,1.4611213927983466,327,1,1,64,355,45.939061802167785
2024-11-23 04:00:00,0,2,1,3.451239700850713,184,1,0,24,165,42.25087026438884
2024-11-23 05:00:00,2,2,0,17.06749552111909,427,0,0,32,267,65.99862667299247
2024-11-23 06:00:00,2,1,1,14.908543127311855,101,0,1,78,134,40.758588448575615
2024-11-23 07:00:00,2,0,0,8.906597265882194,278,0,0,10,180,56.93897789665125
2024-11-23 08:00:00,2,2,2,17.888185296763695,405,0,0,78,307,55.99927340176902
2024-11-23 09:00:00,2,2,1,7.677707465262355,117,1,1,22,124,39.94321662859628
2024-11-23 10:00:00,2,2,1,13.043061799471433,247,1,1,35,268,52.37564757902659
2024-11-23 11:00:00,2,2,1,13.052354936192405,116,0,1,61,170,51.428523165008045
2024-11-23 12:00:00,2,0,0,4.502305959670489,52,0,0,22,51,35.81782172434821
2024-11-23 13:00:00,2,1,1,6.412182987117102,107,0,0,64,88,33.92829537768091
2024-11-23 14:00:00,2,1,2,18.40413153122563,425,0,0,38,281,49.397661621106415
2024-11-23 15:00:00,0,1,1,4.484882222074924,305,1,0,27,232,22.863054170252195
2024-11-23 16:00:00,2,2,2,4.297917815104865,405,0,1,11,323,29.38017021911433
2024-11-23 17:00:00,1,1,1,10.112694000943607,487,1,0,36,392,55.50876336248595
2024-11-23 18:00:00,2,1,1,2.7517499965189787,314,1,1,59,304,24.058594169938416
2024-11-23 19:00:00,2,1,2,17.997897590703094,487,0,0,51,308,50.75237579588859
2024-11-23 20:00:00,2,2,1,2.9028336279369507,484,1,1,76,442,30.465277621917817
2024-11-23 21:00:00,2,2,2,12.714592059975097,65,1,1,19,136,44.0784494602884
2024-11-23 22:00:00,1,1,2,7.455855272461044,317,0,0,18,229,49.91472800706247
2024-11-23 23:00:00,2,0,2,16.281184823949644,151,1,0,12,138,77.14028477599345
2024-11-24 00:00:00,1,0,1,12.206404169583232,453,0,1,95,368,85.9058838909102
2024-11-24 01:00:00,1,1,1,8.377816680509326,486,0,1,47,401,47.76949448082311
2024-11-24 02:00:00,0,2,2,19.693586706351404,336,0,0,84,226,75.3551328356644
2024-11-24 03:00:00,0,2,1,2.2583887808450824,271,1,1,79,261,30.03111456474716
2024-11-24 04:00:00,0,1,0,11.977939761382856,70,1,0,78,61,44.289101245798655
2024-11-24 05:00:00,2,1,2,19.801797919336853,436,0,0,39,304,59.24190788596939
2024-11-24 06:00:00,0,2,2,14.128100221047324,70,0,0,23,52,61.91038847445079
2024-11-24 07:00:00,2,2,0,15.055623001201669,141,1,0,11,155,63.16855378125116
2024-11-24 08:00:00,2,1,0,1.6097317470102324,333,1,1,17,337,15.150681833862746
2024-11-24 09:00:00,2,0,2,1.4059000988422856,182,0,1,83,177,47.098648522781644
2024-11-24 10:00:00,0,2,0,1.6860921276616638,376,1,1,94,357,27.368913087299752
2024-11-24 11:00:00,1,2,2,19.842754141348408,378,1,1,92,389,70.57065990939705
2024-11-24 12:00:00,2,1,1,19.61087545407618,224,1,1,27,259,56.07198777011036
2024-11-24 13:00:00,1,2,0,7.355669589520975,262,1,1,80,278,63.62308100586176
2024-11-24 14:00:00,2,1,2,6.528654509050749,197,1,0,22,158,35.4373521188883
2024-11-24 15:00:00,2,2,2,3.773216164839041,471,0,0,55,320,28.212904255146363
2024-11-24 16:00:00,2,2,2,7.25366568413041,281,0,1,63,215,39.50157775287784
2024-11-24 17:00:00,2,2,0,8.032848680398136,421,0,0,21,300,35.48756216201702
2024-11-24 18:00:00,2,1,1,15.217373518421638,214,0,0,49,134,46.15758442065442
2024-11-24 19:00:00,0,2,1,17.45957750547496,363,0,1,97,283,68.1078409791219
2024-11-24 20:00:00,1,0,0,15.187967275086374,194,0,0,91,142,83.47169739260535
2024-11-24 21:00:00,2,2,2,13.283026920815878,347,1,0,47,304,52.80691035561737
2024-11-24 22:00:00,2,1,2,15.55210148368716,272,1,0,21,216,42.65987133334501
2024-11-24 23:00:00,1,2,2,15.0314521038843,402,0,0,76,274,67.0956400803356
2024-11-25 00:00:00,0,1,0,10.0392441808775,465,1,0,34,359,35.36923628603676
2024-11-25 01:00:00,2,0,0,7.381176646765798,111,0,0,44,105,50.37351496496234
2024-11-25 02:00:00,2,2,2,6.372833620674391,145,0,1,25,128,46.51663125811874
2024-11-25 03:00:00,1,1,2,13.90775373074285,161,0,0,54,61,60.52454282864765
2024-11-25 04:00:00,0,1,2,19.22677836445928,425,1,1,22,395,49.31676018388961
2024-11-25 05:00:00,2,1,0,12.040039659776973,136,1,0,33,82,41.28246366350589
2024-11-25 06:00:00,2,0,0,18.338003546973056,454,1,0,85,337,79.12831345843227
2024-11-25 07:00:00,1,1,1,1.2703580484860029,466,1,1,11,455,41.75028007601301
2024-11-25 08:00:00,2,2,2,16.09494228798411,304,0,0,99,211,51.16746247695456
2024-11-25 09:00:00,1,0,2,17.218450501241513,439,1,1,19,404,92.32965015409584
2024-11-25 10:00:00,2,1,1,12.98888292093022,162,1,0,28,171,40.500907795291205
2024-11-25 11:00:00,0,2,2,18.74715898787286,303,1,1,95,272,68.76672613523627
2024-11-25 12:00:00,2,2,1,12.208346864744692,397,0,1,33,333,52.79940347458279
2024-11-25 13:00:00,2,2,0,5.570201148008237,371,0,0,99,223,25.25846571077799
2024-11-25 14:00:00,1,1,1,5.098627359515692,81,1,0,70,81,42.87499567840306
2024-11-25 15:00:00,2,1,1,11.56088906716159,113,1,1,14,167,40.97099318273313
2024-11-25 16:00:00,0,2,0,18.22319467942801,203,1,1,89,213,67.78382093405492
2024-11-25 17:00:00,2,0,2,2.374990969346463,495,0,0,43,343,39.40879607658422
2024-11-25 18:00:00,2,1,1,12.48341973200731,54,1,0,73,94,39.26959304617115
2024-11-25 19:00:00,2,1,1,15.626265986658469,444,0,0,21,294,53.34107974052587
2024-11-25 20:00:00,0,1,2,3.1926393228478136,433,0,1,68,363,26.18193120273269
2024-11-25 21:00:00,2,0,1,3.2186241235282456,379,1,0,30,285,50.4018022276467
2024-11-25 22:00:00,2,1,0,7.956431936722173,259,0,1,98,254,33.50151167435929
2024-11-25 23:00:00,2,0,1,6.20374229744462,482,1,1,87,441,58.13378609960388
2024-11-26 00:00:00,0,1,2,4.767969018980105,141,1,0,56,152,37.69804855712462
2024-11-26 01:00:00,0,0,2,4.775189298615559,271,1,1,62,296,44.22698859814979
2024-11-26 02:00:00,2,2,1,3.482711616071881,239,1,1,82,299,28.69660801917671
2024-11-26 03:00:00,2,2,2,12.606226248557096,109,0,1,48,130,50.42741227659208
2024-11-26 04:00:00,1,1,2,14.074386468097654,254,1,0,40,199,68.74040975175748
2024-11-26 05:00:00,2,2,1,14.355788310701849,261,1,1,87,284,59.20304548243799
2024-11-26 06:00:00,1,1,1,11.114725546633515,307,0,0,90,218,54.96768937229294
2024-11-26 07:00:00,1,1,2,19.105219123645767,138,0,0,98,100,71.03421649211218
2024-11-26 08:00:00,0,1,1,17.73012277421125,285,1,1,55,295,50.65198394663298
2024-11-26 09:00:00,2,0,0,19.19499171065932,492,0,0,66,310,81.18787932757463
2024-11-26 10:00:00,1,2,1,8.387114084416382,412,1,0,46,309,48.9614790117942
2024-11-26 11:00:00,0,2,2,17.677880039145467,420,1,0,36,305,66.17500817080214
2024-11-26 12:00:00,0,2,0,15.494619288730792,381,1,0,91,352,63.476410674344855
2024-11-26 13:00:00,2,1,2,7.459485157646248,458,0,0,38,359,34.51909460496034
2024-11-26 14:00:00,2,0,2,3.025271911580167,245,1,1,27,309,38.700364102971065
2024-11-26 15:00:00,2,2,0,13.969803748039348,475,0,0,13,367,51.21892233318325
2024-11-26 16:00:00,0,2,1,3.592594158315727,381,0,0,93,264,30.968693661208537
2024-11-26 17:00:00,0,2,2,6.581740333021129,232,1,0,10,179,49.8250974659136
2024-11-26 18:00:00,2,0,1,10.50692695243196,471,1,1,33,421,69.6986597102211
2024-11-26 19:00:00,2,0,1,13.917768167820988,300,1,0,51,287,72.43932070047101
2024-11-26 20:00:00,2,2,0,18.598325486748795,273,0,0,69,197,56.02949945649669
2024-11-26 21:00:00,0,1,2,12.271560852130936,220,0,1,33,205,44.422553200711455
2024-11-26 22:00:00,1,2,0,13.756848893769805,247,1,0,65,215,70.32966009526375
2024-11-26 23:00:00,2,2,0,6.890263152868583,298,0,1,78,260,40.18480389099284
2024-11-27 00:00:00,2,1,2,14.05855971214224,230,0,0,99,160,45.83451434142331
2024-11-27 01:00:00,2,1,2,9.318012293871416,433,0,0,27,295,34.727123963764804
2024-11-27 02:00:00,0,2,0,17.2816924747917,326,1,0,74,295,65.94320191794722
2024-11-27 03:00:00,0,2,0,8.456559764128013,453,1,1,19,387,41.90880677132398
2024-11-27 04:00:00,1,2,0,9.89716841147458,324,0,1,26,280,64.13346618860655
2024-11-27 05:00:00,2,1,2,9.219167381294898,210,0,1,67,188,24.65317351222861
2024-11-27 06:00:00,1,2,2,16.41133385184032,297,1,0,44,225,77.44771408824008
2024-11-27 07:00:00,2,2,0,19.1202847432262,368,0,1,13,295,51.5845832515139
2024-11-27 08:00:00,0,1,2,7.218249718682205,237,0,1,53,197,40.41540846318541
2024-11-27 09:00:00,2,1,2,10.02553011447946,68,1,1,84,113,35.112047020627045
2024-11-27 10:00:00,1,0,2,14.412599067171476,293,1,0,76,251,81.91454356517092
2024-11-27 11:00:00,0,2,1,18.01225081865989,162,1,1,37,232,71.9165201201462
2024-11-27 12:00:00,0,1,1,10.380313240074392,461,0,1,20,353,44.45535472995029
2024-11-27 13:00:00,1,0,0,3.068976656307818,327,1,1,12,308,58.83200619507012
2024-11-27 14:00:00,2,1,1,8.00475628652511,100,0,1,12,114,38.823393274340994
2024-11-27 15:00:00,2,0,0,11.456875823362148,393,1,0,34,319,62.94265155482621
2024-11-27 16:00:00,1,1,0,8.932967513354619,172,1,1,85,215,47.96795354167566
2024-11-27 17:00:00,2,1,2,4.544558808973331,287,1,1,21,303,25.713504024017084
2024-11-27 18:00:00,2,2,0,1.7028004115211324,368,1,0,58,274,29.934132808273777
2024-11-27 19:00:00,2,1,0,14.060764655518003,111,1,1,65,135,43.8940272528176
2024-11-27 20:00:00,0,2,0,19.86200662476571,462,1,1,62,395,74.10225826109055
2024-11-27 21:00:00,2,2,0,18.464926044035725,123,0,0,19,72,60.51018988996954
2024-11-27 22:00:00,2,0,2,13.982147306355456,294,1,0,28,236,72.5225209281017
2024-11-27 23:00:00,2,2,2,16.989066361812156,81,0,1,56,85,54.25029181628714
2024-11-28 00:00:00,2,2,0,5.85882475087667,202,1,0,63,180,37.35174882231315
2024-11-28 01:00:00,1,1,1,12.826254285490482,193,0,1,16,191,57.60183202189242
2024-11-28 02:00:00,1,1,1,2.1514800925803432,64,0,0,97,61,30.867213779338183
2024-11-28 03:00:00,0,2,0,14.436494618936695,492,0,1,48,378,57.86526098123572
2024-11-28 04:00:00,2,1,2,19.427574441461104,353,1,0,41,288,57.08563273989938
2024-11-28 05:00:00,1,2,0,17.35514883713932,323,0,0,32,245,70.49238493808512
2024-11-28 06:00:00,0,2,0,11.154376620661113,294,1,0,59,211,56.102809884921626
2024-11-28 07:00:00,2,1,2,15.986064166942755,328,0,1,28,266,49.67891115597112
2024-11-28 08:00:00,1,2,1,18.93407738901513,104,1,0,76,86,77.36957978662353
2024-11-28 09:00:00,0,1,0,5.104333980845093,91,0,1,34,119,28.08410731044404
2024-11-28 10:00:00,0,2,2,16.071911746570184,436,0,1,34,391,57.8723408802912
2024-11-28 11:00:00,0,2,2,6.127092201408214,408,1,0,15,312,51.08028377287441
2024-11-28 12:00:00,2,2,0,17.66200101685366,101,0,1,24,147,58.36631012973852
2024-11-28 13:00:00,2,1,2,2.868735608112764,60,0,1,72,112,13.64581876640086
2024-11-28 14:00:00,0,2,0,4.386149958526988,360,0,1,29,303,32.83694050196696
2024-11-28 15:00:00,2,1,1,14.691712805964231,137,0,1,52,137,45.673060725531634
2024-11-28 16:00:00,2,2,0,4.32077257340173,276,1,1,97,272,30.66601855514153
2024-11-28 17:00:00,0,2,1,4.003031736157843,163,0,1,76,198,30.795037423941967
2024-11-28 18:00:00,0,2,2,11.553870670578569,74,1,0,13,76,48.4212095453444
2024-11-28 19:00:00,2,0,0,16.864757516472345,141,1,1,15,197,79.14530362563929
2024-11-28 20:00:00,0,2,2,6.1008810802179525,136,0,1,68,129,46.75576762388456
2024-11-28 21:00:00,1,1,0,16.981625471404215,130,0,0,61,58,56.652344949581845
2024-11-28 22:00:00,0,1,2,16.35111453437352,299,1,0,28,232,41.78048401394875
2024-11-28 23:00:00,2,0,1,12.003002618227374,299,0,0,35,239,71.89347013916945
2024-11-29 00:00:00,2,1,0,13.284692320058133,474,0,1,57,407,34.86930672319499
2024-11-29 01:00:00,2,2,2,1.768382545626256,470,1,0,98,359,25.966004451636945
2024-11-29 02:00:00,2,2,0,7.975575607770551,259,1,1,64,325,40.9464294421475
2024-11-29 03:00:00,2,2,0,6.004503691248699,488,0,0,98,369,28.915350458827604
2024-11-29 04:00:00,2,2,1,3.850073353821976,58,0,1,68,76,34.21742694330794
2024-11-29 05:00:00,2,2,2,8.403527253982649,148,0,1,83,148,35.043578903152344
2024-11-29 06:00:00,1,2,0,7.743179730601224,85,0,0,47,54,52.55713637647349
2024-11-29 07:00:00,2,0,0,14.848941884464812,106,1,1,93,150,80.10006024799983
2024-11-29 08:00:00,0,2,0,12.363830469058312,112,1,0,14,129,53.106678467208695
2024-11-29 09:00:00,0,2,0,18.348901307238368,387,0,1,51,327,66.2411983990217
2024-11-29 10:00:00,2,2,0,3.762744078060939,325,1,0,44,278,25.842608386559004
2024-11-29 11:00:00,1,2,2,2.135223501146994,262,1,1,78,284,32.09309297711236
2024-11-29 12:00:00,0,0,0,11.157547962331446,352,1,0,12,292,72.45959725568571
2024-11-29 13:00:00,2,1,0,1.0195156336049165,69,0,0,50,30,21.565863195259745
2024-11-29 14:00:00,0,1,0,15.966659919564346,296,1,0,41,244,53.7646087634416
2024-11-29 15:00:00,2,0,2,10.61348488501518,55,0,1,45,88,60.93825658509331
2024-11-29 16:00:00,0,2,0,10.273245945099978,122,1,1,39,171,51.49861347793917
2024-11-29 17:00:00,2,1,0,7.887423595759313,156,1,0,48,163,38.52055229968247
2024-11-29 18:00:00,1,2,1,8.124502886826487,142,0,1,99,149,60.14338686939072
2024-11-29 19:00:00,2,0,1,9.19153988676246,334,0,1,98,313,62.40617026682384
2024-11-29 20:00:00,0,0,0,1.3046145440945736,405,0,0,69,280,48.22321170863754
2024-11-29 21:00:00,2,2,0,2.5873699571078883,268,0,0,65,218,23.872809688020904
2024-11-29 22:00:00,0,1,1,10.595912380213504,416,0,0,85,287,37.87453574193155
2024-11-29 23:00:00,0,0,2,3.852323039176278,426,0,1,91,353,36.22740876499454
2024-11-30 00:00:00,2,2,2,15.796489558592963,98,0,1,67,124,54.645136532968166
2024-11-30 01:00:00,0,0,1,6.21521830608599,413,1,0,35,300,51.812479948947725
2024-11-30 02:00:00,2,1,0,2.860093109637157,439,1,0,88,318,30.63431284568036
2024-11-30 03:00:00,1,1,1,5.468988592165546,344,1,1,14,335,41.94921312621269
2024-11-30 04:00:00,2,2,2,7.784866372959974,337,0,0,65,212,49.87999923113055
2024-11-30 05:00:00,1,1,1,1.6710155633027886,226,1,1,42,258,28.47203375567839
2024-11-30 06:00:00,1,2,2,3.691834963340251,348,0,0,18,274,53.32305396743837
2024-11-30 07:00:00,2,0,0,7.153088335072873,157,1,0,41,132,56.53685062921272
2024-11-30 08:00:00,2,2,0,6.899129002385517,333,0,0,86,226,43.84974940726478
2024-11-30 09:00:00,2,0,0,16.207347234636945,350,0,0,37,197,71.26083763854815
2024-11-30 10:00:00,1,2,2,17.02185403094041,114,0,0,32,39,73.49186570256822
2024-11-30 11:00:00,2,2,1,4.674953383727449,355,1,1,97,349,37.195881546509824
2024-11-30 12:00:00,0,0,0,3.3548577943441003,103,1,0,78,112,52.53990333945456
2024-11-30 13:00:00,1,2,2,13.049087202106948,356,1,0,71,272,63.66953768048381
2024-11-30 14:00:00,2,2,0,16.287847558213198,348,0,1,57,239,50.72767054144967
2024-11-30 15:00:00,0,2,1,19.3107388472585,369,1,0,75,289,76.1512688116577
2024-11-30 16:00:00,2,2,0,1.1291294101837712,79,1,0,71,97,18.501160059681062
2024-11-30 17:00:00,2,1,2,8.859884155109285,295,1,0,78,272,34.64646155428618
2024-11-30 18:00:00,0,0,2,14.945768847793326,259,1,0,65,214,75.3748753117925
2024-11-30 19:00:00,2,0,0,16.742626678612734,270,0,0,83,242,60.51003984132916
2024-11-30 20:00:00,2,2,0,2.183433024978858,219,0,1,45,194,30.454153293817672
2024-11-30 21:00:00,1,2,2,13.931675869818418,471,0,1,45,356,67.8675128644136
2024-11-30 22:00:00,2,2,0,6.489835630580431,392,1,0,65,347,38.37041206052339
2024-11-30 23:00:00,1,2,0,2.417342227329382,263,0,1,16,262,47.4753341637682
2024-12-01 00:00:00,1,2,0,10.292949053338678,371,0,0,41,287,53.09769355479071
2024-12-01 01:00:00,2,0,1,4.004913520878773,118,0,1,10,168,51.68209919479354
2024-12-01 02:00:00,2,2,1,15.00314284317201,283,1,0,67,250,51.14675057262361
2024-12-01 03:00:00,0,1,1,15.083974194289617,64,0,0,29,31,48.0682147427164
2024-12-01 04:00:00,2,0,0,16.99928753476268,494,1,0,43,347,73.67376900871173
2024-12-01 05:00:00,2,2,2,8.173805017807293,415,0,1,60,337,47.784864940740185
2024-12-01 06:00:00,0,0,0,1.2528861473822288,183,1,1,45,198,46.881135349501726
2024-12-01 07:00:00,2,1,0,5.934982829115115,255,0,1,35,225,22.35659407343473
2024-12-01 08:00:00,1,1,1,9.88842229098026,73,1,1,96,98,56.188909619715446
2024-12-01 09:00:00,2,0,2,14.186214308904958,426,1,1,42,354,62.99087841248292
2024-12-01 10:00:00,2,1,1,8.258771128048085,134,1,1,10,192,28.95604785596292
2024-12-01 11:00:00,2,0,2,11.184919525275625,191,1,0,76,180,69.00816919677119
2024-12-01 12:00:00,1,0,0,10.96100816165862,189,1,0,59,162,79.80704564969953
2024-12-01 13:00:00,0,2,0,4.134664637808015,488,0,1,44,360,34.906088930824055
2024-12-01 14:00:00,1,1,0,12.837940501520242,373,1,0,44,304,50.54565043777589
2024-12-01 15:00:00,2,2,2,9.345782835902558,171,0,0,68,110,46.77042880455704
2024-12-01 16:00:00,2,0,1,16.350455331397367,349,1,0,86,273,65.95900727980465
2024-12-01 17:00:00,2,2,1,14.121612954449098,390,0,1,22,346,59.9101380578304
2024-12-01 18:00:00,2,2,1,3.117914537753538,228,0,1,31,237,32.44069225591221
2024-12-01 19:00:00,0,2,2,10.2864097906948,257,0,1,65,239,46.66094882099882
2024-12-01 20:00:00,0,1,2,14.34739281138956,215,1,0,14,197,51.58236164135014
2024-12-01 21:00:00,2,0,0,2.65322279033951,90,0,1,90,140,55.83566440975876
2024-12-01 22:00:00,1,0,1,16.057443618576,171,1,0,52,157,90.45545817979168
2024-12-01 23:00:00,2,0,2,5.218085778243589,93,1,0,83,93,49.21633608740675
2024-12-02 00:00:00,1,2,1,10.558611114000104,124,0,0,64,87,63.97179794300124
2024-12-02 01:00:00,2,2,1,18.870664461980088,397,1,0,24,334,72.20333746503644
2024-12-02 02:00:00,2,1,2,11.855350461623395,321,0,0,51,229,44.827497099775314
2024-12-02 03:00:00,2,2,2,9.057034582375,483,1,0,18,333,42.77589106451035
2024-12-02 04:00:00,2,2,0,1.1291036205837108,215,0,1,80,222,27.59097418984665
2024-12-02 05:00:00,0,0,0,3.534858832707484,299,1,0,66,257,54.750994096486686
2024-12-02 06:00:00,2,0,0,11.994613816861763,135,0,0,19,101,63.92656022708822
2024-12-02 07:00:00,2,0,1,10.382675772421026,438,1,0,73,363,57.54281300751381
2024-12-02 08:00:00,0,0,1,7.912754337289796,186,1,0,50,166,66.27027621418603
2024-12-02 09:00:00,0,0,0,18.54110182248823,382,0,1,22,322,84.57734714475595
2024-12-02 10:00:00,1,1,1,7.317168211092875,88,1,0,25,118,50.16302543823726
2024-12-02 11:00:00,2,0,1,11.205864372438024,136,1,1,81,196,56.47615529762168
2024-12-02 12:00:00,0,2,1,11.805554780958472,204,1,0,69,164,52.9423994878788
2024-12-02 13:00:00,0,1,1,11.02189941121453,209,1,1,40,231,40.00134806634455
2024-12-02 14:00:00,2,1,2,10.074122439261886,113,0,1,64,117,32.570577438491966
2024-12-02 15:00:00,2,2,2,7.404210984226253,272,1,1,80,276,38.55788907103901
2024-12-02 16:00:00,2,1,0,18.26650902775277,466,0,0,43,351,46.870552419738566
2024-12-02 17:00:00,2,2,0,9.56526197342375,411,0,1,13,358,51.28875771298965
2024-12-02 18:00:00,2,2,1,11.040528479575435,395,1,0,64,333,44.59375523182027
2024-12-02 19:00:00,2,0,1,13.473081692774604,195,1,1,99,200,64.95765589449363
2024-12-02 20:00:00,0,0,2,2.2854648061991587,253,0,1,75,218,49.87112861743032
2024-12-02 21:00:00,0,2,1,15.84447468780166,116,0,0,68,30,67.26108613422255
2024-12-02 22:00:00,1,1,1,10.737638891634676,54,1,1,50,128,42.02888555372456
2024-12-02 23:00:00,0,1,0,13.48636178105437,108,1,0,75,109,49.72085128877188
2024-12-03 00:00:00,2,1,1,15.668229242860136,125,1,0,99,121,41.84101415041441
2024-12-03 01:00:00,1,1,2,17.607888424520077,309,0,0,56,239,59.51523143985175
2024-12-03 02:00:00,1,0,1,8.452187922105688,297,0,1,36,244,68.45299686959585
2024-12-03 03:00:00,2,2,1,16.417167960962846,65,1,1,88,144,53.967166213062896
2024-12-03 04:00:00,0,1,1,5.917901015752133,124,0,1,30,166,33.83125850003811
2024-12-03 05:00:00,1,1,1,13.54637736818996,405,1,1,20,376,45.40746817272825
2024-12-03 06:00:00,0,2,1,2.9514387129131485,426,0,1,96,369,31.196743135907816
2024-12-03 07:00:00,1,2,2,1.380578881057429,225,0,0,31,171,48.15563281186291
2024-12-03 08:00:00,2,1,0,2.8194993961401544,371,0,1,32,297,26.80200140793476
2024-12-03 09:00:00,2,0,1,7.06826724468704,185,1,0,74,176,51.42733149741156
2024-12-03 10:00:00,2,1,0,1.590797662668621,477,0,1,68,418,12.67831211174738
2024-12-03 11:00:00,0,1,0,12.979334171557989,326,0,1,85,275,42.62878514174604
2024-12-03 12:00:00,1,1,2,7.014346229263031,331,1,0,98,266,45.311196151501846
2024-12-03 13:00:00,1,2,0,14.991145286571662,468,1,0,79,369,73.23511336297784
2024-12-03 14:00:00,2,1,1,1.872387589122507,448,0,0,37,383,19.004121547778364
2024-12-03 15:00:00,2,1,1,5.117329764402466,217,0,1,34,190,27.26239549230151
2024-12-03 16:00:00,1,1,1,8.752065081264274,79,1,1,91,139,49.818565773418406
2024-12-03 17:00:00,0,2,1,8.27037968358688,371,1,0,10,297,46.74127342141399
2024-12-03 18:00:00,2,1,2,3.488974783890469,385,0,0,41,259,23.59393248987716
2024-12-03 19:00:00,2,1,0,19.888599458051484,318,1,1,38,312,66.91480204373731
2024-12-03 20:00:00,0,2,2,6.404352035842883,50,1,0,29,45,39.75567737205829
2024-12-03 21:00:00,0,1,0,14.6996096083778,220,1,0,55,179,42.584987721690965
2024-12-03 22:00:00,2,2,2,5.180507247022645,461,1,0,86,346,44.80067018603162
2024-12-03 23:00:00,2,1,2,17.679173003795594,178,0,1,66,151,59.47327075901104
2024-12-04 00:00:00,1,1,2,8.367407892844156,217,1,1,21,257,56.19122544783409
2024-12-04 01:00:00,0,2,1,18.117147290792985,467,1,1,81,435,64.01096225991823
2024-12-04 02:00:00,2,1,1,7.49486347304545,446,1,0,48,365,33.7637969289094
2024-12-04 03:00:00,2,1,2,1.1642326084413557,110,0,0,17,71,20.09292872960399
2024-12-04 04:00:00,0,2,0,10.823388190490768,166,1,1,91,191,42.39873513747966
2024-12-04 05:00:00,2,0,0,10.970970786870833,371,0,1,94,315,59.613572753121424
2024-12-04 06:00:00,2,2,1,3.276849472984076,172,1,0,37,151,28.178787063272857
2024-12-04 07:00:00,0,0,2,5.464307894966556,309,0,1,40,240,53.52414733496372
2024-12-04 08:00:00,2,0,1,15.886416228645638,275,0,0,24,225,75.94813147341866
2024-12-04 09:00:00,0,0,1,1.6983606679445251,446,1,1,69,362,44.46774359308472
2024-12-04 10:00:00,2,2,1,10.301007047046932,341,0,1,48,315,44.31315782699113
2024-12-04 11:00:00,0,2,2,11.077754344857691,401,1,1,96,351,55.68529308507695
2024-12-04 12:00:00,2,1,2,14.085529152846355,494,0,1,89,386,38.17983245836757
2024-12-04 13:00:00,2,1,1,1.7116690806025687,235,0,1,97,218,13.244417953339612
2024-12-04 14:00:00,2,2,2,12.127280214718814,134,0,1,30,172,46.21642350834527
2024-12-04 15:00:00,1,0,0,1.0588626949854807,267,1,0,17,219,57.347135230175645
2024-12-04 16:00:00,1,2,0,6.038388978494623,192,0,0,51,122,55.99570445312839
2024-12-04 17:00:00,2,2,1,10.494000851013142,139,0,0,68,140,46.684130825407095
2024-12-04 18:00:00,0,2,0,18.314345411086727,390,0,1,90,340,54.04744373646176
2024-12-04 19:00:00,0,2,1,3.4052065041051733,317,1,1,88,335,35.87572824040313
2024-12-04 20:00:00,1,2,1,4.2164934510622265,125,1,1,87,218,48.71986797368852
2024-12-04 21:00:00,2,2,1,13.715751223292724,118,0,0,29,91,49.66379747294801
2024-12-04 22:00:00,0,1,2,8.122372182625579,494,0,1,70,406,35.65687780466862
2024-12-04 23:00:00,2,2,2,12.845006636534563,347,1,0,20,287,45.1264504353386
2024-12-05 00:00:00,2,0,2,19.95162917555108,209,1,1,41,262,74.43049345285408
2024-12-05 01:00:00,1,0,2,19.750561565628228,435,0,0,13,296,90.12890115983488
2024-12-05 02:00:00,0,1,1,7.720558010394006,57,1,0,38,65,33.65668341516326
2024-12-05 03:00:00,2,0,2,10.57458172267182,268,1,0,14,244,57.45421197527486
2024-12-05 04:00:00,2,1,0,18.189113013958472,359,1,1,85,342,55.76756181239838
2024-12-05 05:00:00,0,1,0,2.751185585762593,441,0,0,48,308,28.26112385572184
2024-12-05 06:00:00,0,2,2,9.593774172900094,137,0,1,32,128,53.86991558861108
2024-12-05 07:00:00,2,1,0,8.17396961801272,190,0,0,25,98,31.65801561806812
2024-12-05 08:00:00,1,1,0,6.602772680558948,78,0,0,59,22,39.98872204370322
2024-12-05 09:00:00,2,1,2,19.88988002652461,62,0,1,20,111,53.72926864391067
2024-12-05 10:00:00,2,2,1,14.93743658547518,363,1,0,81,268,54.251650402279175
2024-12-05 11:00:00,1,1,1,8.386192855465517,112,1,0,57,137,49.96280274700319
2024-12-05 12:00:00,2,2,1,16.751415941642964,392,0,1,43,376,56.70697966770103
2024-12-05 13:00:00,2,2,2,10.30365591352908,224,1,0,30,220,44.517385262160566
2024-12-05 14:00:00,0,2,1,17.583663834989316,265,1,0,72,233,62.835558947257134
2024-12-05 15:00:00,1,0,1,6.061217066980989,284,1,0,26,245,70.23896349328385
2024-12-05 16:00:00,2,2,0,5.248404320354243,136,1,0,43,112,46.62887212184539
2024-12-05 17:00:00,1,1,1,5.698446943701504,123,0,0,60,104,45.69755670638121
2024-12-05 18:00:00,0,1,2,11.231130946375997,343,1,0,76,328,41.781995390608536
2024-12-05 19:00:00,2,2,1,6.534954431947559,118,0,1,33,104,40.9944409517355
2024-12-05 20:00:00,0,2,0,3.795273998781298,118,1,0,31,129,27.97443310947947
2024-12-05 21:00:00,2,1,0,19.89793045160891,272,1,0,19,227,54.86408167506068
2024-12-05 22:00:00,2,1,0,18.108231321386796,473,1,1,14,433,50.127035608603634
2024-12-05 23:00:00,0,2,0,13.065236312368514,434,0,0,40,301,56.05625210424485
2024-12-06 00:00:00,1,2,1,17.939314604554973,435,0,1,33,389,80.00713693709838
2024-12-06 01:00:00,2,2,0,18.77379201264856,418,1,0,20,337,57.76317399789543
2024-12-06 02:00:00,2,0,0,13.846057545450876,334,1,0,60,291,74.14954521115857
2024-12-06 03:00:00,2,2,0,10.854915795134856,171,1,0,57,181,50.34049722897777
2024-12-06 04:00:00,2,2,1,17.758034052078866,312,0,1,87,271,64.44023526919383
2024-12-06 05:00:00,2,2,2,11.78814294134528,270,0,1,13,228,48.62430313864476
2024-12-06 06:00:00,2,0,0,3.4092103142236057,490,0,0,17,340,45.654753661387225
2024-12-06 07:00:00,0,2,0,7.9702640086926095,360,1,0,16,308,45.48835307546364
2024-12-06 08:00:00,2,1,0,9.472498082972164,213,1,0,41,216,32.7992287037821
2024-12-06 09:00:00,2,1,1,18.772011306576317,312,0,1,95,264,52.659149884986704
2024-12-06 10:00:00,1,2,1,13.524523973810624,141,0,1,31,169,68.86680156199243
2024-12-06 11:00:00,1,0,0,17.630273693121925,315,0,0,99,205,96.6482066431324
2024-12-06 12:00:00,2,1,2,15.394242315958788,385,1,1,45,324,42.837068255999256
2024-12-06 13:00:00,2,1,0,6.887356843930976,123,1,1,38,176,29.573200026691502
2024-12-06 14:00:00,0,0,2,14.65547086821948,472,1,1,77,393,68.1203832256649
2024-12-06 15:00:00,2,0,2,4.710694982553617,363,0,1,95,323,51.08086921125777
2024-12-06 16:00:00,2,1,1,8.754770422631886,139,0,0,70,112,24.204538603180485
2024-12-06 17:00:00,0,1,1,16.315745285962713,403,1,1,62,409,48.15925625746054
2024-12-06 18:00:00,2,2,1,12.626654076389338,345,1,0,81,295,48.59778506283845
2024-12-06 19:00:00,2,1,2,16.682837613099686,447,1,0,94,383,40.4301927542588
2024-12-06 20:00:00,2,0,2,5.839368064650975,178,1,1,24,262,47.83151602415035
2024-12-06 21:00:00,2,1,2,15.245227816118604,450,1,1,57,389,49.26780534255846
2024-12-06 22:00:00,2,1,1,4.844162867394894,98,1,1,63,141,13.552633805763932
2024-12-06 23:00:00,1,1,1,11.360779275562138,135,0,1,77,148,53.535567022929335
2024-12-07 00:00:00,2,1,1,9.237157294634194,193,0,1,78,170,37.638234891385146
2024-12-07 01:00:00,2,1,0,11.573041297645332,184,0,0,73,125,47.71964477951918
2024-12-07 02:00:00,2,1,2,3.5751350565371776,448,0,0,75,277,17.355636501346776
2024-12-07 03:00:00,1,2,2,7.863329634747223,164,1,0,59,154,55.81102257753761
2024-12-07 04:00:00,0,1,0,13.6711727864573,326,0,0,81,217,53.92124743333528
2024-12-07 05:00:00,2,0,2,11.61208508753952,115,0,1,56,126,58.89462392664805
2024-12-07 06:00:00,1,1,2,11.430425419324571,236,0,1,77,227,54.43422857889064
2024-12-07 07:00:00,2,2,0,10.705772130493834,481,1,1,22,436,52.10144156986627
2024-12-07 08:00:00,2,1,2,18.93381329073869,394,0,1,23,334,58.89631786152719
2024-12-07 09:00:00,2,1,1,18.75682426085495,250,0,0,18,163,52.16553943926376
2024-12-07 10:00:00,2,2,0,7.842754483167591,483,1,0,37,387,39.88473054738764
2024-12-07 11:00:00,2,2,2,7.686005220099891,187,1,1,47,218,38.35985949703778
2024-12-07 12:00:00,0,2,1,11.543070674888162,101,1,0,21,104,52.87823048521647
2024-12-07 13:00:00,2,2,2,2.816519398644948,262,0,0,22,197,39.420833530997896
2024-12-07 14:00:00,0,2,0,6.757127314582802,207,0,1,30,205,45.41829024364195
2024-12-07 15:00:00,2,2,1,5.386483750222282,339,1,1,64,337,26.150453785652136
2024-12-07 16:00:00,2,0,2,5.244403698392141,399,0,0,47,270,49.038926828568805
2024-12-07 17:00:00,2,2,0,13.13160499201009,255,0,1,61,217,62.32837145666837
2024-12-07 18:00:00,1,0,2,8.302656352538836,391,0,1,35,301,73.22486959957538
2024-12-07 19:00:00,2,0,2,4.252123120407819,370,0,1,98,326,46.35116019470983
2024-12-07 20:00:00,0,1,1,17.86386505476743,365,1,0,31,308,45.45113139568899
2024-12-07 21:00:00,2,1,2,17.60882507081809,185,0,1,60,194,56.86231825669219
2024-12-07 22:00:00,2,2,0,17.38679554711247,124,1,0,81,92,72.82745217045213
2024-12-07 23:00:00,2,2,0,8.424153902898063,498,0,1,46,399,46.55032753836766
2024-12-08 00:00:00,2,2,1,2.0826666166985954,118,1,1,54,142,29.15342606190939
2024-12-08 01:00:00,2,2,1,3.028098339994285,490,0,1,95,369,27.642614874188784
2024-12-08 02:00:00,2,1,2,6.244913515654685,350,0,0,86,273,27.20855478001288
2024-12-08 03:00:00,0,1,0,5.1794300780644384,98,0,0,46,48,28.92328100342741
2024-12-08 04:00:00,2,1,1,17.605726782827873,251,1,1,23,255,54.46927098472485
2024-12-08 05:00:00,0,2,2,19.74080542739593,111,0,1,27,118,72.98536727395947
2024-12-08 06:00:00,2,2,2,16.516799584304245,216,1,0,16,173,59.53064866081085
2024-12-08 07:00:00,0,1,0,14.86712915223458,254,0,1,83,208,51.80306300735506
2024-12-08 08:00:00,0,2,0,12.18385865861897,198,0,0,69,103,50.080324801258
2024-12-08 09:00:00,2,1,2,15.628257684417584,170,0,1,67,146,54.621236932602834
2024-12-08 10:00:00,2,1,0,18.993632931655423,358,1,0,64,294,48.31914710104067
2024-12-08 11:00:00,0,2,2,12.425548728234538,478,1,1,43,411,51.82860395439352
2024-12-08 12:00:00,1,1,2,3.937651636376844,146,1,0,54,128,41.98183481132271
2024-12-08 13:00:00,2,2,0,4.113308028105674,426,0,1,12,297,31.507162304172542
2024-12-08 14:00:00,2,0,1,12.093393259443138,461,0,1,49,359,64.48302642885676
2024-12-08 15:00:00,1,0,2,7.335902255911349,102,0,1,85,164,69.09087437824078
2024-12-08 16:00:00,2,1,0,18.294700129654416,58,1,1,62,115,54.61831879363263
2024-12-08 17:00:00,0,2,2,12.621204342883477,380,1,1,40,372,50.01115519859149
2024-12-08 18:00:00,2,2,2,13.853359655043846,300,0,1,32,244,55.95210497288837
2024-12-08 19:00:00,2,2,2,1.110593491917149,409,0,0,81,294,20.80748645676992
2024-12-08 20:00:00,0,2,0,10.478122489189838,398,1,1,74,399,61.660929284870505
2024-12-08 21:00:00,0,1,0,9.192129706389322,173,1,1,64,210,34.86889791350424
2024-12-08 22:00:00,2,1,0,14.411565278583126,171,0,1,88,159,43.10530757537278
2024-12-08 23:00:00,2,2,1,8.27013454633395,248,1,1,21,265,35.46891942031553
2024-12-09 00:00:00,0,2,2,19.554925605856084,366,1,0,10,276,65.29725992970818
2024-12-09 01:00:00,0,1,1,13.733860449571631,460,1,0,20,364,37.855819711255656
2024-12-09 02:00:00,2,1,2,13.5384483297092,429,1,1,60,388,38.22669345315636
2024-12-09 03:00:00,0,2,0,18.46748175040167,455,1,1,75,414,64.73719680676197
2024-12-09 04:00:00,0,1,2,19.908891844068567,144,0,1,54,108,65.96007691545051
2024-12-09 05:00:00,0,1,2,4.758593095980152,79,0,1,81,106,35.57817915459945
2024-12-09 06:00:00,0,1,2,16.400129721079832,141,1,1,40,200,55.40696477343074
2024-12-09 07:00:00,2,1,1,4.084070411118523,133,0,1,94,142,15.20874062743925
2024-12-09 08:00:00,0,2,0,9.683825608029988,64,1,0,62,102,49.58933601530155
2024-12-09 09:00:00,0,1,0,2.9035226823169324,192,0,0,54,114,28.56369264663393
2024-12-09 10:00:00,2,1,2,12.844048590876133,358,0,0,76,236,35.006007056305634
2024-12-09 11:00:00,2,1,0,9.901845104696426,258,0,0,98,192,29.282960092469576
2024-12-09 12:00:00,2,1,1,12.945280018188583,72,1,1,50,157,40.667524096836594
2024-12-09 13:00:00,0,2,1,13.881254299692849,375,0,1,37,338,64.17060124388618
2024-12-09 14:00:00,2,1,0,12.769212750593525,414,0,0,71,293,44.330931747188366
2024-12-09 15:00:00,0,2,1,6.58655332954009,193,1,0,11,138,36.31381989778646
2024-12-09 16:00:00,1,1,1,16.902223987629707,136,0,1,81,168,65.86156235189704
2024-12-09 17:00:00,0,1,0,11.482037788127355,242,0,0,74,175,46.26282075005421
2024-12-09 18:00:00,1,1,0,10.30717229111926,222,1,0,30,199,49.36974172565877
2024-12-09 19:00:00,1,1,2,19.75421228046261,312,0,1,24,299,66.25698266139571
2024-12-09 20:00:00,2,2,2,6.38665022742306,478,1,0,64,389,36.10282648620573
2024-12-09 21:00:00,0,2,1,11.03257579300829,344,1,1,17,348,58.45556650117735
2024-12-09 22:00:00,2,0,0,13.964166993551837,409,1,0,95,285,67.48584410492519
2024-12-09 23:00:00,1,1,1,3.379292725731438,99,1,1,29,149,41.204863725327485
2024-12-10 00:00:00,2,1,0,7.730554758784172,482,0,1,86,407,29.84340172412432
2024-12-10 01:00:00,1,1,1,16.232085603949198,97,1,1,73,156,65.88649705026852
2024-12-10 02:00:00,0,2,1,5.49840645739677,98,0,0,99,78,52.92066428464615
2024-12-10 03:00:00,0,1,1,10.372516933168528,217,1,0,48,196,31.5267134951304
2024-12-10 04:00:00,2,2,2,12.98198151367645,216,1,0,16,211,48.74274125058238
2024-12-10 05:00:00,2,1,0,13.752084712844402,490,0,0,66,317,45.857842539209216
2024-12-10 06:00:00,0,1,1,14.837898398908692,131,1,1,84,148,42.77514534095712
2024-12-10 07:00:00,2,0,2,17.45356902381594,112,1,0,40,114,78.56630246993544
2024-12-10 08:00:00,1,2,1,8.464329417639114,277,1,1,43,291,62.73817337773754
2024-12-10 09:00:00,2,2,1,14.426006593313266,489,1,0,84,372,45.61429116490263
2024-12-10 10:00:00,0,2,0,14.91131830763478,263,0,1,97,233,66.06474404107429
2024-12-10 11:00:00,2,2,1,6.705208472412815,179,1,1,98,187,33.94967320732097
2024-12-10 12:00:00,0,1,0,19.395001054021183,417,0,1,60,316,66.92446904563994
2024-12-10 13:00:00,0,2,2,17.439164296919177,203,1,0,65,168,65.40250376132438
2024-12-10 14:00:00,2,1,2,6.507365245291717,291,1,0,38,260,31.027179303941367
2024-12-10 15:00:00,2,2,1,13.826304857052763,145,0,1,72,160,46.708162645211175
2024-12-10 16:00:00,2,2,2,14.638212054726583,456,0,0,94,333,48.94129561149215
2024-12-10 17:00:00,0,2,0,9.198189089232208,426,0,1,42,366,41.61563796728736
2024-12-10 18:00:00,0,2,0,17.41112243287836,281,1,0,54,284,63.535145803650686
2024-12-10 19:00:00,0,2,2,14.114357716671757,287,1,0,15,210,57.142819860074255
2024-12-10 20:00:00,0,1,0,13.504939017901645,67,0,0,46,29,53.97881377306583
2024-12-10 21:00:00,2,1,0,5.195967073409646,393,1,0,62,341,22.577174642413016
2024-12-10 22:00:00,2,1,1,8.749003915642067,373,1,1,11,347,30.58253926983808
2024-12-10 23:00:00,2,2,1,9.244527293514649,295,0,0,66,216,45.11228634375983
2024-12-11 00:00:00,2,0,0,14.93956083500139,109,0,0,60,52,73.94667594973181
2024-12-11 01:00:00,1,1,2,12.749496359893495,179,0,0,48,131,53.95147358497659
2024-12-11 02:00:00,1,1,0,2.6313512218990738,399,1,1,31,390,41.20652661969001
2024-12-11 03:00:00,2,2,1,6.84626108585756,98,0,1,88,116,36.3341092868618
2024-12-11 04:00:00,0,0,2,9.987902584769364,215,0,1,52,209,61.19947360448276
2024-12-11 05:00:00,1,2,0,14.997925971282868,464,1,1,47,420,73.12533716960257
2024-12-11 06:00:00,2,1,2,15.127813471513807,217,0,1,73,218,34.396049899612365
2024-12-11 07:00:00,2,0,2,10.3203228628611,302,1,1,46,283,63.36443589835315
2024-12-11 08:00:00,2,0,2,3.2217152629528742,385,0,0,47,236,48.63324383393122
2024-12-11 09:00:00,0,1,0,6.565164664083942,432,0,1,80,360,35.519287900408656
2024-12-11 10:00:00,1,0,1,5.839155262694316,358,1,1,40,358,67.23748057652828
2024-12-11 11:00:00,0,2,2,15.839501795856584,113,0,0,53,117,68.54311571875571
2024-12-11 12:00:00,2,1,2,4.419739966107418,82,0,0,23,59,26.91497793572965
2024-12-11 13:00:00,2,2,0,9.833503225508652,107,0,0,61,60,48.71917074993069
2024-12-11 14:00:00,0,0,1,13.743657266773411,355,1,0,96,285,80.21392417822167
2024-12-11 15:00:00,1,2,1,19.330936906050702,113,1,1,76,168,79.36329302802123
2024-12-11 16:00:00,0,1,0,19.98557102426436,436,0,1,14,350,66.39112445978901
2024-12-11 17:00:00,0,0,2,19.10552072755334,174,1,1,51,219,80.38571112044778
2024-12-11 18:00:00,2,1,0,14.646604559817163,110,1,1,16,210,49.196083300698646
2024-12-11 19:00:00,1,2,1,15.18237582741974,429,1,0,27,366,72.03626336883129
2024-12-11 20:00:00,0,2,2,15.42499185457133,298,1,1,66,266,59.61820796494813
2024-12-11 21:00:00,2,1,2,17.38949265437951,187,0,1,83,180,54.12230149826995
2024-12-11 22:00:00,0,1,1,19.083923794191957,115,0,0,53,48,53.11735357501887
2024-12-11 23:00:00,2,0,2,9.468416745886223,228,0,0,70,145,54.06473586704127
2024-12-12 00:00:00,2,2,0,8.913706682800413,335,0,0,72,218,41.0300006989551
2024-12-12 01:00:00,2,2,1,9.748824785193984,330,1,1,41,318,43.80202968553314
2024-12-12 02:00:00,2,2,1,13.536526257675288,220,0,1,37,200,51.89931485171226
2024-12-12 03:00:00,2,2,2,15.733462529277528,292,0,0,13,201,61.74890492211831
2024-12-12 04:00:00,2,2,1,17.540343427125254,169,0,0,24,152,58.3162350098917
2024-12-12 05:00:00,0,1,0,9.668004331369506,393,0,1,11,345,45.42782101538866
2024-12-12 06:00:00,2,1,1,7.904079897422459,241,0,1,32,214,33.05363685483108
2024-12-12 07:00:00,2,0,2,19.683699679342304,236,0,0,68,172,78.94599444270084
2024-12-12 08:00:00,2,2,1,5.405864799137299,495,1,1,32,468,31.056571899821076
2024-12-12 09:00:00,0,1,2,5.218091869797068,276,1,1,35,255,21.698120710646283
2024-12-12 10:00:00,2,0,2,14.592741641703416,315,0,1,43,268,69.79597931596842
2024-12-12 11:00:00,2,2,0,4.413488616450204,241,0,0,22,175,24.52276632493173
2024-12-12 12:00:00,1,1,1,8.588770995176326,289,0,0,49,186,55.169855297101165
2024-12-12 13:00:00,0,0,0,6.555349623970787,143,1,0,60,109,63.523904154731056
2024-12-12 14:00:00,1,2,0,4.205498678382024,175,1,0,19,151,46.20693461680993
2024-12-12 15:00:00,2,1,1,12.014437542859978,493,0,0,48,340,34.122399437348314
2024-12-12 16:00:00,2,1,0,8.09671832433795,148,0,1,99,173,24.98476040296236
2024-12-12 17:00:00,0,2,0,9.782449284120474,393,1,0,13,279,46.81203628171416
2024-12-12 18:00:00,2,2,2,4.721397091684803,292,0,1,91,262,33.10089659613751
2024-12-12 19:00:00,2,1,0,15.589469250763374,69,0,1,61,90,37.23768443995684
2024-12-12 20:00:00,2,1,1,6.979529585564169,166,1,0,90,164,26.20225161095252
2024-12-12 21:00:00,1,1,2,7.511645401511077,408,1,0,65,358,43.05162204665211
2024-12-12 22:00:00,2,2,0,5.79092527990214,482,1,0,36,359,41.35372022633402
2024-12-12 23:00:00,1,1,0,9.253667870261642,148,0,0,17,126,49.85393879582144
2024-12-13 00:00:00,1,1,1,9.807955917534768,428,1,0,62,348,46.79388275544956
2024-12-13 01:00:00,2,2,0,11.063671410260788,379,1,1,22,347,44.352421139090815
2024-12-13 02:00:00,0,2,1,19.383797357656853,204,0,0,55,154,63.023562579415305
2024-12-13 03:00:00,0,2,0,18.189144352868365,356,1,1,95,354,71.59273530325615
2024-12-13 04:00:00,1,1,0,12.57845998875402,234,1,0,45,187,55.00378054278183
2024-12-13 05:00:00,2,2,1,1.7391658874988525,384,1,0,52,283,28.12286202753509
2024-12-13 06:00:00,0,1,2,12.632946476657956,470,0,1,44,355,42.04852194392694
2024-12-13 07:00:00,2,0,1,2.7037035285182087,52,0,0,60,27,40.00664484740008
2024-12-13 08:00:00,1,2,2,14.496540531856198,206,1,0,72,170,71.7704034262264
2024-12-13 09:00:00,2,1,2,8.411475285037682,224,0,1,77,218,36.86230556463106
2024-12-13 10:00:00,2,1,1,16.916233339801856,385,0,0,22,280,45.53603856443903
2024-12-13 11:00:00,0,2,1,18.90805566003748,118,0,0,56,86,59.8676604986253
2024-12-13 12:00:00,1,2,0,8.92509648784657,70,1,0,15,108,59.20534479954111
2024-12-13 13:00:00,0,2,0,9.750550614001178,347,0,0,27,242,42.2713568410619
2024-12-13 14:00:00,2,0,2,12.212804039244157,167,0,0,17,125,69.06261056045936
2024-12-13 15:00:00,2,2,0,4.74552171530296,326,0,1,50,287,29.456292719082835
2024-12-13 16:00:00,1,2,1,18.619323975738865,179,1,1,70,207,81.6029037281453
2024-12-13 17:00:00,0,0,2,9.22699860352608,255,0,0,29,156,62.27809273156741
2024-12-13 18:00:00,1,2,0,4.169586382404139,246,0,1,94,197,53.82848298791113
2024-12-13 19:00:00,2,2,0,15.491904834958795,184,0,1,65,204,49.93463649730318
2024-12-13 20:00:00,2,0,1,5.163876076435718,252,0,0,11,156,42.05534931980071
2024-12-13 21:00:00,0,1,1,3.727056226365245,84,1,0,75,118,27.985738276325936
2024-12-13 22:00:00,1,1,0,11.694569434386135,79,0,1,41,135,59.44722261238927
2024-12-13 23:00:00,2,0,2,13.758409850540223,477,1,1,31,410,69.9914229030841
2024-12-14 00:00:00,1,2,2,11.82169207263341,479,0,1,99,390,63.040702960413896
2024-12-14 01:00:00,0,0,1,13.4737023299999,360,1,0,50,285,73.84357014036938
2024-12-14 02:00:00,2,1,1,3.1949562338471447,306,0,1,19,255,13.56353793924921
2024-12-14 03:00:00,2,2,1,10.04434271979804,430,1,1,48,426,47.30054406523302
2024-12-14 04:00:00,2,1,0,7.783354237682284,231,1,1,54,269,30.666272512061408
2024-12-14 05:00:00,0,2,0,19.494003708562317,257,1,0,14,217,66.36424230868388
2024-12-14 06:00:00,2,1,1,1.942854749409881,416,0,1,21,357,10.993365727759995
2024-12-14 07:00:00,2,1,2,6.6675898581385376,178,1,0,41,193,31.518935119840744
2024-12-14 08:00:00,1,1,1,18.89538168774272,112,0,0,49,70,63.94607864414129
2024-12-14 09:00:00,2,2,1,19.68642748050226,488,1,0,27,398,59.67495341099158
2024-12-14 10:00:00,2,1,2,16.673130546815536,391,0,1,83,305,58.30607680133558
2024-12-14 11:00:00,2,1,2,2.443966636311777,126,0,0,73,74,21.23067003650642
2024-12-14 12:00:00,0,1,2,11.665745538527268,427,1,0,96,344,38.47838900891117
2024-12-14 13:00:00,0,1,2,8.602336860738877,460,0,1,10,372,42.00871387986136
2024-12-14 14:00:00,2,0,0,16.32259878621263,64,0,0,62,43,72.40493529489171
2024-12-14 15:00:00,0,1,0,2.0454604758553323,432,1,0,51,357,29.90046733461245
2024-12-14 16:00:00,0,1,1,4.74544628124934,442,0,0,91,306,21.898539087940147
2024-12-14 17:00:00,2,0,0,10.29470625822996,374,0,0,92,281,61.93455020781501
2024-12-14 18:00:00,2,2,1,3.995305596008712,108,0,0,47,88,30.32010794204677
2024-12-14 19:00:00,2,2,1,14.161587711191666,200,1,0,26,181,52.6273336642256
2024-12-14 20:00:00,2,2,2,16.594577201656165,157,0,1,71,155,65.89864405569983
2024-12-14 21:00:00,0,0,2,14.385877978925226,418,1,1,37,382,76.16538506453409
2024-12-14 22:00:00,0,1,0,9.365390559159664,156,1,0,31,126,28.895763664695732
2024-12-14 23:00:00,2,0,0,17.689365658800277,188,1,0,55,166,77.84595348442254
2024-12-15 00:00:00,2,0,0,3.616036502678893,329,1,1,47,298,40.05183020535971
2024-12-15 01:00:00,2,2,0,5.9464330940811685,121,0,1,41,143,33.815626853112256
2024-12-15 02:00:00,0,2,2,10.301254019793763,160,0,0,64,84,47.92850996514276
2024-12-15 03:00:00,2,2,2,2.165433378705788,275,0,0,98,162,30.489331465726508
2024-12-15 04:00:00,0,1,0,2.8180298497643985,487,0,0,18,339,25.91982597825101
2024-12-15 05:00:00,2,1,1,8.551424062725069,155,0,1,59,171,29.60253405945803
2024-12-15 06:00:00,0,0,2,18.933839637956527,208,1,1,46,234,81.80372576331665
2024-12-15 07:00:00,1,2,2,18.259860172263004,199,1,1,74,253,84.81002437441583
2024-12-15 08:00:00,2,1,2,9.853522307289811,63,1,0,88,86,34.64722972392289
2024-12-15 09:00:00,2,2,2,3.7010123457038713,54,0,1,53,133,23.30968430270291
2024-12-15 10:00:00,1,2,0,4.384045463210276,176,1,0,69,167,42.43618422010413
2024-12-15 11:00:00,2,1,0,8.173375037573418,322,0,0,38,274,26.32157617904872
2024-12-15 12:00:00,0,2,1,4.991409706648846,387,0,0,94,271,50.64462303202551
2024-12-15 13:00:00,2,2,2,2.5765362934171785,260,0,1,72,246,25.21328613490445
2024-12-15 14:00:00,0,1,0,13.801772186879946,376,1,1,85,356,42.961518151576186
2024-12-15 15:00:00,2,0,0,12.047524118061204,395,1,0,35,324,65.0270138763353
2024-12-15 16:00:00,1,1,2,6.534638401583616,266,1,0,54,213,50.55776261542192
2024-12-15 17:00:00,0,2,0,15.80001926849378,477,1,0,44,384,59.885572328817695
2024-12-15 18:00:00,0,1,0,15.743028866410857,128,1,1,87,154,48.08092846574584
2024-12-15 19:00:00,0,2,0,10.329037434042474,142,0,1,16,147,57.472836521073255
2024-12-15 20:00:00,0,1,1,2.8341185547259835,287,1,0,76,229,25.989756411205605
2024-12-15 21:00:00,2,1,0,18.450918601925792,283,1,0,62,230,52.98333730712782
2024-12-15 22:00:00,1,0,2,13.704549947278457,226,1,1,50,267,86.75247729698248
2024-12-15 23:00:00,1,1,2,5.693965563887067,304,0,0,13,220,42.00036044925635
2024-12-16 00:00:00,2,2,2,12.598636393650306,370,1,0,11,261,53.80728313740568
2024-12-16 01:00:00,1,2,0,8.695408420724974,181,1,1,44,234,55.13191397523922
2024-12-16 02:00:00,0,0,1,13.0716431549832,314,0,1,42,270,68.05706119968346
2024-12-16 03:00:00,0,2,0,10.003547018889396,341,1,1,59,346,51.60251930260121
2024-12-16 04:00:00,2,1,2,10.223970854554937,228,0,0,22,162,40.197956574383625
2024-12-16 05:00:00,2,1,1,14.981759746239828,427,0,0,16,272,43.53890606691903
2024-12-16 06:00:00,2,0,1,12.66078917521554,465,1,1,48,443,62.331985708190224
2024-12-16 07:00:00,2,0,0,2.5191011336402878,393,1,1,58,381,53.58906821463995
2024-12-16 08:00:00,0,1,2,2.2420978384797694,426,1,0,12,340,27.5880319379288
2024-12-16 09:00:00,2,2,0,6.79517551243778,195,0,1,26,163,39.39337272038789
2024-12-16 10:00:00,2,2,2,9.17467393423618,192,1,1,34,232,36.38617803124864
2024-12-16 11:00:00,1,0,1,6.229228624406435,69,0,1,23,104,69.9545467980143
2024-12-16 12:00:00,2,0,0,13.377737303328445,107,0,0,14,53,60.75378100513667
2024-12-16 13:00:00,2,0,1,4.707050702786816,345,1,1,80,330,53.76155882846075
2024-12-16 14:00:00,2,0,2,14.378680831527223,115,1,0,92,83,76.4084556829384
2024-12-16 15:00:00,2,0,1,15.689864095889671,394,0,1,42,288,77.67845477785745
2024-12-16 16:00:00,0,1,1,3.362066844317361,446,1,0,94,329,33.371851664714185
2024-12-16 17:00:00,0,0,1,13.365318623896773,62,0,0,60,44,67.90612030605651
2024-12-16 18:00:00,0,2,0,19.267283542102167,111,1,1,94,150,73.09823787766598
2024-12-16 19:00:00,2,0,2,4.663652528003588,461,1,0,26,383,47.44603621882661
2024-12-16 20:00:00,0,2,1,18.276753791206936,95,1,0,96,91,72.20488709422861
2024-12-16 21:00:00,2,1,1,12.514911036206316,448,1,1,70,396,41.27312546182587
2024-12-16 22:00:00,2,2,1,12.227952479302528,142,0,0,40,121,48.23126989574061
2024-12-16 23:00:00,2,2,1,1.986530964096476,477,0,1,24,374,27.491581532300465
2024-12-17 00:00:00,2,1,2,15.217705289341566,272,0,1,49,240,47.74710275187683
2024-12-17 01:00:00,2,1,2,10.087188000313104,72,0,0,74,70,32.45525066888305
2024-12-17 02:00:00,2,2,0,14.702313444867547,406,0,0,29,322,46.47522301717434
2024-12-17 03:00:00,1,1,2,16.374440965485512,116,0,0,43,99,68.18682756945825
2024-12-17 04:00:00,2,1,2,10.952131094073293,163,1,0,74,163,35.23790381888561
2024-12-17 05:00:00,2,1,1,6.009241952287969,255,1,1,41,311,34.25667323509366
2024-12-17 06:00:00,2,0,0,3.6898773364634536,115,0,1,31,104,52.524843295847774
2024-12-17 07:00:00,0,2,0,4.049559430715871,99,0,1,71,160,39.77594112606098
2024-12-17 08:00:00,2,1,1,17.471758424970176,190,0,0,54,137,57.62569683073127
2024-12-17 09:00:00,1,2,0,3.347983816977385,307,0,1,20,273,44.41975055267353
2024-12-17 10:00:00,1,2,2,8.309187387884801,83,0,1,42,85,60.93680982898256
2024-12-17 11:00:00,2,1,0,7.351218279491586,345,0,1,47,266,30.39775402651308
2024-12-17 12:00:00,2,1,1,17.443657668040434,302,1,0,74,241,40.69836002421209
2024-12-17 13:00:00,2,2,0,10.07617651319154,118,1,0,72,121,43.119818047500495
2024-12-17 14:00:00,0,2,0,19.93248192961461,238,0,0,47,166,65.78138074920221
2024-12-17 15:00:00,2,2,0,15.00404017975975,202,0,0,82,146,51.96226124301677
2024-12-17 16:00:00,2,2,1,17.167547932681426,252,1,1,22,255,54.86264179364201
2024-12-17 17:00:00,2,1,2,2.874773054506823,126,1,0,57,137,10.98556727353946
2024-12-17 18:00:00,0,0,0,5.808942850033023,240,1,1,33,226,58.6605611771641
2024-12-17 19:00:00,2,1,2,3.573477715864737,77,1,0,45,122,18.98906198165644
2024-12-17 20:00:00,2,2,2,9.808817475610637,262,1,1,29,261,43.9551259350006
2024-12-17 21:00:00,0,1,2,14.647462275076286,418,0,0,52,295,52.58692963437433
2024-12-17 22:00:00,0,1,0,4.212207795857003,105,1,1,66,156,27.736174517674595
2024-12-17 23:00:00,1,2,2,3.4732023468250373,161,1,1,74,202,50.69822546936737
2024-12-18 00:00:00,2,1,0,12.677566226828366,292,1,0,69,250,42.77127408999741
2024-12-18 01:00:00,0,2,0,5.375942321505056,203,1,0,52,254,38.86952143729397
2024-12-18 02:00:00,0,1,0,10.107176363321075,204,1,0,93,147,41.53221416450364
2024-12-18 03:00:00,2,2,2,1.9712368268266367,331,1,0,74,253,32.757782644581816
2024-12-18 04:00:00,0,2,0,13.93164342928183,320,1,0,55,239,56.75552765938159
2024-12-18 05:00:00,2,1,1,11.28501125119902,99,1,0,71,115,40.66381374081971
2024-12-18 06:00:00,1,0,1,13.301035080214024,439,1,0,79,355,85.84421785392487
2024-12-18 07:00:00,2,1,1,6.232721221135175,117,1,0,35,149,25.298546045061325
2024-12-18 08:00:00,0,1,0,6.293456531869091,181,1,1,38,217,36.00106514146782
2024-12-18 09:00:00,2,2,1,16.225850128724403,207,0,1,50,220,55.40851480888416
2024-12-18 10:00:00,1,2,0,14.652683946711695,382,1,0,24,329,73.20844730706965
2024-12-18 11:00:00,2,2,0,12.014844372773675,314,1,1,28,307,43.7906431762417
2024-12-18 12:00:00,1,1,0,12.93472603985953,219,0,1,82,189,57.11194566383735
2024-12-18 13:00:00,1,0,2,2.7868394105210035,319,1,0,68,260,61.648377614717525
2024-12-18 14:00:00,2,2,1,17.26725478457382,269,1,0,90,215,62.46008606167916
2024-12-18 15:00:00,1,1,0,15.62823362722159,89,1,1,37,153,61.53955642280049
2024-12-18 16:00:00,1,1,1,12.219339142645506,436,0,0,24,289,53.45704232041601
2024-12-18 17:00:00,2,0,1,18.45330749091724,474,0,1,67,388,71.14962132389384
2024-12-18 18:00:00,2,2,2,4.204120246288596,338,0,0,62,203,32.18256166127638
2024-12-18 19:00:00,0,1,1,14.04649033464917,128,1,1,51,187,44.97658733388923
2024-12-18 20:00:00,2,1,0,19.296653775391057,288,0,0,37,215,58.35413528658957
2024-12-18 21:00:00,2,1,0,6.890170326828497,109,1,1,82,177,31.707671752209645
2024-12-18 22:00:00,2,2,1,1.2905539672826811,369,0,0,28,206,18.09026477179728
2024-12-18 23:00:00,2,0,1,14.962481872413528,367,1,1,80,351,79.04256534492926
2024-12-19 00:00:00,2,2,2,1.1326261646664142,384,0,1,98,327,30.7081174315738
2024-12-19 01:00:00,2,2,0,17.578139334461174,440,0,0,86,365,58.82394411218713
2024-12-19 02:00:00,1,0,1,2.069723789967827,286,1,1,11,293,62.194176558509184
2024-12-19 03:00:00,0,2,1,13.402529867565669,125,1,1,27,148,51.787453790508245
2024-12-19 04:00:00,2,2,0,8.166498744039858,355,1,0,49,254,37.05493559672416
2024-12-19 05:00:00,0,1,1,4.863472420617923,88,1,1,62,147,22.591823453221
2024-12-19 06:00:00,0,2,2,18.06690959722275,248,1,1,17,246,65.78851377097652
2024-12-19 07:00:00,1,2,1,15.178671186610382,480,0,1,93,402,75.36504910461582
2024-12-19 08:00:00,2,1,1,7.468370756721942,154,1,0,18,180,32.413451827914656
2024-12-19 09:00:00,2,0,2,6.398908764287275,119,1,1,86,125,53.388541816461945
2024-12-19 10:00:00,1,0,2,14.984233589061647,331,1,0,30,265,85.76106361470444
2024-12-19 11:00:00,1,2,2,16.89484448952028,107,0,1,53,150,83.40358241944192
2024-12-19 12:00:00,0,2,0,14.60115882162038,378,1,0,69,321,65.41975665299694
2024-12-19 13:00:00,0,2,1,13.159795275679087,228,0,1,80,192,52.22853079556313
2024-12-19 14:00:00,2,1,1,5.330569778584327,357,1,0,40,297,19.26651673610648
2024-12-19 15:00:00,0,1,2,17.203275682252972,271,1,1,96,303,54.49799353411028
2024-12-19 16:00:00,2,2,0,15.243577685709123,193,1,1,22,225,53.87880395604436
2024-12-19 17:00:00,2,2,2,10.828211505561876,353,0,0,54,260,51.65633389519362
2024-12-19 18:00:00,1,0,1,10.720167483068831,76,1,1,11,168,73.0322042607671
2024-12-19 19:00:00,2,1,0,11.81428752833958,210,1,1,43,235,44.66011124542972
2024-12-19 20:00:00,2,2,0,16.73725148939459,200,0,1,78,191,60.229305412295695
2024-12-19 21:00:00,1,2,1,15.102931427913592,222,1,0,75,215,66.26176240937743
2024-12-19 22:00:00,2,2,0,17.26865488497178,260,0,0,71,196,53.66777387584291
2024-12-19 23:00:00,1,0,0,10.638372661515724,405,1,1,56,400,77.04456132278447
2024-12-20 00:00:00,1,0,2,12.868332121346889,71,1,0,11,108,78.09754575652883
2024-12-20 01:00:00,0,1,0,17.23686433102361,347,0,1,93,328,58.87795597755904
2024-12-20 02:00:00,2,1,2,5.414081143357592,414,1,0,81,318,24.983231179725045
2024-12-20 03:00:00,2,1,0,9.436392924868256,82,1,0,96,104,19.17399486239696
2024-12-20 04:00:00,2,2,2,12.792392502608353,158,1,0,46,147,50.65140624705119
2024-12-20 05:00:00,2,1,2,18.38777888980393,443,0,1,89,326,43.53736610823248
2024-12-20 06:00:00,2,2,0,1.3008842098763744,96,1,1,95,137,23.3651524324988
2024-12-20 07:00:00,1,2,2,5.038890005291323,145,1,0,72,163,43.32300886790996
2024-12-20 08:00:00,2,2,1,5.454559647464517,174,0,0,65,135,34.95410426577698
2024-12-20 09:00:00,0,2,1,7.205640924974091,384,1,0,55,328,36.20947410162993
2024-12-20 10:00:00,2,2,0,6.3539457879929,344,1,0,72,277,31.427030407033417
2024-12-20 11:00:00,0,2,0,12.212636925682537,427,1,1,17,392,60.886283436347625
2024-12-20 12:00:00,1,1,0,17.826785020840163,351,0,0,64,254,66.19232777273312
2024-12-20 13:00:00,2,2,1,13.102578980375398,377,1,0,52,298,49.34176111492598
2024-12-20 14:00:00,2,2,0,5.589004620132824,356,1,0,99,297,32.63943292305504
2024-12-20 15:00:00,0,2,0,17.411304151331606,74,0,0,32,9,59.94739766539148
2024-12-20 16:00:00,0,0,2,13.008869993802753,131,0,1,25,143,80.25290099373868
2024-12-20 17:00:00,0,0,0,5.16028037477013,448,0,1,94,354,53.28354812250588
2024-12-20 18:00:00,2,0,1,7.871664206163561,107,1,1,61,175,45.93980375300149
2024-12-20 19:00:00,2,1,1,16.00933132805587,492,0,1,63,428,42.15048522152692
2024-12-20 20:00:00,1,2,0,15.03969244825517,75,1,0,93,104,75.47536736011722
2024-12-20 21:00:00,1,1,1,11.95506502060721,346,1,1,85,345,60.7509885049282
2024-12-20 22:00:00,2,1,2,3.7505825520706746,93,0,1,46,158,13.317379765695495
2024-12-20 23:00:00,1,1,2,16.262496648975578,134,1,0,99,127,58.1974143070388
2024-12-21 00:00:00,2,1,0,6.843308042502214,71,0,1,76,82,21.932504027570456
2024-12-21 01:00:00,2,1,0,15.660360840984085,415,0,1,27,313,37.79996914296117
2024-12-21 02:00:00,2,2,2,13.303760949482918,275,0,1,68,272,54.36408445083132
2024-12-21 03:00:00,2,0,2,6.019235351226846,86,0,1,10,133,53.03838171956652
2024-12-21 04:00:00,0,1,0,5.035015334520477,423,1,1,28,357,28.777167489930783
2024-12-21 05:00:00,2,0,1,3.487288541896657,150,1,1,22,217,44.853860771528346
2024-12-21 06:00:00,2,1,0,5.596978495174199,191,1,0,42,184,28.75682859766063
2024-12-21 07:00:00,0,1,0,3.99875142653366,53,0,0,31,9,30.22985161559384
2024-12-21 08:00:00,0,2,0,12.723973707967277,73,0,0,36,59,56.50927781436784
2024-12-21 09:00:00,0,2,0,12.376879260567817,499,1,0,59,393,56.21792012864475
2024-12-21 10:00:00,1,1,0,12.137269142523149,240,0,1,86,218,65.88169767194518
2024-12-21 11:00:00,2,1,0,13.19590637527193,370,1,1,81,321,34.4082129522989
2024-12-21 12:00:00,0,2,0,16.48090614532676,371,0,1,62,364,57.43653076086188
2024-12-21 13:00:00,0,1,1,18.357501519446267,318,0,1,69,249,60.76212266979506
2024-12-21 14:00:00,0,2,0,5.37713522013348,76,1,1,59,124,45.51773299545225
2024-12-21 15:00:00,2,2,2,12.167715313209587,421,1,0,75,308,63.922023005660094
2024-12-21 16:00:00,2,1,0,2.488388203698158,130,1,0,92,158,16.218457887482455
2024-12-21 17:00:00,1,0,1,3.282706328756308,170,0,0,33,96,65.33759415578251
2024-12-21 18:00:00,2,1,2,13.43244694626642,414,1,1,78,372,40.89532744530423
2024-12-21 19:00:00,1,2,0,10.245030672118563,450,1,0,17,364,64.09058344409273
2024-12-21 20:00:00,0,2,0,15.40830964985424,118,0,1,29,90,50.29579980480838
2024-12-21 21:00:00,0,0,2,9.087872138820856,362,0,0,75,235,62.79908797426639
2024-12-21 22:00:00,1,2,0,3.424369729825824,121,0,0,79,69,46.13991290092402
2024-12-21 23:00:00,0,2,1,17.569019422785683,295,0,1,68,278,60.161431312363696
2024-12-22 00:00:00,2,1,0,2.574880951761123,295,0,0,89,203,21.727794199260675
2024-12-22 01:00:00,0,2,1,4.5903282081722585,302,1,1,56,292,34.19858124869719
2024-12-22 02:00:00,1,2,0,6.262560453275169,413,0,0,45,310,52.781842684122125
2024-12-22 03:00:00,2,2,2,19.91033153424311,122,1,1,11,165,62.80159651810585
2024-12-22 04:00:00,2,0,1,8.920336583343694,323,0,0,73,252,55.168419994042615
2024-12-22 05:00:00,2,1,0,10.532462079084183,65,0,1,87,149,37.25516583096595
2024-12-22 06:00:00,1,0,0,15.6242382685035,228,0,0,47,185,88.31723618643132
2024-12-22 07:00:00,2,0,2,13.09189612143746,401,0,1,35,371,63.53142832994929
2024-12-22 08:00:00,0,2,2,16.986993146885332,89,1,0,29,115,59.74625732592532
2024-12-22 09:00:00,2,2,1,10.242235713169984,88,1,1,13,157,44.66487158923277
2024-12-22 10:00:00,2,1,1,19.471376062371217,105,1,1,93,163,56.01890646111671
2024-12-22 11:00:00,0,0,1,16.13943487013985,422,0,0,97,316,80.45435965305403
2024-12-22 12:00:00,2,1,0,8.62594237795204,282,1,1,74,262,29.6132449709867
2024-12-22 13:00:00,0,2,0,8.244164635959711,103,1,1,98,184,41.08357302771758
2024-12-22 14:00:00,0,2,1,18.66033264884014,221,1,1,23,236,65.4910382434061
2024-12-22 15:00:00,1,0,0,14.003897080479629,351,1,1,44,349,83.26768479766605
2024-12-22 16:00:00,2,2,2,12.807239055987134,465,1,1,94,419,39.95375790927821
2024-12-22 17:00:00,1,2,0,15.398782111242406,481,0,0,61,351,70.11737344823466
2024-12-22 18:00:00,0,1,1,11.655842734122515,238,0,0,32,182,37.65264207879276
2024-12-22 19:00:00,1,1,0,4.024168688628807,499,0,0,29,355,36.34783563979024
2024-12-22 20:00:00,2,1,2,7.065093779490191,471,0,1,99,384,27.18123260693495
2024-12-22 21:00:00,0,0,1,11.600952410470423,92,1,1,36,145,64.91238954410125
2024-12-22 22:00:00,1,2,1,1.3451885976161722,53,1,1,50,128,40.442210905420886
2024-12-22 23:00:00,1,2,1,9.309663394301328,310,1,1,87,291,64.43088940291142
2024-12-23 00:00:00,2,2,1,15.360254706242795,418,1,1,45,359,54.16023060797886
2024-12-23 01:00:00,2,2,0,4.120446085809174,107,0,0,13,42,48.435835394660415
2024-12-23 02:00:00,2,1,2,2.2266200529812084,86,1,1,35,165,16.59995340233149
2024-12-23 03:00:00,2,1,0,16.88455367382627,459,1,0,49,340,42.729968331538046
2024-12-23 04:00:00,2,1,0,12.728203500803875,284,1,0,89,250,45.52244805761094
2024-12-23 05:00:00,2,2,1,4.355000477299815,314,1,1,93,311,28.64682237209708
2024-12-23 06:00:00,1,1,2,16.319794631080676,64,0,1,97,70,60.091977167604966
2024-12-23 07:00:00,2,2,0,13.504459958257035,137,1,0,83,103,40.87919349270504
2024-12-23 08:00:00,0,2,2,7.348266123320325,148,0,0,75,111,43.52780010272975
2024-12-23 09:00:00,2,2,2,8.147729167273045,154,0,1,82,135,51.9340917003495
2024-12-23 10:00:00,2,1,2,3.961875100553919,266,1,1,91,281,25.39557370730849
2024-12-23 11:00:00,2,1,2,16.869856289966066,459,0,0,12,332,47.91506263505436
2024-12-23 12:00:00,2,1,0,10.6711263812311,240,0,0,73,146,33.17962011416186
2024-12-23 13:00:00,0,2,2,11.583362456229551,264,1,0,38,197,46.00764022679338
2024-12-23 14:00:00,1,1,0,17.786346388757206,247,1,0,63,209,75.80904118501101
2024-12-23 15:00:00,2,0,2,1.3007817126087844,154,0,0,16,101,32.248324948264795
2024-12-23 16:00:00,2,2,2,2.271538187942549,76,1,1,34,128,33.727145147854365
2024-12-23 17:00:00,2,1,0,4.070000655336485,231,1,1,33,211,22.834386304889183
2024-12-23 18:00:00,1,2,1,1.5707184486747658,132,0,1,52,162,44.61258056447493
2024-12-23 19:00:00,0,2,0,13.50496697586359,208,0,0,15,143,65.29767060412243
2024-12-23 20:00:00,0,2,2,13.043709895578097,279,0,1,24,256,50.24663182051891
2024-12-23 21:00:00,0,1,0,5.005236155650726,284,1,1,88,287,32.47328001488311
2024-12-23 22:00:00,1,1,2,3.8387224528472,337,0,1,49,303,30.81927498205352
2024-12-23 23:00:00,2,1,0,3.768009326345528,435,1,0,70,339,33.7428275220076
2024-12-24 00:00:00,2,1,0,19.1115868530542,67,0,1,30,90,52.49018644997912
2024-12-24 01:00:00,1,2,0,14.17658604387009,333,0,1,67,265,61.650135324691256
2024-12-24 02:00:00,0,2,1,12.123147740836506,120,0,0,41,89,52.92634037143703
2024-12-24 03:00:00,0,0,0,7.127250564296792,264,0,1,21,227,61.10890245696832
2024-12-24 04:00:00,0,1,0,9.227820760267004,166,1,0,18,145,47.17400455661344
2024-12-24 05:00:00,2,1,1,2.698711742784946,149,0,0,29,70,18.698166394335452
2024-12-24 06:00:00,0,2,1,19.964885873045027,137,1,0,24,127,66.31348798641065
2024-12-24 07:00:00,0,1,2,15.34662380786106,397,1,0,86,325,55.924258046794506
2024-12-24 08:00:00,2,1,2,12.80760997973633,202,1,0,17,178,40.6836635550059
2024-12-24 09:00:00,0,2,0,12.167576709329762,344,0,1,30,302,54.07224434468724
2024-12-24 10:00:00,1,1,2,10.581973068630278,226,1,1,54,227,52.36340772673952
2024-12-24 11:00:00,2,2,0,5.891121125819221,181,1,1,98,205,26.71869526796361
2024-12-24 12:00:00,2,1,1,5.301417665734941,357,0,1,49,307,24.804889134671697
2024-12-24 13:00:00,2,2,1,11.441116686595263,171,0,0,15,119,44.69169601195743
2024-12-24 14:00:00,0,0,0,2.333815476601082,260,0,1,20,172,46.164802017480326
2024-12-24 15:00:00,2,1,2,2.4149451785021783,117,0,1,73,120,20.932085259537818
2024-12-24 16:00:00,0,0,2,11.655458460046653,106,1,0,51,92,55.34084137115654
2024-12-24 17:00:00,1,2,2,18.476428915994543,62,0,0,68,40,71.42431898641084
2024-12-24 18:00:00,2,0,0,18.37116517146724,242,0,0,17,107,76.69227667694412
2024-12-24 19:00:00,1,1,2,1.205737712555054,112,0,1,81,132,34.70255294261774
2024-12-24 20:00:00,1,2,1,3.0404900973015456,376,0,0,64,276,45.34251956646616
2024-12-24 21:00:00,2,2,1,12.078476181415205,202,0,0,48,129,42.362290171950015
2024-12-24 22:00:00,2,2,1,17.12103871431712,72,1,0,60,84,57.11688865618398
2024-12-24 23:00:00,1,2,1,19.134532646479744,79,1,0,64,80,83.03151478180557
2024-12-25 00:00:00,1,2,1,17.351062294869806,418,0,1,85,374,80.06795706491617
2024-12-25 01:00:00,2,0,1,13.87464957063266,238,0,1,12,243,64.98939302766969
2024-12-25 02:00:00,2,1,1,4.80997647419548,440,1,0,52,370,18.26115659061646
2024-12-25 03:00:00,2,1,1,2.3798080056002844,359,0,1,54,339,28.359388523346453
2024-12-25 04:00:00,1,2,1,1.9027998710272496,158,1,1,89,226,56.39381921099666
2024-12-25 05:00:00,2,2,0,12.629458907882816,450,1,0,25,344,52.74221620657988
2024-12-25 06:00:00,0,2,0,1.6875834762917967,402,1,0,14,323,32.956758840982616
2024-12-25 07:00:00,1,2,1,15.04555917284546,109,1,1,49,177,63.88484151949073
2024-12-25 08:00:00,2,0,1,14.536944009668414,115,0,0,85,86,69.98125160189838
2024-12-25 09:00:00,0,2,1,2.5126056707569,215,0,1,76,171,35.06757771236956
2024-12-25 10:00:00,2,1,2,18.225824935699094,190,0,0,54,146,47.24354299526247
2024-12-25 11:00:00,1,1,0,10.916656483880743,101,0,1,12,131,47.70429623863165
2024-12-25 12:00:00,2,0,1,18.184332779416906,229,0,1,40,221,72.65693940746716
2024-12-25 13:00:00,0,2,0,18.13059106757812,81,1,1,33,153,72.13302769697576
2024-12-25 14:00:00,0,0,1,4.743647213855248,263,1,1,38,273,56.62542488273331
2024-12-25 15:00:00,2,1,2,8.230974930789412,314,0,0,64,232,37.49843741644044
2024-12-25 16:00:00,2,2,1,3.5579003365725086,66,1,0,42,45,31.14459749624667
2024-12-25 17:00:00,2,2,0,15.724582192590091,175,1,1,60,222,57.6673130840912
2024-12-25 18:00:00,2,1,0,10.578373395219389,131,1,0,89,152,34.96470342303184
2024-12-25 19:00:00,1,2,0,18.647343932504658,89,1,0,83,136,70.66437486266352
2024-12-25 20:00:00,1,2,0,4.95608908264927,153,0,1,39,168,52.097669966241696
2024-12-25 21:00:00,2,2,1,14.078985568865294,268,0,1,70,219,49.58448686689554
2024-12-25 22:00:00,0,0,2,19.795499727681467,231,1,1,69,241,86.43212843191054
2024-12-25 23:00:00,0,0,2,13.642243974598836,433,1,1,44,402,64.10890121732777
2024-12-26 00:00:00,1,0,1,2.3067047237835405,487,0,1,16,399,63.55992154344399
2024-12-26 01:00:00,2,0,1,12.18006264420862,205,0,1,15,172,66.84300485591253
2024-12-26 02:00:00,2,2,0,4.417012243943497,227,0,1,24,211,29.23896887524292
2024-12-26 03:00:00,2,1,1,1.5795527709669923,67,0,0,75,43,18.81275899808678
2024-12-26 04:00:00,0,0,2,7.364253248799069,190,1,0,94,167,59.78178607996496
2024-12-26 05:00:00,2,2,1,6.05597757802725,210,1,1,26,238,46.84560062390909
2024-12-26 06:00:00,2,1,1,15.98664707749933,448,1,0,28,354,45.29548958153673
2024-12-26 07:00:00,2,2,2,8.099930280483909,263,0,1,23,265,41.9352862186428
2024-12-26 08:00:00,0,1,2,14.926216827318733,471,1,1,58,380,43.514041893164936
2024-12-26 09:00:00,2,2,1,1.308540847037297,271,0,0,60,188,28.96679698429445
2024-12-26 10:00:00,2,1,0,1.28143053523443,311,1,1,43,307,22.795161973058832
2024-12-26 11:00:00,2,1,0,1.5569556934035849,94,1,0,93,69,23.27636510071878
2024-12-26 12:00:00,2,0,0,5.167810393869029,236,0,1,30,229,50.96391271546042
2024-12-26 13:00:00,0,2,2,8.105767915542671,403,0,1,57,349,47.18788277754189
2024-12-26 14:00:00,2,2,2,12.549070259220237,424,1,0,76,305,51.63657456386176
2024-12-26 15:00:00,2,2,0,19.732363830712483,290,1,1,67,308,66.01844456209786
2024-12-26 16:00:00,0,0,1,7.733781773272319,274,1,1,87,264,61.45611429385898
2024-12-26 17:00:00,2,2,1,2.057519228386158,383,0,1,30,325,19.78878659306946
2024-12-26 18:00:00,2,2,1,4.703103071651125,97,0,1,36,122,38.22209429696242
2024-12-26 19:00:00,1,0,2,18.05918484248238,160,0,0,80,116,91.55380493957112
2024-12-26 20:00:00,2,1,2,14.288204612806467,474,0,0,38,289,42.21155483444047
2024-12-26 21:00:00,2,0,0,16.01381565673264,132,1,0,18,98,65.01309151357897
2024-12-26 22:00:00,2,2,1,3.35919590778306,153,0,0,88,111,35.84153000861262
2024-12-26 23:00:00,2,2,2,3.5647527854426504,123,1,0,53,136,41.9736147301382
2024-12-27 00:00:00,0,1,2,3.132674143353024,104,0,0,37,54,32.33717710717392
2024-12-27 01:00:00,0,2,0,17.286214121880974,366,1,1,47,373,61.69367384512592
2024-12-27 02:00:00,0,2,1,4.989384565178484,51,0,0,24,22,31.28281812277921
2024-12-27 03:00:00,2,0,2,13.21988316221471,291,1,0,24,236,59.52555212031674
2024-12-27 04:00:00,2,0,2,10.807160957481925,421,0,1,39,341,61.59097294250767
2024-12-27 05:00:00,1,0,2,11.34340832560322,307,1,0,41,259,80.13072583746155
2024-12-27 06:00:00,1,1,2,4.713271809434096,381,0,1,49,314,44.22183768914982
2024-12-27 07:00:00,2,0,1,13.0696757756258,59,1,1,85,125,67.1569208437062
2024-12-27 08:00:00,2,2,0,1.818910154708292,125,0,0,93,85,24.73612196618864
2024-12-27 09:00:00,2,0,1,19.875973248894944,472,0,1,11,385,79.97019461248313
2024-12-27 10:00:00,2,1,0,1.508419223361852,307,1,1,31,309,14.841999305496769
2024-12-27 11:00:00,2,2,2,1.952974273601381,170,1,0,35,164,31.002664446935857
2024-12-27 12:00:00,2,0,1,7.1683009779419455,370,0,1,49,308,59.136432434796106
2024-12-27 13:00:00,0,0,0,16.800881759621227,499,0,0,17,363,76.4139256856783
2024-12-27 14:00:00,0,2,0,5.886595023758115,264,0,1,45,238,43.1538537322712
2024-12-27 15:00:00,2,2,2,9.966765262035237,294,0,1,35,261,44.22703492891922
2024-12-27 16:00:00,2,1,0,1.341569292347666,386,0,1,90,328,16.113784828094975
2024-12-27 17:00:00,1,2,0,2.49870701318924,229,0,0,16,172,41.97683613234275
2024-12-27 18:00:00,2,2,0,12.551354922273436,390,0,1,10,339,53.29380935738382
2024-12-27 19:00:00,0,1,2,4.692810919539143,349,1,0,99,282,34.742844087724286
2024-12-27 20:00:00,2,1,1,14.19083669737098,339,1,0,41,288,45.84522671310292
2024-12-27 21:00:00,0,1,2,15.922432325326366,122,1,0,87,148,53.59033612719258
2024-12-27 22:00:00,2,2,0,17.156349789973383,258,1,1,92,252,60.02226505362317
2024-12-27 23:00:00,2,1,0,3.5421874219871303,290,0,1,18,252,17.290128210848458
2024-12-28 00:00:00,2,2,1,9.654662431606576,411,0,1,68,331,51.49350165915372
2024-12-28 01:00:00,2,1,0,18.994547548173067,222,0,0,53,180,52.63717351017882
2024-12-28 02:00:00,2,2,1,15.669587306441848,465,0,0,74,300,55.57752353294901
2024-12-28 03:00:00,0,2,0,3.222247255076818,54,0,0,30,24,40.383219451387646
2024-12-28 04:00:00,2,2,0,10.547504655349492,415,0,0,29,315,45.99297179602242
2024-12-28 05:00:00,2,2,2,18.525231054937937,266,1,1,58,279,61.73079887744755
2024-12-28 06:00:00,0,2,2,9.360737304940532,263,0,0,42,192,43.42717857192149
2024-12-28 07:00:00,0,1,1,16.91093456797841,496,0,0,27,342,49.68928136767859
2024-12-28 08:00:00,1,0,2,10.421030702582588,374,0,1,50,319,74.92453699643204
2024-12-28 09:00:00,0,1,1,3.02942186766932,359,0,1,26,299,32.38899009839334
2024-12-28 10:00:00,2,1,2,3.80924359513064,87,0,0,22,39,17.096279249417876
2024-12-28 11:00:00,0,2,1,1.8868393033554145,442,0,1,52,388,28.19349848168308
2024-12-28 12:00:00,1,1,0,4.710980070935726,110,0,0,82,77,35.04532513178741
2024-12-28 13:00:00,1,0,1,17.978667897538248,144,1,1,74,195,94.39889719256443
2024-12-28 14:00:00,2,1,2,13.353762872921877,282,1,1,32,281,40.32097930545713
2024-12-28 15:00:00,2,2,1,15.03828176277531,326,1,1,49,348,50.71433286989838
2024-12-28 16:00:00,2,1,2,12.811567709473229,85,1,0,43,110,43.950269835493565
2024-12-28 17:00:00,0,1,0,8.344246550628606,50,0,1,45,80,31.87411089841021
2024-12-28 18:00:00,0,1,2,5.12036152312403,199,1,0,59,184,30.71527797514071
2024-12-28 19:00:00,0,0,0,18.586677096186783,264,1,0,87,206,75.66369310000243
2024-12-28 20:00:00,2,0,0,10.781765849602408,448,0,1,94,361,68.64674973106594
2024-12-28 21:00:00,0,2,2,10.140897742950848,95,1,0,94,96,56.02617099769121
2024-12-28 22:00:00,1,0,0,19.925977683277367,114,0,0,39,51,94.93921588516608
2024-12-28 23:00:00,2,2,2,8.294669779381055,55,1,1,49,131,49.53870197595143
2024-12-29 00:00:00,0,0,1,17.228380982952544,473,1,1,21,413,76.33192090006591
2024-12-29 01:00:00,2,0,0,17.384537146020268,468,1,0,10,397,69.14419022623237
2024-12-29 02:00:00,1,1,1,5.420733996798115,130,0,0,99,61,48.40965556086329
2024-12-29 03:00:00,1,2,1,2.80195415465308,238,0,0,25,158,40.74614121705211
2024-12-29 04:00:00,0,2,2,19.536782198601426,200,1,0,91,185,68.60953363972908
2024-12-29 05:00:00,0,1,2,9.092040418575772,197,1,1,59,245,49.91726949510718
2024-12-29 06:00:00,1,1,0,1.0421861181937149,77,0,0,52,44,28.536104279976847
2024-12-29 07:00:00,2,0,2,10.481338842750214,214,0,1,96,245,60.747852255632345
2024-12-29 08:00:00,2,0,1,12.766706911201556,184,1,0,69,161,70.42937015712583
2024-12-29 09:00:00,0,2,1,15.74567670151265,303,1,0,14,231,64.54443022654353
2024-12-29 10:00:00,2,0,1,18.915900246249134,354,1,1,30,335,71.60704017434799
2024-12-29 11:00:00,2,0,0,18.388241949963795,261,1,1,74,309,81.36123739423753
2024-12-29 12:00:00,1,1,2,18.8625805810425,329,0,1,91,300,66.2239645324732
2024-12-29 13:00:00,0,1,1,1.6103778169299825,129,1,0,30,164,27.08446586348969
2024-12-29 14:00:00,2,1,0,14.523708542778888,318,0,1,80,301,36.58243313422988
2024-12-29 15:00:00,2,1,2,5.291301293308045,397,0,0,74,315,35.827107180001505
2024-12-29 16:00:00,2,1,2,4.563501056907426,440,0,0,32,308,22.50557882242807
2024-12-29 17:00:00,2,2,1,16.206052803385756,64,0,1,69,132,59.99867382206549
2024-12-29 18:00:00,2,0,0,8.925464094284717,136,0,0,11,103,53.170769211055
2024-12-29 19:00:00,0,0,1,18.415401439864382,456,0,0,43,332,73.24980229396678
2024-12-29 20:00:00,2,2,1,1.8062667251184257,429,0,0,66,329,26.442049222757063
2024-12-29 21:00:00,2,0,0,16.241435760256103,272,0,1,25,287,76.71840101259957
2024-12-29 22:00:00,2,2,1,3.5998538143693173,374,0,0,83,295,36.78981589195909
2024-12-29 23:00:00,1,0,0,4.354966829734705,140,1,0,93,112,60.43308552574689
2024-12-30 00:00:00,2,2,0,10.06968259496548,365,0,0,57,256,53.06101592460283
2024-12-30 01:00:00,2,1,1,8.51620887658319,315,1,0,34,260,26.63689082648568
2024-12-30 02:00:00,2,0,1,10.23727381644475,356,0,1,77,278,58.88925992598656
2024-12-30 03:00:00,0,1,2,18.860503918590048,369,0,1,41,285,59.89061431473085
2024-12-30 04:00:00,0,2,2,13.49038977570789,155,1,0,54,138,51.46643955639125
2024-12-30 05:00:00,2,1,0,6.515878254998012,302,0,0,49,225,12.952698654829728
2024-12-30 06:00:00,2,2,0,4.285265534039055,248,0,0,22,190,37.57784127920213
2024-12-30 07:00:00,2,0,0,8.980879227487739,105,1,0,14,107,58.61561348359131
2024-12-30 08:00:00,0,1,2,9.581179518087014,465,1,1,26,377,39.58646334726022
2024-12-30 09:00:00,0,0,1,12.424593788090808,456,0,1,80,372,64.71978885392006
2024-12-30 10:00:00,2,1,1,6.054051367255592,487,0,1,19,423,27.18492464102141
2024-12-30 11:00:00,2,1,2,15.58267569483952,288,1,1,68,277,43.16786842979285
2024-12-30 12:00:00,2,1,1,2.8707446641082504,396,0,1,44,359,16.617013032223678
2024-12-30 13:00:00,2,2,1,11.648613908412434,390,0,1,32,322,53.540941321963146
2024-12-30 14:00:00,0,1,1,12.847101411638114,412,0,0,65,309,41.10553889968701
2024-12-30 15:00:00,2,2,2,4.929800040237761,267,1,0,25,250,34.51175199434284
2024-12-30 16:00:00,2,1,0,16.694215659492798,261,0,0,61,172,48.68609500839547
2024-12-30 17:00:00,2,1,1,12.693210378945873,238,1,1,36,254,36.58822978895977
2024-12-30 18:00:00,1,2,1,13.268722078311484,384,0,0,24,281,64.42360709872423
2024-12-30 19:00:00,1,1,0,10.457126609505332,414,0,0,71,289,53.62238357872452
2024-12-30 20:00:00,2,1,1,18.282290126350432,151,0,0,15,80,57.53089626784116
2024-12-30 21:00:00,2,1,1,14.184624048264864,453,1,1,33,409,43.021272634214505
2024-12-30 22:00:00,2,2,0,8.254875733019489,486,1,1,96,440,43.84356521622671
2024-12-30 23:00:00,2,2,2,5.533511867897638,192,1,0,14,166,33.14163856131551
2024-12-31 00:00:00,2,1,2,2.3501718216462577,334,0,0,80,208,17.096898648247937
2024-12-31 01:00:00,0,1,1,4.141855906426832,119,0,1,95,169,23.870376119827103
2024-12-31 02:00:00,0,2,1,19.86097608958953,385,1,1,62,370,71.53210951487056
2024-12-31 03:00:00,1,1,0,8.728571023841162,114,1,0,40,143,43.56455930988231
2024-12-31 04:00:00,2,0,0,18.075057318270726,495,1,1,44,440,73.61724549463781
2024-12-31 05:00:00,1,2,1,4.240817780820024,247,0,1,28,224,46.93022788028551
2024-12-31 06:00:00,0,2,1,9.081856555476143,65,0,0,43,70,41.09148714271825
2024-12-31 07:00:00,2,1,2,19.249850873635523,359,1,0,92,289,49.46878702642465
2024-12-31 08:00:00,2,2,2,2.7315127769666985,402,0,0,91,276,31.597016828129306
2024-12-31 09:00:00,2,0,2,12.285701392437552,312,0,1,10,289,61.51898913357503
2024-12-31 10:00:00,2,2,2,18.46426611322974,109,1,0,50,143,71.43818904651954
2024-12-31 11:00:00,2,2,0,19.043984086130763,59,0,0,62,31,67.78359961352454
2024-12-31 12:00:00,0,2,2,17.074142065123738,358,1,1,89,357,69.31157522505606
2024-12-31 13:00:00,2,2,2,17.26275421484284,57,1,1,73,103,53.39769357065617
2024-12-31 14:00:00,1,1,1,13.391476128231846,431,1,0,49,339,53.32804854010441
2024-12-31 15:00:00,2,2,2,5.188039053804858,390,1,0,71,323,33.237144452199345
2024-12-31 16:00:00,1,1,1,14.882892345213476,139,1,0,64,125,59.19816982744493
2024-12-31 17:00:00,2,2,1,19.58930482471574,86,0,1,20,121,72.67889400319498
2024-12-31 18:00:00,0,0,2,10.992736778783405,437,1,1,61,404,58.68557572114939
2024-12-31 19:00:00,2,0,2,5.953249822461122,133,1,0,35,144,51.22128740891642
2024-12-31 20:00:00,2,2,1,11.89595028753496,283,0,0,83,217,45.81091926443791
2024-12-31 21:00:00,1,1,0,14.121596768571711,299,0,1,96,256,58.27555068114114
2024-12-31 22:00:00,2,1,1,4.957325879063849,289,1,1,57,273,25.13823895726134
2024-12-31 23:00:00,0,2,0,14.66459760457903,153,1,0,54,136,56.486837908663205
2025-01-01 00:00:00,0,0,0,12.161224318803448,260,1,1,42,264,68.92131065797356
2025-01-01 01:00:00,2,2,2,12.634648273812992,274,1,1,73,324,50.14585494565534
2025-01-01 02:00:00,2,1,2,6.813770665056849,328,0,0,87,201,23.188038202248787
2025-01-01 03:00:00,0,0,2,3.950069392112821,442,1,1,18,382,63.4463641891486
2025-01-01 04:00:00,2,0,2,12.845548010807482,215,1,1,87,223,64.9020509064957
2025-01-01 05:00:00,0,2,1,12.138426793898864,350,1,1,11,366,63.02632000938068
2025-01-01 06:00:00,1,2,0,7.422231566562294,478,1,1,84,429,58.40780514014599
2025-01-01 07:00:00,2,2,1,6.6219796833718565,451,0,0,23,293,38.121590904140845
2025-01-01 08:00:00,2,2,0,7.597644771583397,95,0,1,45,118,38.05650862892206
2025-01-01 09:00:00,0,0,1,10.307783431477583,51,1,1,44,119,66.82441604096104
2025-01-01 10:00:00,2,1,0,19.521574967112063,225,1,0,73,189,44.18086444417487
2025-01-01 11:00:00,2,2,2,15.50772781849792,322,1,1,34,327,48.28684337135282
2025-01-01 12:00:00,2,2,0,17.18305504414428,167,0,0,18,108,55.22767817535055
2025-01-01 13:00:00,0,0,2,10.60734180916709,321,1,1,86,326,59.055257132696944
2025-01-01 14:00:00,2,0,0,10.996348623796765,415,0,1,52,353,61.71084789831691
2025-01-01 15:00:00,2,0,1,4.882168567303525,222,0,1,19,187,49.98272639458733
2025-01-01 16:00:00,0,2,0,14.699870889720488,353,1,0,66,276,68.32711211228644
2025-01-01 17:00:00,2,0,1,9.010096110022086,201,0,1,42,189,59.67723116694479
2025-01-01 18:00:00,2,2,1,15.106490317536514,400,0,0,18,323,55.89065095448238
2025-01-01 19:00:00,1,2,2,8.772052244939882,242,1,0,63,208,58.09574618057944
2025-01-01 20:00:00,0,1,0,3.061826557064254,141,1,1,22,194,27.26911247464637
2025-01-01 21:00:00,1,0,1,4.288020067931786,210,0,1,33,192,61.61271173037293
2025-01-01 22:00:00,2,0,0,16.41983148341898,155,0,0,71,95,71.82601944553501
2025-01-01 23:00:00,0,1,2,5.913713301619719,278,0,0,49,180,27.57782242791294
2025-01-02 00:00:00,2,1,2,6.022734028774317,152,1,0,68,151,18.26030249725624
2025-01-02 01:00:00,2,0,0,18.65799371004429,181,0,0,65,138,75.10066693652041
2025-01-02 02:00:00,2,2,1,13.49507683447014,306,1,0,73,213,53.23950404988572
2025-01-02 03:00:00,2,0,1,3.17184352380277,338,0,0,69,243,51.59967804571369
2025-01-02 04:00:00,1,1,1,3.72812013250675,495,1,0,90,395,35.71899885520286
2025-01-02 05:00:00,2,1,0,6.174981221685309,436,0,0,32,333,22.443546113025544
2025-01-02 06:00:00,0,2,1,12.285918068706025,150,0,0,36,125,54.51857119366559
2025-01-02 07:00:00,0,1,1,15.303683928207782,350,1,1,70,325,46.46688394690066
2025-01-02 08:00:00,0,1,1,6.215432425610743,70,1,0,53,68,25.595724456124294
2025-01-02 09:00:00,2,1,2,17.542198710884325,298,0,0,66,196,44.51552739970142
2025-01-02 10:00:00,0,1,1,3.0744233987988223,241,0,0,52,177,27.16528427300815
2025-01-02 11:00:00,2,1,0,4.944384192820412,122,0,0,71,78,25.886354068109224
2025-01-02 12:00:00,2,0,0,19.438833501714672,362,0,1,35,313,81.66608876093386
2025-01-02 13:00:00,1,1,1,3.560152409419496,217,1,0,97,228,38.31321850361075
2025-01-02 14:00:00,2,2,0,17.874114846752406,111,0,1,84,147,66.66182116570619
2025-01-02 15:00:00,2,0,0,14.374766432677813,220,1,1,73,251,76.43702144597033
2025-01-02 16:00:00,1,2,1,2.3886547221924275,170,1,1,78,208,47.94845521443263
2025-01-02 17:00:00,2,2,2,10.190429749098934,265,1,1,33,273,42.17267569170006
2025-01-02 18:00:00,0,2,1,10.86060770975132,223,1,0,82,212,53.44082497882717
2025-01-02 19:00:00,2,0,0,18.710652996900915,73,1,1,83,141,75.72312164788515
2025-01-02 20:00:00,2,0,0,9.000987268466206,457,1,0,20,370,59.16715470725232
2025-01-02 21:00:00,2,2,1,9.488508693821242,187,0,0,76,116,43.68333058537336
2025-01-02 22:00:00,2,0,0,3.137191340941188,148,0,0,98,104,45.786155537717775
2025-01-02 23:00:00,2,2,2,13.144278705315587,373,1,1,62,352,52.64668286837233
2025-01-03 00:00:00,0,1,1,5.007042541892836,106,0,1,52,133,39.3614919516252
2025-01-03 01:00:00,0,0,0,2.47313190625043,296,1,0,36,221,53.05845601864529
2025-01-03 02:00:00,1,2,2,19.94146100134509,221,1,1,10,255,80.78236811733333
2025-01-03 03:00:00,2,0,0,6.122962931293299,250,1,1,58,266,52.51073112728396
2025-01-03 04:00:00,0,1,2,3.680010137447275,380,0,1,57,284,34.09564427224195
2025-01-03 05:00:00,0,1,0,14.290317117346351,156,0,0,89,131,44.37953191456112
2025-01-03 06:00:00,1,0,1,16.611960962516136,97,0,1,88,96,91.52104520660076
2025-01-03 07:00:00,2,1,0,2.217472369400588,382,1,0,62,301,32.3973747406364
2025-01-03 08:00:00,0,0,1,3.002472841925954,460,0,1,20,332,53.21381357833155
2025-01-03 09:00:00,1,0,2,2.713302648058871,335,1,1,18,338,57.36400572395501
2025-01-03 10:00:00,2,0,2,1.8922267631277123,95,1,1,70,159,38.84739263701759
2025-01-03 11:00:00,1,2,0,13.529673094051391,445,0,0,97,340,65.69521026452702
2025-01-03 12:00:00,2,2,1,12.177950605047918,169,1,1,31,203,54.78601553198988
2025-01-03 13:00:00,0,0,1,13.593326474638726,109,1,0,80,126,76.34272955454196
2025-01-03 14:00:00,1,2,2,10.60767610220944,196,1,0,53,192,60.16652247168362
2025-01-03 15:00:00,0,2,2,16.53264602270605,153,1,1,39,201,67.51073387471938
2025-01-03 16:00:00,2,0,0,11.386697747472931,117,1,1,69,163,68.0780655030356
2025-01-03 17:00:00,2,2,2,18.456191761192876,487,0,0,64,322,62.32257628284561
2025-01-03 18:00:00,1,0,2,10.227322117575874,211,1,0,48,170,72.8069412322307
2025-01-03 19:00:00,2,1,1,16.022514563020376,264,1,1,50,288,58.14597946928611
2025-01-03 20:00:00,2,1,1,8.739846719989048,167,0,1,18,152,25.412951728479875
2025-01-03 21:00:00,0,2,1,9.269254000752415,286,0,1,10,236,49.46721496767156
2025-01-03 22:00:00,2,1,2,17.13084885952042,267,1,0,12,210,47.69047383088745
2025-01-03 23:00:00,2,2,0,3.045536871795603,173,0,1,78,169,33.99722751383012
2025-01-04 00:00:00,2,1,0,11.733437344680953,166,1,1,20,212,40.60543574402863
2025-01-04 01:00:00,2,0,2,14.800392887796926,312,0,0,13,229,65.9079421182327
2025-01-04 02:00:00,0,1,0,15.25799169292402,387,0,0,42,253,46.83471769173588
2025-01-04 03:00:00,0,2,2,12.238377016229531,219,0,1,42,203,54.21431851197972
2025-01-04 04:00:00,0,1,0,9.513225199030764,245,1,0,54,163,44.30942110856707
2025-01-04 05:00:00,1,2,2,5.954866433468397,358,0,0,29,254,49.032713660110026
2025-01-04 06:00:00,1,1,1,18.27909847172832,441,0,1,46,348,65.01711083167986
2025-01-04 07:00:00,0,1,0,8.025971002905182,199,0,1,93,147,38.26551548017618
2025-01-04 08:00:00,2,2,1,16.18084968213357,295,1,0,30,223,64.67084027384001
2025-01-04 09:00:00,0,1,1,1.601646646290089,331,0,0,67,230,24.42047065749434
2025-01-04 10:00:00,2,1,0,5.411215079045573,240,0,1,60,205,15.707780708297388
2025-01-04 11:00:00,0,2,2,7.566111064798329,223,0,1,80,206,37.94747214243504
2025-01-04 12:00:00,0,1,1,13.75990720289388,422,0,0,25,298,42.45918596811056
2025-01-04 13:00:00,2,2,1,7.067285336075929,130,0,0,45,96,33.33464242215725
2025-01-04 14:00:00,1,1,2,1.7859122155668354,221,0,1,59,203,40.50309051947343
2025-01-04 15:00:00,2,1,2,4.303482805026306,495,0,1,84,373,24.451363321998244
2025-01-04 16:00:00,0,2,0,5.924141695017195,213,1,0,57,202,46.59755163272453
2025-01-04 17:00:00,2,1,0,4.344902118780562,346,1,0,38,283,22.29638131284244
2025-01-04 18:00:00,1,0,2,4.870766642681534,160,0,1,51,133,63.80066371357045
2025-01-04 19:00:00,2,0,1,15.610181872793731,256,1,1,68,253,68.43036550913403
2025-01-04 20:00:00,2,1,2,8.828639235058743,387,0,1,64,338,32.070960214823664
2025-01-04 21:00:00,2,0,0,8.698405648690578,460,0,1,83,344,55.90777914178644
2025-01-04 22:00:00,2,1,1,19.36552039653024,119,0,0,76,105,56.09295952458362
2025-01-04 23:00:00,2,1,1,9.487334920939803,147,1,0,31,185,32.71209019948106
2025-01-05 00:00:00,0,1,0,18.625504518115505,474,1,1,93,409,57.93243088645359
2025-01-05 01:00:00,2,2,1,6.682198866116926,54,1,1,11,111,39.91859142243028
2025-01-05 02:00:00,2,2,2,8.611898938179289,234,0,0,17,178,42.187280265842
2025-01-05 03:00:00,2,1,0,8.52938376528178,253,1,1,50,258,42.42955520257736
2025-01-05 04:00:00,1,0,1,11.375497813978242,462,1,0,98,353,75.02164106572722
2025-01-05 05:00:00,0,2,0,12.100698526225091,427,0,1,20,359,51.73792651746399
2025-01-05 06:00:00,0,1,1,5.7143755518031085,61,0,1,33,80,26.123459705319057
2025-01-05 07:00:00,0,2,2,16.078100757925256,458,0,0,35,314,63.01528341663804
2025-01-05 08:00:00,2,0,0,10.433993138859057,288,0,0,44,194,65.04558099337842
2025-01-05 09:00:00,2,1,1,1.133827516857342,467,0,0,14,326,17.7603119899704
2025-01-05 10:00:00,2,1,2,12.235472033016924,380,0,1,24,286,50.77653654952825
2025-01-05 11:00:00,1,2,2,16.163129389053594,329,0,1,23,271,70.17904728498091
2025-01-05 12:00:00,1,2,2,5.758868018493699,164,0,0,46,96,44.93427751494433
2025-01-05 13:00:00,2,2,1,1.719549177876594,418,1,0,27,312,27.127903814437385
2025-01-05 14:00:00,2,1,1,16.33639445736373,259,1,1,85,301,39.8267428714799
2025-01-05 15:00:00,2,2,2,19.54925760346092,496,0,0,76,391,66.47198326460894
2025-01-05 16:00:00,2,2,2,2.454708678633145,368,1,1,55,327,22.90262638813568
2025-01-05 17:00:00,0,2,2,18.822699339188706,443,0,0,77,318,66.10899496358547
2025-01-05 18:00:00,2,1,2,7.826213827545178,182,1,0,66,156,26.709928727446343
2025-01-05 19:00:00,1,2,2,18.887352563173664,272,1,1,49,292,76.67910612951619
2025-01-05 20:00:00,2,1,1,13.32794715604649,394,1,1,99,328,36.77474360335
2025-01-05 21:00:00,1,2,0,17.914641936519853,230,0,0,94,147,71.64812229268193
2025-01-05 22:00:00,0,0,0,15.930827475976855,77,0,1,54,101,77.46736423628948
2025-01-05 23:00:00,0,2,0,1.53195711359191,242,0,1,25,180,35.99328118296401
2025-01-06 00:00:00,0,1,1,2.243407544176024,350,0,1,71,300,17.66170982435614
2025-01-06 01:00:00,0,2,0,10.989147497252336,499,0,0,32,317,58.02844787477283
2025-01-06 02:00:00,0,0,0,3.46276137705334,305,0,0,97,229,50.38017736392706
2025-01-06 03:00:00,0,2,0,9.759650543985876,482,1,1,82,412,49.07871178908122
2025-01-06 04:00:00,0,2,0,19.137975672724885,160,1,1,92,190,69.21814508581144
2025-01-06 05:00:00,1,1,2,6.600388463535201,473,0,0,60,330,40.945444613279086
2025-01-06 06:00:00,0,2,1,10.289341562499075,243,0,1,10,213,57.34435025329854
2025-01-06 07:00:00,0,2,0,8.300932971293319,173,1,0,86,166,45.48758192332589
2025-01-06 08:00:00,1,0,2,12.96671232071672,140,1,0,54,174,74.6190541774899
2025-01-06 09:00:00,2,2,0,4.683053682379618,185,1,0,13,192,43.30018209018928
2025-01-06 10:00:00,2,2,0,5.938846512551383,332,0,0,64,203,46.60396396898663
2025-01-06 11:00:00,2,2,0,17.316589175916192,278,0,0,98,178,55.55290088617338
2025-01-06 12:00:00,0,1,0,16.41538825334643,194,1,1,19,219,56.50541939931824
2025-01-06 13:00:00,1,0,0,15.994604088542168,477,1,1,96,395,96.8535016623689
2025-01-06 14:00:00,2,2,2,15.647472577040023,291,1,1,39,296,57.62746524616888
2025-01-06 15:00:00,0,0,0,9.729312375770002,80,1,0,23,124,66.29124393527971
2025-01-06 16:00:00,0,2,2,14.848924678111956,310,1,0,39,250,65.39435281429566
2025-01-06 17:00:00,2,1,0,8.356891539570238,109,1,1,14,171,38.350100679661054
2025-01-06 18:00:00,0,2,1,2.9134820236001238,138,1,1,24,167,39.23833989553528
2025-01-06 19:00:00,1,1,2,8.474118191328955,452,0,0,26,318,40.16165199411629
2025-01-06 20:00:00,2,1,0,4.014597840330687,150,0,0,57,100,17.34153396191642
2025-01-06 21:00:00,0,1,2,8.426181932017684,347,1,1,85,327,35.54368388504963
2025-01-06 22:00:00,0,2,0,6.651079091894845,328,1,1,34,307,50.27399309295532
2025-01-06 23:00:00,2,2,0,12.384052674290574,170,1,0,28,179,43.75275881466551
2025-01-07 00:00:00,2,1,2,7.869267894470045,292,1,0,68,255,29.88943082721147
2025-01-07 01:00:00,1,2,0,14.40620360420439,414,1,0,62,342,73.96243234070879
2025-01-07 02:00:00,2,2,0,10.730786939905338,126,0,0,96,83,42.41863464072766
2025-01-07 03:00:00,2,0,0,18.4703532917926,322,1,0,48,263,74.43582609184107
2025-01-07 04:00:00,2,2,0,2.7294832716573527,419,1,1,14,368,22.564310687907437
2025-01-07 05:00:00,0,2,0,14.066474584185311,107,1,0,49,103,54.579067043818
2025-01-07 06:00:00,0,1,0,13.775540673830752,296,1,1,94,288,42.94004208144294
2025-01-07 07:00:00,0,2,2,19.061904400841318,482,0,0,67,324,67.51394535560068
2025-01-07 08:00:00,2,2,1,8.059485473829398,436,0,0,87,297,35.78597387211824
2025-01-07 09:00:00,1,0,0,6.803321424531084,145,0,0,15,134,74.11098930990826
2025-01-07 10:00:00,2,1,2,4.275475440059474,94,0,0,28,76,18.230541548375637
2025-01-07 11:00:00,2,2,1,6.040481791750579,340,0,0,77,242,34.8035982428571
2025-01-07 12:00:00,2,2,2,10.535924682347634,307,0,0,33,195,42.37993652409481
2025-01-07 13:00:00,2,1,1,16.916546277239565,352,0,1,99,276,46.56466057087313
2025-01-07 14:00:00,1,2,1,6.401445466132184,308,1,0,28,226,66.62840330878917
2025-01-07 15:00:00,1,0,1,3.997100216490421,295,0,0,68,233,58.90803371371597
2025-01-07 16:00:00,2,2,2,6.170440950409206,289,0,0,70,206,40.15677102477128
2025-01-07 17:00:00,1,0,1,2.917612525541207,462,0,0,41,314,55.32908960199685
2025-01-07 18:00:00,0,1,0,18.607212909851928,177,0,0,54,125,63.20785248308707
2025-01-07 19:00:00,1,2,0,17.579858888422695,251,0,0,44,187,76.08220719666802
2025-01-07 20:00:00,2,2,1,6.861342622717894,325,0,0,63,201,40.11355561250224
2025-01-07 21:00:00,0,2,1,5.692768502705474,467,1,1,11,423,44.29250631965158
2025-01-07 22:00:00,2,0,0,18.2025489672334,256,1,1,83,267,82.98132539505067
2025-01-07 23:00:00,1,1,2,1.0336670750981636,89,1,1,54,146,40.1960354241286
2025-01-08 00:00:00,2,0,2,12.410973031835589,414,1,1,42,383,71.79926240902054
2025-01-08 01:00:00,0,2,0,18.40407145796774,370,1,1,32,369,61.71252934974312
2025-01-08 02:00:00,2,1,2,10.662592289220704,395,0,1,45,371,40.80654475966159
2025-01-08 03:00:00,2,0,2,1.056372232393044,368,1,1,78,361,41.45270133262618
2025-01-08 04:00:00,0,2,1,5.158557158317958,105,0,1,94,85,47.01044420645514
2025-01-08 05:00:00,1,0,2,18.526390283946743,209,1,0,89,193,81.73679636613883
2025-01-08 06:00:00,0,1,0,1.3234260594167555,371,1,1,80,348,23.79638706253225
2025-01-08 07:00:00,1,0,2,8.500815555200827,145,1,1,18,212,65.35351482083996
2025-01-08 08:00:00,2,2,1,16.005149800326585,474,1,1,97,428,59.97704781584519
2025-01-08 09:00:00,0,1,0,16.923728880015062,462,1,1,58,417,50.851445443004685
2025-01-08 10:00:00,2,2,0,10.074550719944732,165,1,0,35,155,39.7546640961196
2025-01-08 11:00:00,2,1,0,5.417191282924198,261,0,1,36,229,16.37475304389375
2025-01-08 12:00:00,0,2,1,12.39438963603702,136,1,0,50,136,51.318220932654775
2025-01-08 13:00:00,0,1,0,6.011782599588729,356,1,1,92,389,33.19969416297282
2025-01-08 14:00:00,0,1,1,5.85002090192241,317,1,1,81,303,33.93743697779016
2025-01-08 15:00:00,0,1,1,16.34439550454325,93,1,0,15,89,51.732500466402826
2025-01-08 16:00:00,0,2,2,3.931050870635649,443,0,0,92,309,35.94739824705661
2025-01-08 17:00:00,2,2,0,1.1049080896378252,132,0,0,96,57,29.78935888364748
2025-01-08 18:00:00,2,2,2,7.398729123111133,260,1,1,75,241,52.98437924116557
2025-01-08 19:00:00,0,1,2,10.328505144905568,395,1,0,70,290,42.68841765898081
2025-01-08 20:00:00,2,2,1,14.39652744601115,58,0,0,76,22,48.7231932452586
2025-01-08 21:00:00,2,2,2,15.841189894481484,462,1,0,75,425,50.08207638451867
2025-01-08 22:00:00,2,1,2,13.606865011538972,206,1,0,86,164,40.98182919270813
2025-01-08 23:00:00,0,0,2,12.903668726021609,397,1,0,52,316,74.28395169731635
2025-01-09 00:00:00,2,2,0,13.649225724069266,238,0,0,34,152,48.327879140235886
2025-01-09 01:00:00,0,2,2,6.159003834040881,430,0,0,71,302,37.9913715729479
2025-01-09 02:00:00,0,1,1,8.264865136326788,369,0,1,22,338,31.58263720958561
2025-01-09 03:00:00,2,1,0,12.712293518991723,180,0,0,92,154,35.39381187074177
2025-01-09 04:00:00,0,0,1,2.245842546725484,264,1,1,33,262,52.84482706318387
2025-01-09 05:00:00,0,0,0,6.611181651289257,164,0,0,68,106,55.81427625319888
2025-01-09 06:00:00,0,1,0,8.721959950395409,172,1,1,86,222,40.71386983953637
2025-01-09 07:00:00,0,1,0,11.135372974224785,437,0,0,47,319,40.17228283815757
2025-01-09 08:00:00,2,2,1,10.24316003985826,488,0,0,17,340,37.88374418033453
2025-01-09 09:00:00,0,2,2,14.64450568492588,447,1,1,67,415,70.5746867652413
2025-01-09 10:00:00,2,0,0,9.99510683291276,407,1,1,39,351,57.65553044496468
2025-01-09 11:00:00,1,1,1,18.17846969267479,382,0,1,28,295,70.57888407974914
2025-01-09 12:00:00,1,2,0,8.22604850089593,461,0,0,39,312,55.72400363160248
2025-01-09 13:00:00,0,1,2,10.98206241734697,368,1,1,64,326,49.87752745640847
2025-01-09 14:00:00,2,1,0,1.0609974024385092,472,0,0,55,342,22.64021678921733
2025-01-09 15:00:00,2,1,1,6.899081172477598,413,0,0,47,248,38.22263890251369
2025-01-09 16:00:00,2,0,0,17.464886568965852,241,0,0,26,165,75.59734801546581
2025-01-09 17:00:00,2,2,1,7.337951497329539,493,0,0,89,339,36.378123999520525
2025-01-09 18:00:00,2,0,2,5.810540333316778,197,1,0,68,185,48.914377799449525
2025-01-09 19:00:00,0,1,2,11.32720228640221,77,1,0,46,88,46.84408706410327
2025-01-09 20:00:00,2,1,0,2.4958718703993767,173,0,0,64,131,13.437053131478889
2025-01-09 21:00:00,1,1,2,11.100497501357586,447,0,1,15,351,50.03903868291921
2025-01-09 22:00:00,2,1,1,6.769650166601578,126,1,0,75,109,25.21573015126373
2025-01-09 23:00:00,1,0,0,8.278954907613365,124,1,0,78,113,66.55571804895507
2025-01-10 00:00:00,1,1,1,16.03593508240575,407,0,0,51,280,61.466948052611
2025-01-10 01:00:00,0,1,0,13.577316353668248,235,1,1,92,242,55.35245177580111
2025-01-10 02:00:00,0,1,1,9.476015769353014,88,0,1,74,97,40.99432102325819
2025-01-10 03:00:00,2,1,0,11.97280994861385,283,0,1,98,207,39.84200812650495
2025-01-10 04:00:00,0,2,1,15.570316351084356,297,1,0,89,270,57.27431129596194
2025-01-10 05:00:00,2,2,1,15.169891158727577,491,1,0,19,388,62.36161904213034
2025-01-10 06:00:00,2,2,0,4.521112500472389,448,0,1,49,352,25.033656985368253
2025-01-10 07:00:00,0,2,1,6.7174652179848895,378,0,0,61,290,43.87004350527499
2025-01-10 08:00:00,2,1,2,7.61650168835448,180,0,1,33,149,31.19634136774224
2025-01-10 09:00:00,0,1,1,4.563303510095084,54,0,1,68,74,26.60677911948126
2025-01-10 10:00:00,2,2,0,1.2310676261197795,397,1,0,30,324,31.970241022579245
2025-01-10 11:00:00,2,2,2,4.305378106987432,475,1,1,61,415,35.658854682646044
2025-01-10 12:00:00,2,1,2,16.35664221454826,448,1,0,88,353,46.622922029206286
2025-01-10 13:00:00,2,1,1,11.372488576456952,308,1,1,14,291,38.562197653909216
2025-01-10 14:00:00,2,1,1,7.491502512756436,294,0,0,45,178,28.31789482901455
2025-01-10 15:00:00,2,1,1,12.55854446695983,468,0,1,31,360,46.98709146422959
2025-01-10 16:00:00,2,1,2,15.056848381589042,440,1,1,17,407,47.15827811005207
2025-01-10 17:00:00,1,1,2,7.73412787739639,399,0,0,61,285,48.73995056548138
2025-01-10 18:00:00,2,2,2,9.855421989164515,457,0,1,10,350,40.42698907772133
2025-01-10 19:00:00,0,1,0,2.220051116732196,464,1,1,93,373,23.735757841797117
2025-01-10 20:00:00,2,1,0,12.344720188037105,127,0,1,37,138,34.17683607867126
2025-01-10 21:00:00,1,0,1,7.771734815491508,385,0,0,40,256,74.71992180897779
2025-01-10 22:00:00,2,2,0,9.236949304414964,164,0,1,62,162,38.78042963804229
2025-01-10 23:00:00,2,0,0,9.02941174099157,53,1,0,33,87,60.7278034158925
2025-01-11 00:00:00,0,1,1,13.015776486108312,180,0,1,54,211,49.56874779120768
2025-01-11 01:00:00,2,2,1,11.876841630135136,276,1,1,16,272,47.89099487185384
2025-01-11 02:00:00,0,1,2,9.020014907754792,177,1,1,11,205,33.593429170960455
2025-01-11 03:00:00,2,2,2,1.3221454083238453,58,0,0,82,34,26.307968618839
2025-01-11 04:00:00,1,1,1,12.798289677996204,373,1,1,72,368,51.85478051621052
2025-01-11 05:00:00,2,1,1,17.711972006652214,167,1,0,92,162,39.703595289210334
2025-01-11 06:00:00,2,0,0,15.621479860284056,393,0,1,50,324,80.29586054140114
2025-01-11 07:00:00,0,2,0,19.65069701275156,237,1,0,98,214,67.50455111431603
2025-01-11 08:00:00,2,0,0,3.642431422393554,188,0,1,32,148,46.74418619860605
2025-01-11 09:00:00,1,1,1,5.22788100296922,469,1,1,59,421,35.176362187551526
2025-01-11 10:00:00,2,1,1,11.246081839217602,174,1,1,83,236,35.67219809411368
2025-01-11 11:00:00,0,2,2,5.481752344532323,272,0,1,96,241,32.89413787608236
2025-01-11 12:00:00,2,2,0,1.656445844352107,377,1,0,42,305,25.69667727013642
2025-01-11 13:00:00,1,2,2,8.643477247114976,435,0,1,52,354,54.05345657108678
2025-01-11 14:00:00,0,0,1,6.465249948925668,355,0,0,92,279,48.82082774383371
2025-01-11 15:00:00,2,1,0,6.011456067518774,308,1,0,64,294,29.44537580430185
2025-01-11 16:00:00,2,2,2,19.110283523460723,116,0,0,60,73,65.11444386354997
2025-01-11 17:00:00,2,1,1,5.530628209043542,134,0,1,46,141,20.67229665535809
2025-01-11 18:00:00,1,1,2,3.4592188525605585,420,1,0,72,318,38.77082707401635
2025-01-11 19:00:00,2,2,0,3.381065900249172,111,1,0,76,136,33.70136712241815
2025-01-11 20:00:00,2,2,2,16.320157396282056,63,0,0,54,53,52.93522915497415
2025-01-11 21:00:00,2,1,2,14.582113416008063,171,0,0,80,77,48.71448331052419
2025-01-11 22:00:00,2,1,1,3.460237715774182,328,0,0,58,235,17.33395506036597
2025-01-11 23:00:00,0,2,0,5.17530925835494,172,0,1,10,160,53.72873582136902
2025-01-12 00:00:00,1,2,2,15.199517160427076,126,0,1,63,139,79.15341981721751
2025-01-12 01:00:00,0,1,1,6.217711558857668,321,0,1,45,247,30.82416978856176
2025-01-12 02:00:00,1,1,0,19.64929942798969,195,1,1,74,214,71.60965421700408
2025-01-12 03:00:00,0,1,1,11.270831265797266,318,0,1,50,255,42.57319972469188
2025-01-12 04:00:00,2,0,0,4.648151437791676,430,0,0,59,298,48.44894772336676
2025-01-12 05:00:00,2,0,1,17.31736063574193,105,1,1,58,155,71.76484841272703
2025-01-12 06:00:00,0,2,1,7.070035372047467,267,0,1,92,240,43.65486246672518
2025-01-12 07:00:00,1,0,1,6.487339746223179,222,1,0,56,173,67.98328111846627
2025-01-12 08:00:00,1,2,2,7.2213834355784705,89,1,1,19,131,51.28059731732771
2025-01-12 09:00:00,2,1,2,15.595747716237716,408,0,1,53,336,44.52311411863133
2025-01-12 10:00:00,2,1,1,4.291046044603014,208,0,0,53,124,20.965210170795707
2025-01-12 11:00:00,2,0,0,8.253929824957822,409,0,1,13,321,65.33003504712183
2025-01-12 12:00:00,1,2,1,1.5858226829037982,81,1,1,73,148,50.01750262244136
2025-01-12 13:00:00,1,0,2,16.705905729642545,297,1,1,29,328,96.60997475342305
2025-01-12 14:00:00,0,0,0,7.4736565598331,178,1,1,63,194,58.32773710649404
2025-01-12 15:00:00,2,2,2,5.715285476359114,340,0,0,88,202,35.93469702443751
2025-01-12 16:00:00,0,1,1,12.017971605134486,85,1,1,50,141,43.32949827663685
2025-01-12 17:00:00,2,1,2,14.394845791276133,397,1,1,39,363,35.081320481712886
2025-01-12 18:00:00,2,1,2,16.44502470647592,115,0,1,80,162,38.95184306282434
2025-01-12 19:00:00,0,1,2,7.60791396448229,334,1,0,50,281,29.991947908650623
2025-01-12 20:00:00,2,2,1,16.433716152832325,476,1,1,91,424,56.29001521040464
2025-01-12 21:00:00,2,1,2,9.832739007057706,206,1,1,17,240,31.900071218529646
2025-01-12 22:00:00,1,1,1,2.9217030833592736,92,1,1,94,146,42.1230990326058
2025-01-12 23:00:00,0,2,1,17.079842171599807,324,0,1,80,252,65.70242769788865
2025-01-13 00:00:00,2,1,2,11.405060859987673,170,1,0,78,184,41.42119393890946
2025-01-13 01:00:00,0,2,0,12.446921867000324,241,1,0,41,199,60.22817417337472
2025-01-13 02:00:00,2,2,2,18.81233412419997,403,0,0,89,303,67.30139067300713
2025-01-13 03:00:00,0,2,2,11.62387821384585,80,1,0,49,90,56.41087321509573
2025-01-13 04:00:00,0,0,2,1.106087082881791,406,0,0,71,301,51.304189726375945
2025-01-13 05:00:00,0,1,0,17.54170097905895,68,0,0,99,66,51.70035022666087
2025-01-13 06:00:00,0,1,0,6.410270526145739,334,1,1,36,312,34.59856624488648
2025-01-13 07:00:00,2,0,1,10.533571494896073,122,1,1,48,172,70.13301325372875
2025-01-13 08:00:00,2,2,0,4.892845448666984,440,1,1,42,404,43.75019569336247
2025-01-13 09:00:00,2,2,0,6.642687800644495,491,0,1,75,410,40.622554186873046
2025-01-13 10:00:00,2,1,2,14.046328113273644,125,1,0,88,101,44.11566239219581
2025-01-13 11:00:00,0,0,1,9.161893669720364,237,1,1,80,293,61.13312394106544
2025-01-13 12:00:00,2,0,1,12.915481981046357,228,0,0,93,147,59.95169635581439
2025-01-13 13:00:00,2,2,0,16.647938134946067,387,1,0,22,296,54.9316416597224
2025-01-13 14:00:00,2,1,0,7.475618421540558,355,0,1,38,326,39.52947646655922
2025-01-13 15:00:00,1,0,2,11.798460728194778,454,0,0,77,304,74.06811149137926
2025-01-13 16:00:00,2,2,0,15.77416997408959,186,0,1,92,192,51.47850969480622
2025-01-13 17:00:00,0,2,0,14.587340662618118,211,1,0,19,168,49.032306929616645
2025-01-13 18:00:00,2,1,1,11.257025283655167,339,0,0,85,248,33.36712980550129
2025-01-13 19:00:00,2,2,0,8.284286703819747,96,1,0,67,93,50.01261890084898
2025-01-13 20:00:00,2,1,2,8.742537643427333,73,1,1,95,138,35.696674179147266
2025-01-13 21:00:00,0,1,1,9.229569027929044,385,1,1,36,377,44.62806450177236
2025-01-13 22:00:00,0,2,1,7.628065049976885,333,0,1,67,256,50.59432167412631
2025-01-13 23:00:00,1,1,0,14.28243706290426,223,0,0,90,172,66.23359343886369
2025-01-14 00:00:00,2,2,2,3.382889793164765,356,0,0,79,246,33.55391853313372
2025-01-14 01:00:00,2,2,1,19.381628293628257,416,0,0,54,306,60.0691998152471
2025-01-14 02:00:00,1,1,2,15.800724537459264,311,1,0,59,223,69.12845073210742
2025-01-14 03:00:00,2,2,2,6.665097991168703,279,0,1,57,244,47.67821519797443
2025-01-14 04:00:00,0,0,0,1.808403816142077,240,0,1,52,206,49.38853058286234
2025-01-14 05:00:00,0,1,2,14.514760275199595,167,0,1,23,153,49.18539295996947
2025-01-14 06:00:00,2,2,1,14.95282185442683,102,0,0,53,48,50.21902233551657
2025-01-14 07:00:00,0,1,0,19.308829600023955,241,1,1,37,257,57.85695458873298
2025-01-14 08:00:00,2,2,1,5.820405593928135,485,1,0,70,348,30.679592852116198
2025-01-14 09:00:00,2,1,2,2.5717767138802525,109,0,0,47,47,20.362779574818955
2025-01-14 10:00:00,2,1,2,18.38756039665022,474,1,0,80,333,48.71351579983091
2025-01-14 11:00:00,1,1,0,5.914331657642729,60,0,1,84,59,45.57480743387108
2025-01-14 12:00:00,2,0,0,14.709097499153756,309,0,0,42,199,64.3302990433912
2025-01-14 13:00:00,0,2,1,2.1525331187258803,319,0,0,76,195,32.55119664809827
2025-01-14 14:00:00,1,2,1,15.451111294547172,190,0,1,31,164,68.3007393957117
2025-01-14 15:00:00,0,1,2,3.413492045605668,192,1,0,22,152,13.650283190509263
2025-01-14 16:00:00,0,2,0,14.216140612790468,162,0,0,15,98,54.61626055449336
2025-01-14 17:00:00,2,1,2,11.11451790921469,313,0,1,73,263,32.76420569878416
2025-01-14 18:00:00,2,1,2,19.154274478877948,393,1,0,63,303,45.59923401004773
2025-01-14 19:00:00,2,2,1,1.7014352184695174,60,0,0,52,51,31.88408094221453
2025-01-14 20:00:00,0,1,1,6.548926170201105,417,0,1,64,321,20.68487569489597
2025-01-14 21:00:00,1,1,1,2.320669429350632,148,1,0,37,158,21.27871339885193
2025-01-14 22:00:00,1,2,0,17.70475506955466,72,1,0,67,50,76.63539826746317
2025-01-14 23:00:00,1,0,1,12.284121919561048,288,1,1,24,293,80.5806832919885
2025-01-15 00:00:00,1,1,0,11.16442263480008,158,1,0,33,121,49.95455035367757
2025-01-15 01:00:00,2,1,2,3.4976999502098853,312,0,0,99,188,24.6274404116913
2025-01-15 02:00:00,0,1,0,10.291612888947968,374,0,0,71,265,43.92631224351805
2025-01-15 03:00:00,1,0,1,8.575369448340492,209,0,0,74,142,76.81522114928036
2025-01-15 04:00:00,2,0,0,6.999285494641441,269,0,1,35,267,47.65148914012087
2025-01-15 05:00:00,1,2,0,15.671590154473291,221,1,1,70,228,72.43240090325506
2025-01-15 06:00:00,2,0,1,2.1642447568354504,436,1,1,96,378,42.49348979643424
2025-01-15 07:00:00,0,2,1,13.287028819881831,143,0,1,10,123,59.57648507219604
2025-01-15 08:00:00,0,0,2,16.636867592842023,171,1,1,91,205,86.17359012290137
2025-01-15 09:00:00,1,1,0,18.23883837434616,349,1,0,90,303,66.75800108602809
2025-01-15 10:00:00,2,1,2,15.172415300352792,246,0,0,55,145,46.91875189351038
2025-01-15 11:00:00,0,2,2,6.366657898306095,100,0,0,10,48,43.95767958365111
2025-01-15 12:00:00,0,1,0,12.409641749950366,366,1,0,60,292,40.2256395367239
2025-01-15 13:00:00,2,2,2,3.6866686073727504,356,1,1,45,357,30.163578934011284
2025-01-15 14:00:00,0,1,0,3.224151851150744,466,1,0,78,358,27.702938518975223
2025-01-15 15:00:00,0,2,2,13.133858700631777,69,0,1,78,112,60.71769286015688
2025-01-15 16:00:00,0,1,2,17.171045437099853,79,0,0,75,55,61.40541960153456
2025-01-15 17:00:00,2,1,0,2.2777143882927597,426,1,1,84,396,29.25247310603043
2025-01-15 18:00:00,2,0,1,3.014070910532676,349,1,0,39,278,45.40977138312154
2025-01-15 19:00:00,0,0,0,11.746538841157784,135,0,1,17,120,68.7214331239885
2025-01-15 20:00:00,2,0,1,5.146025359367464,279,1,1,11,299,47.56644306063059
2025-01-15 21:00:00,2,2,0,12.624544332775308,206,1,1,34,240,50.89599406885862
2025-01-15 22:00:00,1,2,0,5.076332679851458,454,1,0,28,361,48.864340490003485
2025-01-15 23:00:00,0,2,1,3.2131575118151297,230,1,0,80,180,38.94823182186906
2025-01-16 00:00:00,0,1,1,11.36592466113172,161,0,1,23,122,39.376700132727606
2025-01-16 01:00:00,2,1,0,17.381707622619757,188,0,1,13,189,37.17087487440585
2025-01-16 02:00:00,2,1,0,14.01731747086007,59,1,0,55,48,34.31021270795353
2025-01-16 03:00:00,2,0,0,16.55577761318333,340,0,1,42,272,67.84926817618538
2025-01-16 04:00:00,2,1,1,6.060368313410917,459,0,0,46,327,35.0286483540465
2025-01-16 05:00:00,0,0,0,17.83359437464349,428,1,1,39,351,85.66100118524106
2025-01-16 06:00:00,0,2,1,8.163744316949142,419,0,0,93,292,46.62645023456324
2025-01-16 07:00:00,2,2,2,17.196505689282876,477,1,1,87,409,59.79554016292074
2025-01-16 08:00:00,2,1,1,9.952336212825797,287,1,1,36,282,30.46581631776712
2025-01-16 09:00:00,2,1,2,6.089295299849428,181,0,1,22,136,23.961135251032623
2025-01-16 10:00:00,2,0,0,5.9449177895090655,379,1,1,80,348,50.92255436213237
2025-01-16 11:00:00,2,1,0,11.785689802928404,234,0,0,91,183,33.70812925939816
2025-01-16 12:00:00,1,1,1,2.50119513393007,344,1,0,47,274,45.77966492507423
2025-01-16 13:00:00,0,1,2,18.671067697181662,257,1,0,61,256,65.08627519115464
2025-01-16 14:00:00,0,1,0,6.157806418272178,299,1,0,82,223,40.97190909166552
2025-01-16 15:00:00,2,1,0,7.37687153907125,474,0,1,96,422,25.86580433229153
2025-01-16 16:00:00,1,2,2,5.432729521083422,399,1,0,75,334,51.54008819890058
2025-01-16 17:00:00,0,2,0,1.0571512506537064,372,0,0,49,292,41.445151469016565
2025-01-16 18:00:00,0,2,0,14.158454499367158,138,1,0,47,170,51.48748528662337
2025-01-16 19:00:00,2,1,1,12.220505119650246,407,1,1,50,384,40.59815428667742
2025-01-16 20:00:00,1,0,0,16.383246263745196,411,1,0,14,297,83.85860936377007
2025-01-16 21:00:00,1,2,2,1.779204695568629,85,1,0,73,102,44.05475071666135
2025-01-16 22:00:00,1,1,0,18.644457249933087,53,1,0,65,37,76.87240867026051
2025-01-16 23:00:00,2,1,1,7.286851861146946,283,0,0,96,217,34.3141750899529
2025-01-17 00:00:00,2,1,0,18.348327387610084,379,1,1,58,396,51.45274673520919
2025-01-17 01:00:00,2,2,2,3.035498159283251,318,1,0,68,270,32.63726901197085
2025-01-17 02:00:00,2,2,0,15.13449104792318,119,0,1,48,121,40.02388225334019
2025-01-17 03:00:00,1,0,2,12.007806397214203,56,1,0,89,97,77.65205683040445
2025-01-17 04:00:00,2,1,1,7.805633089799096,205,0,1,64,209,28.52459689635476
2025-01-17 05:00:00,2,2,0,2.503705522727367,492,0,1,84,400,28.771743751972657
2025-01-17 06:00:00,2,1,0,12.48999368708807,427,0,0,87,308,36.90935605407543
2025-01-17 07:00:00,2,1,1,1.502357778404349,342,0,0,73,222,19.013653285479336
2025-01-17 08:00:00,2,2,2,10.524359883774142,448,0,0,12,318,44.95755927273359
2025-01-17 09:00:00,0,1,2,12.479962940079444,335,0,1,17,296,44.80386485683797
2025-01-17 10:00:00,0,2,0,14.917951198462918,409,0,1,88,330,60.60234987572712
2025-01-17 11:00:00,2,2,2,19.835358050272077,123,0,0,82,76,66.38074188047027
2025-01-17 12:00:00,2,0,2,5.941780556647533,61,0,1,25,92,48.21979520783322
2025-01-17 13:00:00,2,1,0,7.125406606096026,386,0,0,35,273,24.719276386839123
2025-01-17 14:00:00,2,0,2,7.481761589370848,161,0,0,41,113,56.04574730353622
2025-01-17 15:00:00,0,0,2,14.900071525317866,79,0,0,91,60,64.71670732901757
2025-01-17 16:00:00,0,0,0,18.704566096866163,434,1,0,17,343,79.10113433542291
2025-01-17 17:00:00,0,2,0,19.51215124204961,85,1,0,69,106,70.05387579845465
2025-01-17 18:00:00,0,0,2,18.97041596460445,428,1,1,83,402,80.05943980114274
2025-01-17 19:00:00,2,2,0,17.708277146589623,393,0,1,21,321,61.50223132207157
2025-01-17 20:00:00,1,1,2,19.82857010259199,279,0,0,85,192,69.62899645182684
2025-01-17 21:00:00,1,2,2,8.142968809855441,326,1,1,68,311,60.63304378791967
2025-01-17 22:00:00,1,2,2,19.01810507997542,155,0,1,68,141,78.97794959617468
2025-01-17 23:00:00,2,0,2,15.45937928552232,337,0,1,83,283,73.78621310821087
2025-01-18 00:00:00,1,2,0,4.200737331031587,299,1,0,43,202,55.157793076873794
2025-01-18 01:00:00,1,1,0,1.863838569666844,112,0,0,39,84,31.367373716772786
2025-01-18 02:00:00,1,2,1,5.075195199536123,446,1,0,53,388,50.852827875290096
2025-01-18 03:00:00,2,0,0,15.796271361464896,470,1,1,47,406,68.10632029184899
2025-01-18 04:00:00,0,1,1,13.0022407432918,93,0,1,34,139,49.419846562819984
2025-01-18 05:00:00,1,1,2,5.262768889587019,198,0,0,33,140,38.11067822512403
2025-01-18 06:00:00,0,2,0,15.096507634955826,451,0,1,70,342,61.20340594203734
2025-01-18 07:00:00,0,1,2,3.6851225493258566,95,1,1,18,133,31.988252243795586
2025-01-18 08:00:00,1,1,1,16.614986483315196,224,0,0,98,163,59.86091699598953
2025-01-18 09:00:00,2,1,0,16.08905854344391,203,0,1,93,179,39.92207740847627
2025-01-18 10:00:00,0,0,0,19.47894344341492,310,0,1,57,302,78.03951633618081
2025-01-18 11:00:00,2,1,0,3.855311727957045,182,1,1,90,211,32.24985605148088
2025-01-18 12:00:00,1,2,0,18.225646893877407,336,0,0,61,206,73.4603894491825
2025-01-18 13:00:00,2,2,2,7.480950610714932,205,0,0,79,136,46.28521057924768
2025-01-18 14:00:00,0,0,0,8.905137431110921,382,1,1,73,322,55.92125661295966
2025-01-18 15:00:00,0,0,1,9.90045619484862,290,0,1,45,208,64.92224090457182
2025-01-18 16:00:00,0,2,0,12.911177010848562,380,0,1,29,313,59.60957381271703
2025-01-18 17:00:00,0,0,1,19.90050403224281,176,1,1,99,209,86.85205673508332
2025-01-18 18:00:00,1,1,1,12.39921725804943,242,0,1,59,229,57.02146986827533
2025-01-18 19:00:00,1,2,2,18.607601435767737,318,0,1,21,266,76.5631516093221
2025-01-18 20:00:00,2,2,0,5.845535839609736,171,0,1,16,210,28.78560424616424
2025-01-18 21:00:00,2,1,1,8.569821574487843,195,1,1,49,229,22.978850922836205
2025-01-18 22:00:00,2,2,0,10.585491059333036,201,1,0,95,205,47.52416180511557
2025-01-18 23:00:00,2,1,2,7.135137805946744,206,1,0,51,188,30.295680372614623
2025-01-19 00:00:00,0,0,2,19.56047495632227,205,1,1,95,246,89.04300759304394
2025-01-19 01:00:00,1,1,0,14.787987524047317,151,0,1,97,170,52.5905093659154
2025-01-19 02:00:00,1,2,1,10.098745691468642,478,1,1,76,441,53.753616049290144
2025-01-19 03:00:00,2,1,2,15.274789322986084,422,0,0,59,288,46.58116289253442
2025-01-19 04:00:00,2,1,1,9.881407482570374,389,0,1,50,346,31.57895707536576
2025-01-19 05:00:00,0,0,1,1.3272812199905948,301,0,1,33,233,46.0712357641661
2025-01-19 06:00:00,0,2,0,11.320674748396383,316,0,1,99,308,45.96052700333328
2025-01-19 07:00:00,2,0,2,12.878519156462833,356,1,0,78,270,67.53891179588379
2025-01-19 08:00:00,1,1,0,19.642940955652676,108,0,0,22,61,68.1526094852378
2025-01-19 09:00:00,1,1,0,1.775064116951736,389,1,1,95,333,35.04510116169814
2025-01-19 10:00:00,2,2,0,10.729842191647544,154,1,1,43,194,50.72076269254291
2025-01-19 11:00:00,1,2,1,2.864940377458874,318,1,1,12,319,39.47430880074032
2025-01-19 12:00:00,2,1,0,3.830922129848248,96,0,0,97,81,24.10536054814228
2025-01-19 13:00:00,0,2,2,12.598803440401046,137,1,0,82,140,50.32864076576017
2025-01-19 14:00:00,2,1,1,5.399786533063449,220,0,1,12,242,30.49258211711973
2025-01-19 15:00:00,2,1,0,15.234308114605469,201,0,1,95,186,38.12788237561176
2025-01-19 16:00:00,1,1,2,10.769775159310182,225,1,0,33,203,49.27852002142211
2025-01-19 17:00:00,2,2,0,5.146044818149007,368,0,0,83,290,41.669201202491024
2025-01-19 18:00:00,0,2,0,10.382041874420237,194,1,0,44,199,44.68672845882082
2025-01-19 19:00:00,2,2,0,1.0167528112542936,374,0,1,29,302,20.966368828238
2025-01-19 20:00:00,2,2,1,17.392060829498977,359,0,0,53,231,65.81183575693046
2025-01-19 21:00:00,2,1,0,1.2408891640594932,271,0,0,85,192,14.456962377779838
2025-01-19 22:00:00,2,0,2,1.1331879573514685,447,0,0,57,305,50.77419651197495
2025-01-19 23:00:00,0,0,0,12.618574920413296,64,1,1,52,148,67.47102317142962
2025-01-20 00:00:00,2,2,0,19.49689759001157,187,1,1,85,191,65.1506363312793
2025-01-20 01:00:00,0,1,1,17.262736202725595,299,1,1,90,298,62.96403159282553
2025-01-20 02:00:00,0,2,0,5.788359339199581,199,0,0,77,117,30.668440783194264
2025-01-20 03:00:00,0,2,2,4.736669411806028,400,0,0,81,279,35.46371259927972
2025-01-20 04:00:00,2,0,2,12.896131432035652,318,0,1,80,290,66.79567139137896
2025-01-20 05:00:00,1,0,0,16.63011719341947,130,1,0,64,184,99.01319783342826
2025-01-20 06:00:00,2,0,2,7.879494747100566,114,1,1,91,174,57.20856095567373
2025-01-20 07:00:00,2,1,2,9.21473721697444,191,1,0,35,199,24.251386615304845
2025-01-20 08:00:00,2,0,0,3.1943007598772724,349,1,1,40,316,49.25221739952468
2025-01-20 09:00:00,2,2,2,3.903702003851824,472,1,1,63,372,42.96427024539125
2025-01-20 10:00:00,2,0,2,11.798680305494395,468,0,1,65,399,59.601435154048566
2025-01-20 11:00:00,0,2,0,2.950466769220302,296,1,0,65,254,39.90424154563407
2025-01-20 12:00:00,2,1,1,4.838876371122119,422,0,1,62,340,28.54474856435719
2025-01-20 13:00:00,2,2,1,5.458863456225798,242,1,1,81,246,39.68244762943532
2025-01-20 14:00:00,0,1,0,9.434566131058975,332,0,0,70,240,47.16063987528952
2025-01-20 15:00:00,2,1,1,1.866627318349088,303,0,0,43,170,25.442338584067667
2025-01-20 16:00:00,2,0,1,10.495648462165834,222,1,0,55,171,58.9847559128293
2025-01-20 17:00:00,2,1,1,18.644813721487548,362,0,0,89,240,46.97493289366787
2025-01-20 18:00:00,0,1,1,1.4648095612623795,327,0,1,93,287,19.17023913310501
2025-01-20 19:00:00,2,1,0,12.98871243894184,339,0,1,83,296,41.76151897570215
2025-01-20 20:00:00,2,2,1,16.881004937879304,442,0,1,59,373,62.69842068965201
2025-01-20 21:00:00,0,0,1,6.936756008434366,355,0,0,78,245,57.95544585629685
2025-01-20 22:00:00,0,1,0,3.4988523553652726,359,0,1,20,315,34.52646059874405
2025-01-20 23:00:00,0,1,0,1.8234559645759976,235,0,0,95,138,19.77854459516616
2025-01-21 00:00:00,1,0,1,13.234158129280248,405,0,1,84,323,86.47081871478596
2025-01-21 01:00:00,2,0,2,11.492453224352298,273,0,0,27,171,71.44084630822772
2025-01-21 02:00:00,2,1,0,5.356604779447954,111,1,0,91,127,27.634713743257265
2025-01-21 03:00:00,2,2,0,16.800728845003214,471,1,0,40,359,56.22992368294333
2025-01-21 04:00:00,2,2,1,14.974620690894524,133,0,0,93,104,58.152108379584455
2025-01-21 05:00:00,2,2,2,6.25214691474888,76,1,0,71,100,38.51995350159472
2025-01-21 06:00:00,2,2,0,15.313897434428045,430,0,1,32,348,64.21702052958918
2025-01-21 07:00:00,0,0,0,5.654890056514678,369,1,0,62,282,45.76869744011635
2025-01-21 08:00:00,0,1,0,13.830081775460856,180,1,0,71,171,42.013596426715885
2025-01-21 09:00:00,2,1,2,3.252355780403709,176,1,1,83,210,23.67125280471696
2025-01-21 10:00:00,0,1,0,14.152549803330936,60,1,0,26,98,46.15445279864482
2025-01-21 11:00:00,2,2,0,5.536713960662945,329,1,1,50,284,32.9602375960979
2025-01-21 12:00:00,2,0,2,11.876917730592568,334,0,1,17,285,62.45535684510057
2025-01-21 13:00:00,0,2,0,4.276813470185768,246,0,0,40,163,26.492908685769017
2025-01-21 14:00:00,2,1,2,14.793372003791092,274,0,1,58,229,51.81668726716839
2025-01-21 15:00:00,2,2,2,2.156711913467982,313,0,0,66,248,28.432697858135832
2025-01-21 16:00:00,2,2,2,4.142937949251657,324,0,0,57,215,31.59553455441582
2025-01-21 17:00:00,1,0,1,4.498593117545893,117,0,0,62,37,59.280848899182736
2025-01-21 18:00:00,0,2,0,1.7855281312259723,282,1,1,71,298,42.81867169855487
2025-01-21 19:00:00,2,2,0,15.155237807044667,148,0,0,99,124,47.111679898966585
2025-01-21 20:00:00,1,2,0,19.638097590058724,271,0,1,59,248,67.70056443632632
2025-01-21 21:00:00,0,2,2,15.789557979821966,173,1,0,64,121,58.610421002204326
2025-01-21 22:00:00,0,2,1,17.352007280325516,353,1,0,18,286,64.06689594120489
2025-01-21 23:00:00,1,1,2,1.1141455464272658,473,1,0,41,352,31.525094604231494
2025-01-22 00:00:00,2,0,0,3.239529311717272,151,1,0,96,175,42.02250951575017
2025-01-22 01:00:00,2,2,2,11.621386446602385,449,0,1,66,355,41.24052333556141
2025-01-22 02:00:00,0,2,1,19.57950881108918,369,0,0,14,264,71.56284344560328
2025-01-22 03:00:00,0,0,0,13.553545689915868,313,1,0,74,264,64.38855144951658
2025-01-22 04:00:00,0,0,2,8.108597181023477,414,0,0,59,307,58.57014976500605
2025-01-22 05:00:00,0,0,1,3.776836804147725,438,0,0,72,336,53.12558843777091
2025-01-22 06:00:00,1,0,2,3.903878193270365,279,0,0,67,193,60.5038255490489
2025-01-22 07:00:00,1,1,2,7.892310844018891,172,1,0,66,137,56.41595187556925
2025-01-22 08:00:00,1,2,0,14.562393749536138,276,1,1,18,315,73.91747013703143
2025-01-22 09:00:00,1,2,1,1.6045665294733025,277,1,1,35,274,43.78225286567472
2025-01-22 10:00:00,1,1,2,17.191374237771132,202,0,1,72,204,62.52582281148587
2025-01-22 11:00:00,2,0,1,18.88947727810631,358,1,0,75,282,71.624944492403
2025-01-22 12:00:00,2,2,0,17.887512750085794,354,1,0,43,286,73.6139729570505
2025-01-22 13:00:00,2,2,0,18.347511278540967,377,1,0,90,273,59.596803359455656
2025-01-22 14:00:00,1,0,0,1.2914463089470112,198,0,1,15,185,53.59311328351491
2025-01-22 15:00:00,0,1,1,19.57805400304802,356,1,1,71,348,61.06840339469064
2025-01-22 16:00:00,0,2,1,7.960785182916628,479,1,0,94,357,41.89984462308677
2025-01-22 17:00:00,2,2,2,17.51634124893832,58,0,1,84,115,63.62217322172966
2025-01-22 18:00:00,2,1,1,4.549368543292669,369,0,1,50,339,25.64996998901001
2025-01-22 19:00:00,0,1,0,9.4839891105825,273,0,0,63,192,32.13793773183976
2025-01-22 20:00:00,2,0,2,1.8391233838555563,72,0,0,45,58,48.49552517614028
2025-01-22 21:00:00,2,2,1,1.7614439400137178,493,0,1,93,402,33.0631532964082
2025-01-22 22:00:00,2,0,0,18.92224591462313,492,1,1,93,425,78.3461510359935
2025-01-22 23:00:00,2,2,0,16.401525638051744,441,1,0,11,334,56.59664512578409
2025-01-23 00:00:00,0,1,2,11.066694843862074,241,1,1,36,242,32.20307448244843
2025-01-23 01:00:00,2,1,0,10.98370529772622,276,0,1,27,219,36.7731768076083
2025-01-23 02:00:00,0,1,1,15.22633775104754,103,0,0,86,60,45.006776772090205
2025-01-23 03:00:00,2,0,0,7.491706849839312,141,0,0,91,118,59.12330916582744
2025-01-23 04:00:00,1,1,2,15.47551624137709,64,0,1,20,85,67.07881372053143
2025-01-23 05:00:00,2,0,0,10.215159219872175,357,0,1,87,310,68.35369798652131
2025-01-23 06:00:00,0,0,0,13.120430655317833,228,1,0,53,209,75.58837579041928
2025-01-23 07:00:00,0,0,1,19.33175955195981,53,1,0,13,79,95.7142216666352
2025-01-23 08:00:00,2,2,1,9.95499559288497,467,1,0,86,372,40.65392750287248
2025-01-23 09:00:00,1,0,1,8.949688535182553,150,0,1,92,131,69.66131109919954
2025-01-23 10:00:00,0,1,1,18.20923430488581,457,1,1,52,411,58.1055324212326
2025-01-23 11:00:00,2,1,0,18.14902940341053,454,0,0,48,305,50.87942042617613
2025-01-23 12:00:00,2,1,1,19.85595533578034,179,0,1,68,199,52.131368684292354
2025-01-23 13:00:00,1,0,0,11.466396986857877,56,1,1,34,138,84.34940828676997
2025-01-23 14:00:00,0,1,1,7.540969279505453,233,0,0,88,179,29.353046407041504
2025-01-23 15:00:00,2,2,1,5.567411200376369,380,1,1,93,352,40.93495737669686
2025-01-23 16:00:00,2,1,1,1.647830782081574,381,0,1,90,301,20.320909000417515
2025-01-23 17:00:00,1,1,0,14.807843860006823,84,0,1,64,104,52.69530707566476
2025-01-23 18:00:00,0,1,1,5.436047300973487,281,1,1,74,255,32.43924105758893
2025-01-23 19:00:00,0,0,0,12.526176819287487,203,0,0,92,124,61.83229588901267
2025-01-23 20:00:00,2,2,1,18.415254941923514,451,1,1,34,378,61.32561711602575
2025-01-23 21:00:00,0,0,1,19.05405854049601,113,1,0,46,114,82.98509849138631
2025-01-23 22:00:00,2,2,2,1.083792545625896,296,1,1,84,314,27.44993875189517
2025-01-23 23:00:00,2,0,1,7.024425596150771,427,1,1,89,383,56.90354879732429
2025-01-24 00:00:00,0,2,0,16.91018255983931,105,1,0,91,91,59.38921891258556
2025-01-24 01:00:00,1,2,2,11.19245890167917,278,1,1,63,295,54.80821460456818
2025-01-24 02:00:00,2,2,0,16.342665936160905,360,1,1,82,306,56.64595455579817
2025-01-24 03:00:00,2,2,0,17.21314237392082,445,1,1,37,377,52.54552897303131
2025-01-24 04:00:00,0,0,2,9.409898178885133,302,1,1,61,306,60.5615594738755
2025-01-24 05:00:00,0,2,1,7.820675822470925,342,0,1,73,311,43.74018843519323
2025-01-24 06:00:00,1,0,2,9.653232054959984,101,0,1,47,116,73.38759162912417
2025-01-24 07:00:00,0,2,0,13.40310884986106,452,0,1,53,329,55.21692803861936
2025-01-24 08:00:00,2,1,1,7.976023904849548,64,1,0,96,86,30.29060787445168
2025-01-24 09:00:00,1,2,2,15.724777485257302,432,0,0,71,340,77.19633444782392
2025-01-24 10:00:00,0,1,0,18.175863080015425,391,0,0,95,293,59.95373290799085
2025-01-24 11:00:00,1,2,1,6.363912841015804,389,0,1,77,311,49.96481517225791
2025-01-24 12:00:00,0,2,0,19.33480323931055,412,1,0,97,322,71.8492960646593
2025-01-24 13:00:00,1,0,1,12.831779687780902,229,0,1,47,221,87.56559867578459
2025-01-24 14:00:00,2,1,1,17.68520665317508,126,1,1,59,188,55.22054706112026
2025-01-24 15:00:00,2,1,2,2.974412270170004,264,0,0,70,150,16.99948317377161
2025-01-24 16:00:00,1,1,1,5.778483604068535,272,1,1,37,282,39.615043206156486
2025-01-24 17:00:00,2,1,0,7.099362509219253,203,1,0,79,209,31.839754149444943
2025-01-24 18:00:00,2,0,1,6.753620872315752,94,0,0,40,62,51.68118152240876
2025-01-24 19:00:00,0,0,0,4.265361975372105,401,1,0,66,314,64.94981758989492
2025-01-24 20:00:00,1,2,1,17.495818002971813,70,1,0,19,123,83.95389865476561
2025-01-24 21:00:00,2,0,1,8.953630684501451,130,0,1,21,141,54.49104395339818
2025-01-24 22:00:00,1,1,2,19.299474036868972,102,0,0,16,86,68.58602258782146
2025-01-24 23:00:00,0,1,1,12.085974969012796,206,1,0,97,200,41.35509460605753
2025-01-25 00:00:00,0,1,1,3.629498077252399,481,1,1,37,431,35.1733705397391
2025-01-25 01:00:00,1,0,0,11.372189486845183,418,0,0,84,276,75.852228375195
2025-01-25 02:00:00,2,2,0,19.877357806760603,196,1,1,29,191,69.099834187145
2025-01-25 03:00:00,2,2,0,11.73826205488622,231,0,0,74,147,47.686229027545664
2025-01-25 04:00:00,2,1,1,1.0355175574616895,127,1,0,36,119,20.35591550047171
2025-01-25 05:00:00,0,1,0,18.728518168217963,432,1,1,25,413,61.939911299620746
2025-01-25 06:00:00,0,0,0,5.462993716435598,168,0,0,45,128,63.07209287071287
2025-01-25 07:00:00,1,1,1,14.082052008310177,408,0,0,79,267,59.6793122959833
2025-01-25 08:00:00,0,2,0,10.786522944153411,392,1,1,19,356,53.86300011380519
2025-01-25 09:00:00,0,1,2,7.183241379976837,154,1,0,53,133,34.87655414086295
2025-01-25 10:00:00,0,1,2,6.370150949851385,51,0,0,28,13,33.66568939125895
2025-01-25 11:00:00,2,2,0,18.64643738763499,164,1,1,83,201,67.00843056458805
2025-01-25 12:00:00,2,1,0,18.326592022476905,81,0,0,99,74,44.99203544196585
2025-01-25 13:00:00,1,2,0,10.749561961021804,407,0,1,74,307,59.84939205369541
2025-01-25 14:00:00,2,2,1,5.911408715167645,111,0,1,83,151,32.93977910344807
2025-01-25 15:00:00,2,2,2,2.944498611267958,146,0,0,71,106,27.3642516879063
2025-01-25 16:00:00,0,2,2,3.9749512743226254,427,0,1,42,351,43.80412981566721
2025-01-25 17:00:00,2,2,0,10.922782789071483,184,0,0,99,123,41.63031406117062
2025-01-25 18:00:00,1,1,0,6.8487692510011735,147,1,1,46,194,44.54226215758243
2025-01-25 19:00:00,2,2,1,1.7992947029391773,264,0,0,22,183,23.43685238649825
2025-01-25 20:00:00,2,2,1,9.648180320910903,133,1,0,97,134,45.36471542842339
2025-01-25 21:00:00,2,1,2,15.17759655682196,455,1,1,46,397,44.87958040890704
2025-01-25 22:00:00,0,0,1,17.942207203239764,206,0,1,28,207,77.21314326580791
2025-01-25 23:00:00,2,2,2,12.120396867978698,156,0,0,75,66,54.53662317013978
2025-01-26 00:00:00,0,0,0,14.742550353006472,406,1,0,39,339,70.47535900674625
2025-01-26 01:00:00,1,0,0,7.917338946433715,180,1,0,95,177,67.45610304025224
2025-01-26 02:00:00,1,2,2,10.42852540512185,71,0,0,41,59,52.76478281212847
2025-01-26 03:00:00,2,2,0,14.862910273690556,133,1,1,42,191,53.22697488136498
2025-01-26 04:00:00,2,2,1,14.825506320073597,138,1,1,49,192,48.4033014454574
2025-01-26 05:00:00,0,2,0,9.06599902682058,275,0,0,24,207,52.2208416989838
2025-01-26 06:00:00,1,0,0,11.329679489608132,155,0,0,79,116,87.04887607676757
2025-01-26 07:00:00,1,2,2,18.55325145146842,486,1,0,89,372,87.06373659932854
2025-01-26 08:00:00,2,1,1,13.00795449392144,398,1,1,94,355,47.922653850496346
2025-01-26 09:00:00,0,2,1,13.208917888045203,490,0,0,47,341,51.95093989994726
2025-01-26 10:00:00,2,0,0,15.90778555532184,443,0,0,17,338,71.41148772636441
2025-01-26 11:00:00,2,2,0,3.189235030003484,408,0,1,85,351,29.1044502845427
2025-01-26 12:00:00,2,2,1,10.934801541325823,150,1,0,48,154,41.73948831395312
2025-01-26 13:00:00,2,2,1,19.229202989148657,345,1,0,69,219,62.55869351804201
2025-01-26 14:00:00,2,1,2,7.871547451345879,419,0,1,69,310,30.861929072941617
2025-01-26 15:00:00,2,1,0,6.603596782019729,197,1,0,65,184,26.520969367128014
2025-01-26 16:00:00,0,2,0,12.422951346490397,430,1,0,27,364,56.741340420226365
2025-01-26 17:00:00,2,2,1,5.201269066740765,279,1,1,57,275,34.50209592040752
2025-01-26 18:00:00,0,2,2,11.562957973949333,136,0,0,30,96,50.55560303876371
2025-01-26 19:00:00,2,2,1,3.957388206295171,60,1,1,65,122,34.19835429471017
2025-01-26 20:00:00,2,2,0,12.016075753260209,185,0,1,21,156,53.24386266684069
2025-01-26 21:00:00,2,1,0,12.445204489258373,142,1,1,15,180,41.63501897567748
2025-01-26 22:00:00,2,1,0,8.949609101232994,341,0,0,40,241,32.4753879471547
2025-01-26 23:00:00,0,1,0,8.272182083335082,202,0,1,80,225,37.57818829803645
2025-01-27 00:00:00,2,2,2,5.663707289608537,472,0,1,70,377,46.19943207718866
2025-01-27 01:00:00,0,1,0,7.287523848838292,403,1,0,77,322,30.36011048627446
2025-01-27 02:00:00,2,2,1,10.468573376635904,416,0,0,66,320,47.27602762699923
2025-01-27 03:00:00,0,1,2,5.705519119552919,145,1,0,70,153,34.5252449910634
2025-01-27 04:00:00,0,2,2,15.873854804065388,111,1,1,26,179,57.8916039475149
2025-01-27 05:00:00,2,1,0,14.471669585189662,410,1,0,38,339,42.8540153591192
2025-01-27 06:00:00,2,2,2,6.116811475773914,454,1,0,76,348,38.00048495845193
2025-01-27 07:00:00,2,2,0,2.8512680989294115,452,1,1,68,407,24.99788935456775
2025-01-27 08:00:00,0,1,2,1.003420740695293,458,0,1,97,379,20.505709233625492
2025-01-27 09:00:00,2,0,2,12.33765819524829,136,0,1,12,136,56.88545751063714
2025-01-27 10:00:00,0,1,1,5.015911182619329,260,1,0,36,218,37.342884216733005
2025-01-27 11:00:00,0,2,1,1.239066931929243,438,0,1,10,352,22.871483528278983
2025-01-27 12:00:00,1,0,1,7.82262014124843,432,1,0,88,317,68.26213301777398
2025-01-27 13:00:00,0,2,2,19.277970784031236,132,0,1,87,170,58.47910103679013
2025-01-27 14:00:00,0,0,1,14.10891334496653,276,1,0,13,225,82.10050272065192
2025-01-27 15:00:00,2,1,1,17.297510355526704,61,0,1,13,80,57.33440675801995
2025-01-27 16:00:00,1,2,1,3.750042866953871,408,1,1,98,382,56.547550589410456
2025-01-27 17:00:00,0,2,2,2.3924749377692915,202,1,0,84,212,33.42752838833494
2025-01-27 18:00:00,2,1,0,1.219065506684727,54,0,1,42,75,23.93789355683638
2025-01-27 19:00:00,1,2,1,19.15758351037025,125,1,1,20,176,75.83757029369387
2025-01-27 20:00:00,2,1,2,6.7038519717174205,460,0,1,85,312,30.5366598109628
2025-01-27 21:00:00,1,2,2,9.730593904476304,53,0,1,88,125,61.062027626361726
2025-01-27 22:00:00,1,0,0,8.495948848433716,421,0,1,66,332,72.7069436274671
2025-01-27 23:00:00,2,1,1,14.878681772464326,132,0,0,35,35,40.12001614003286
2025-01-28 00:00:00,0,1,2,6.889332757102118,478,1,1,97,445,36.79580474530751
2025-01-28 01:00:00,2,2,2,11.17360476966698,480,1,1,35,399,48.59600458247193
2025-01-28 02:00:00,2,2,2,19.916063034153883,411,1,1,63,349,62.95851417557724
2025-01-28 03:00:00,2,2,0,9.43720747554049,461,1,1,36,389,49.51057850744832
2025-01-28 04:00:00,0,2,1,11.474159273295356,84,1,0,63,87,47.30497734064615
2025-01-28 05:00:00,2,1,2,10.548033183905918,291,0,0,11,236,30.88986310679178
2025-01-28 06:00:00,2,2,2,16.260537004584613,193,0,0,96,105,53.38567047667366
2025-01-28 07:00:00,0,0,2,6.069953426637925,445,1,0,18,366,51.72509775013695
2025-01-28 08:00:00,2,2,2,4.238322306713142,129,1,0,81,113,30.70910277180881
2025-01-28 09:00:00,2,2,1,15.327770007032376,124,0,0,73,74,57.34091999865879
2025-01-28 10:00:00,2,1,1,8.89674554100443,348,1,1,74,325,28.744819414782256
2025-01-28 11:00:00,2,1,2,18.360794170557057,333,1,1,30,319,54.83001451264746
2025-01-28 12:00:00,2,1,2,13.239026430074556,264,0,1,35,240,48.06784633790812
2025-01-28 13:00:00,2,2,2,11.722519122523108,295,1,1,24,261,56.959918622573085
2025-01-28 14:00:00,1,0,0,2.338684041691666,287,0,0,52,246,51.32842960261667
2025-01-28 15:00:00,0,2,0,14.87782619761816,386,0,0,98,268,63.84002580371713
2025-01-28 16:00:00,2,1,0,14.034766944746206,68,0,0,48,21,45.01750710397364
2025-01-28 17:00:00,2,1,2,13.16136656525594,123,1,0,25,154,38.98707825171689
2025-01-28 18:00:00,2,1,0,6.09028094784312,428,1,0,44,335,26.20065927776996
2025-01-28 19:00:00,0,2,1,18.98804711181445,104,1,0,32,108,67.37433765552913
2025-01-28 20:00:00,2,2,0,7.111447413623582,132,1,0,21,149,44.14151512942205
2025-01-28 21:00:00,2,1,2,3.892388178324752,213,0,1,65,159,27.09440083791192
2025-01-28 22:00:00,1,2,1,19.756821943765264,367,1,0,61,309,85.40175303373024
2025-01-28 23:00:00,2,1,2,15.178679303351592,412,1,0,28,331,41.75312669026239
2025-01-29 00:00:00,2,1,1,8.880950764197445,216,1,1,71,228,32.34226226890339
2025-01-29 01:00:00,1,1,0,18.78241218688543,165,0,0,17,108,73.77978863249885
2025-01-29 02:00:00,0,1,0,2.731230112957748,346,0,1,96,277,25.541560830521483
2025-01-29 03:00:00,2,1,1,2.6655631121045977,237,0,0,20,167,26.84733197959348
2025-01-29 04:00:00,0,1,1,13.966569353943123,304,0,1,52,266,46.66138412659765
2025-01-29 05:00:00,2,2,2,4.381468919198026,391,1,1,78,339,40.4442037064256
2025-01-29 06:00:00,0,2,1,18.4256507886724,371,0,0,46,242,64.11517472620149
2025-01-29 07:00:00,2,2,2,16.966824311678547,492,0,1,34,353,49.900673512640765
2025-01-29 08:00:00,1,0,1,6.820977257922542,402,1,1,97,347,70.8423659652152
2025-01-29 09:00:00,1,1,1,17.887952063118036,473,0,1,33,363,65.65797729238513
2025-01-29 10:00:00,1,0,0,1.814866053139239,68,0,1,43,50,47.25786706384851
2025-01-29 11:00:00,1,1,0,11.424119202012385,360,1,0,91,299,50.6651418195512
2025-01-29 12:00:00,0,2,2,18.775692700467832,417,0,1,21,355,71.73486909712979
2025-01-29 13:00:00,2,2,2,17.252276599778266,351,1,1,51,381,57.99447578989666
2025-01-29 14:00:00,2,1,2,7.765393152218905,53,0,0,88,44,36.99672815031678
2025-01-29 15:00:00,0,0,1,4.474538269458062,239,1,0,21,189,51.33950157614104
2025-01-29 16:00:00,1,1,1,5.000271179671147,330,1,1,38,320,37.800125837136896
2025-01-29 17:00:00,2,1,2,10.7756496834897,112,1,1,29,176,28.786558485318885
2025-01-29 18:00:00,1,1,1,12.338685932893007,416,0,0,88,297,63.06843850030221
2025-01-29 19:00:00,1,1,0,1.6234720158490925,318,1,0,12,241,42.86584294183119
2025-01-29 20:00:00,1,1,1,8.857479625462872,303,1,1,89,329,55.52884132153039
2025-01-29 21:00:00,1,1,0,16.777355197234186,164,0,0,70,128,66.13062794205722
2025-01-29 22:00:00,2,1,2,9.442250054480144,391,1,1,92,383,27.13487990134052
2025-01-29 23:00:00,2,0,1,4.214332428038799,309,1,1,80,328,48.64418159524332
2025-01-30 00:00:00,2,1,2,19.14234556736284,51,1,0,31,91,44.821447034439
2025-01-30 01:00:00,2,1,0,6.059235258602867,116,1,1,88,182,30.515373456817336
2025-01-30 02:00:00,0,2,2,16.17013704704715,415,0,0,82,299,58.70134121796973
2025-01-30 03:00:00,1,0,0,4.682089160439762,335,1,0,26,277,62.40983194940985
2025-01-30 04:00:00,1,1,0,9.040281855210209,181,1,0,11,162,43.22373085023341
2025-01-30 05:00:00,0,1,2,10.318028255721426,97,1,0,16,110,47.29214215709867
2025-01-30 06:00:00,2,0,0,10.512070623016646,92,0,1,23,96,60.58932474845388
2025-01-30 07:00:00,2,1,2,10.813003493913392,142,0,1,13,166,45.16059855907925
2025-01-30 08:00:00,2,2,2,5.274003273105467,478,1,1,54,414,37.266588272645286
2025-01-30 09:00:00,2,1,2,10.802394917255867,190,1,1,72,211,45.17742005729602
2025-01-30 10:00:00,0,0,0,10.15254232367733,96,0,1,19,117,69.69799935722851
2025-01-30 11:00:00,2,0,0,4.965670445399002,280,1,0,54,238,53.67629938421779
2025-01-30 12:00:00,2,0,1,19.775639630570502,273,0,1,95,243,75.5945630811154
2025-01-30 13:00:00,2,1,2,17.44570446294445,333,1,1,97,338,42.42894175797996
2025-01-30 14:00:00,0,2,2,17.863950669427176,86,0,0,53,85,58.80272390097219
2025-01-30 15:00:00,2,1,2,14.025849957275003,77,1,0,64,77,43.15112952336735
2025-01-30 16:00:00,2,0,2,4.038043583143374,460,1,0,27,356,44.78576035568041
2025-01-30 17:00:00,2,0,2,11.793749214095229,207,0,0,20,140,66.60808415700092
2025-01-30 18:00:00,1,2,2,16.607353000920334,439,1,1,63,397,77.07952183892603
2025-01-30 19:00:00,2,2,2,1.735993285084588,271,0,0,10,193,28.047664565951614
2025-01-30 20:00:00,0,1,1,10.421018962464776,425,1,1,62,368,33.2237559203182
2025-01-30 21:00:00,0,2,1,8.526334719903446,58,1,0,89,93,54.51436853746675
2025-01-30 22:00:00,0,2,2,5.030369863526769,439,0,0,87,312,34.17661092921983
2025-01-30 23:00:00,1,1,2,8.186750071541036,462,0,0,42,310,51.93993411572127
2025-01-31 00:00:00,2,1,1,19.686452706519603,119,0,1,16,142,62.65969291020805
2025-01-31 01:00:00,2,1,1,14.741623200873772,391,1,1,92,354,44.37555277515257
2025-01-31 02:00:00,2,0,2,6.691204520283886,115,1,1,34,171,47.985396622442615
2025-01-31 03:00:00,0,0,2,12.501745978135762,144,1,0,78,125,68.03129052884593
2025-01-31 04:00:00,2,0,1,5.686468565427916,230,1,1,58,266,66.02596905407529
2025-01-31 05:00:00,2,2,1,12.606034271461205,119,1,0,83,120,53.08793345116028
2025-01-31 06:00:00,0,2,2,18.027167100213703,283,1,1,13,294,67.0195988236942
2025-01-31 07:00:00,0,1,1,11.580659198908494,310,0,0,33,227,41.87785621524822
2025-01-31 08:00:00,2,0,2,14.93345953360097,69,1,1,55,154,70.1109977696649
2025-01-31 09:00:00,0,2,0,9.613440975609638,445,0,1,79,381,48.69273123659682
2025-01-31 10:00:00,0,2,2,10.958354435615934,407,1,0,21,340,50.23623369229199
2025-01-31 11:00:00,2,2,2,14.206426496342694,407,0,0,71,289,57.60230417014471
2025-01-31 12:00:00,2,0,2,16.43569509597655,441,0,1,93,362,78.94115321716676
2025-01-31 13:00:00,0,1,1,13.529576343983544,425,1,1,99,371,41.69300445722927
2025-01-31 14:00:00,0,1,2,19.572347883911767,235,0,1,85,229,67.88039009263947
2025-01-31 15:00:00,2,2,2,16.576629168167372,354,1,0,71,256,65.98343453744575
2025-01-31 16:00:00,2,0,1,15.766043887549628,113,0,0,71,93,72.34270912780019
2025-01-31 17:00:00,0,2,0,17.056930000639483,227,0,1,85,193,76.04510052551154
2025-01-31 18:00:00,1,2,0,6.343007773062632,284,0,1,67,277,48.14913054084591
2025-01-31 19:00:00,0,1,1,9.208895925019233,402,0,1,47,340,38.76384890690427
2025-01-31 20:00:00,2,2,2,11.724795449497224,299,0,0,77,214,55.90414921783492
2025-01-31 21:00:00,2,2,0,9.785340050411026,344,0,0,26,241,44.057748853033296
2025-01-31 22:00:00,1,2,0,17.101698546257516,89,0,0,19,87,69.90288384699214
2025-01-31 23:00:00,2,1,1,1.5143018359054083,336,1,0,92,258,18.913195785676702
2025-02-01 00:00:00,1,0,0,4.974332927423596,308,1,0,52,267,69.38625245538302
2025-02-01 01:00:00,1,2,0,17.752424279035242,289,1,0,42,255,76.11170655123479
2025-02-01 02:00:00,2,2,1,2.122902615862377,121,1,0,46,125,35.69317616070266
2025-02-01 03:00:00,1,1,0,5.312777768567163,79,0,0,37,53,43.441151252393226
2025-02-01 04:00:00,2,1,2,7.673756277153238,400,0,1,55,359,20.74336532583004
2025-02-01 05:00:00,1,0,1,15.264070655422127,78,1,1,11,125,83.61128807736175
2025-02-01 06:00:00,2,1,2,11.64343322717012,361,1,0,55,260,40.46851297692604
2025-02-01 07:00:00,2,2,2,19.13748935282629,499,0,0,47,347,61.40145081992133
2025-02-01 08:00:00,0,2,1,5.329625286386496,136,1,0,47,131,36.304701971071
2025-02-01 09:00:00,0,2,0,17.57028769478586,157,0,0,30,110,67.93242263802983
2025-02-01 10:00:00,2,1,1,6.375356305235727,368,1,1,32,336,36.64597810441761
2025-02-01 11:00:00,0,1,0,5.664466923404644,79,0,1,42,105,33.523305704157494
2025-02-01 12:00:00,2,0,2,10.469128763887664,358,1,1,99,311,63.98869216612494
2025-02-01 13:00:00,2,2,0,2.35288559987338,95,1,1,52,202,30.16749227639417
2025-02-01 14:00:00,2,1,2,8.30183324687238,408,1,1,77,353,34.53284502725104
2025-02-01 15:00:00,2,1,2,7.75784339408513,186,0,0,79,140,26.208212862356376
2025-02-01 16:00:00,2,0,2,4.041929558333697,312,1,0,73,256,51.68427569331424
2025-02-01 17:00:00,2,1,1,17.355102060223302,112,1,0,93,118,50.71163027892623
2025-02-01 18:00:00,2,2,0,8.331903230478282,480,0,0,73,323,43.53506087853081
2025-02-01 19:00:00,2,2,0,19.656483410759968,93,0,1,46,131,68.88304270991486
2025-02-01 20:00:00,2,0,0,18.09445103171771,300,1,1,88,293,70.13432180809089
2025-02-01 21:00:00,1,2,2,4.701403291828584,482,0,1,32,383,48.24849473427868
2025-02-01 22:00:00,2,2,1,10.59732127442083,384,0,0,82,248,48.71776861285768
2025-02-01 23:00:00,1,1,0,12.434278628964504,256,0,1,43,257,57.22385205748447
2025-02-02 00:00:00,0,0,0,16.5602495559288,495,1,0,43,381,71.87321981483215
2025-02-02 01:00:00,0,2,1,17.8272122433765,108,0,1,36,113,62.50749237867351
2025-02-02 02:00:00,0,0,0,12.856342401954308,255,1,1,89,268,70.43968091069291
2025-02-02 03:00:00,1,2,1,1.6675498597020924,380,0,1,13,357,47.12400421889368
2025-02-02 04:00:00,2,2,1,10.144252540844455,133,1,0,90,100,48.929690517766446
2025-02-02 05:00:00,0,1,0,17.811267187540313,62,0,1,85,123,62.69085520952303
2025-02-02 06:00:00,0,2,1,14.567702448340938,286,0,0,78,232,63.316076195869
2025-02-02 07:00:00,0,1,1,17.532696886779696,207,1,0,72,182,65.69388272844532
2025-02-02 08:00:00,1,1,0,13.80751600473144,153,1,0,87,100,56.52238450954629
2025-02-02 09:00:00,2,1,2,1.8366651864844803,408,1,1,23,369,24.907746699957794
2025-02-02 10:00:00,0,1,0,19.392126467925603,389,1,1,75,354,51.59635380389967
2025-02-02 11:00:00,0,1,0,18.442352270823896,414,1,1,37,345,59.512671275073885
2025-02-02 12:00:00,2,1,2,3.405011258339842,92,1,1,30,116,22.2953845583044
2025-02-02 13:00:00,2,0,1,3.141132170031227,228,1,0,88,222,45.451349379741
2025-02-02 14:00:00,0,1,0,11.242491509063385,407,1,1,96,386,42.0717862171334
2025-02-02 15:00:00,1,2,2,15.38396585658078,313,0,0,19,195,70.43583374352801
2025-02-02 16:00:00,2,1,2,8.261291026826822,292,1,0,35,248,33.139303309297816
2025-02-02 17:00:00,1,2,0,3.591261107321599,86,1,1,44,121,46.38106190437765
2025-02-02 18:00:00,2,2,0,10.700565876845737,411,1,0,43,299,50.827110963758656
2025-02-02 19:00:00,2,0,2,7.413756588160477,402,0,0,11,269,48.47309810958661
2025-02-02 20:00:00,2,0,0,7.683667155475168,395,1,1,52,349,57.15898934954184
2025-02-02 21:00:00,2,2,2,13.25472519996726,413,0,0,53,282,53.3265599149992
2025-02-02 22:00:00,2,2,0,17.826553885360575,299,0,1,53,257,59.85005501648526
2025-02-02 23:00:00,2,1,2,11.61324288625724,169,0,1,52,152,40.816622699655504
2025-02-03 00:00:00,0,2,0,14.064447705763078,241,0,0,61,179,50.115033507892775
2025-02-03 01:00:00,0,1,0,13.538992838903589,344,0,1,14,310,46.71092523015732
2025-02-03 02:00:00,2,1,0,11.47177765858167,441,0,0,28,278,35.94535232095661
2025-02-03 03:00:00,2,1,1,6.904404766079471,111,0,1,39,163,32.76973447369432
2025-02-03 04:00:00,2,2,0,8.178089513294537,259,0,1,58,223,44.06423836445371
2025-02-03 05:00:00,0,2,2,6.998372171317907,344,1,1,72,330,46.37785282912949
2025-02-03 06:00:00,2,2,2,18.43246383315904,447,0,1,90,359,65.32947882860792
2025-02-03 07:00:00,2,2,1,16.70575473969842,101,0,1,38,128,49.26111939817456
2025-02-03 08:00:00,1,1,1,12.007600084173196,259,1,0,85,226,56.01171024730564
2025-02-03 09:00:00,1,2,1,18.33262594850981,362,1,1,81,352,83.26110286767877
2025-02-03 10:00:00,2,0,0,17.84176516981158,454,1,0,88,322,76.55272457012491
2025-02-03 11:00:00,2,0,0,18.626193595284867,328,1,1,62,359,76.76926944118824
2025-02-03 12:00:00,2,2,2,5.213703295455126,437,1,0,37,367,35.465074421791094
2025-02-03 13:00:00,0,2,2,14.632557717514,251,1,0,94,187,58.51329944269222
2025-02-03 14:00:00,0,2,0,12.575265498546534,476,1,0,62,365,55.78675943838107
2025-02-03 15:00:00,2,1,2,14.942782118857536,188,1,0,26,123,43.01436162424744
2025-02-03 16:00:00,0,1,0,6.0042079144474565,389,1,0,91,278,41.89309648357882
2025-02-03 17:00:00,2,1,1,14.201372357327656,68,0,1,33,93,43.04268080384993
2025-02-03 18:00:00,2,1,0,8.786741789833354,370,1,0,97,308,36.6342339877755
2025-02-03 19:00:00,2,2,0,16.847744129819706,144,0,0,85,117,57.92027374720672
2025-02-03 20:00:00,2,0,0,16.11194877807369,179,1,0,74,138,71.76110287288634
2025-02-03 21:00:00,2,2,2,5.015794606319425,154,1,1,45,237,38.8842527017522
2025-02-03 22:00:00,2,2,0,4.493250251662757,482,0,1,41,401,35.3870895000022
2025-02-03 23:00:00,2,2,0,14.636902704412456,246,0,1,78,196,54.57262010627661
2025-02-04 00:00:00,2,1,0,11.45902299983505,467,1,1,35,420,36.7030980923171
2025-02-04 01:00:00,0,1,1,11.58691230295893,309,0,0,65,207,44.24280156689526
2025-02-04 02:00:00,2,2,0,15.297791145727738,88,0,1,76,86,56.19408135688162
2025-02-04 03:00:00,2,2,0,17.24444506741401,354,0,1,42,287,55.78782291608384
2025-02-04 04:00:00,0,0,0,5.5403141115656185,180,1,1,48,215,58.4403899126981
2025-02-04 05:00:00,0,1,2,11.555251389020452,203,0,0,93,109,46.25420700453656
2025-02-04 06:00:00,1,0,1,16.750139480349468,90,0,1,67,107,93.9066855015974
2025-02-04 07:00:00,2,1,1,17.583089252705047,370,0,0,21,268,52.20921505297774
2025-02-04 08:00:00,2,2,0,6.460778378431815,171,1,1,93,230,37.4919885017547
2025-02-04 09:00:00,0,2,0,2.978923275352738,293,1,0,90,254,30.51141123982905
2025-02-04 10:00:00,0,1,2,5.423641823677818,294,0,1,52,246,28.285413579633197
2025-02-04 11:00:00,2,1,0,18.96449076627602,193,0,0,81,134,55.10850315593149
2025-02-04 12:00:00,1,1,2,9.78711453626907,235,0,0,22,170,46.04510155803505
2025-02-04 13:00:00,2,1,0,8.952902020564473,84,1,0,82,103,21.951855317175493
2025-02-04 14:00:00,1,2,2,1.2486026259499932,260,0,1,92,230,47.03154461837578
2025-02-04 15:00:00,1,1,1,1.969278975505672,449,0,0,99,312,34.02344402004744
2025-02-04 16:00:00,0,2,0,13.70522266001975,82,0,1,14,96,56.58973355788761
2025-02-04 17:00:00,1,1,2,12.206714305774932,208,0,1,54,195,51.77953322209381
2025-02-04 18:00:00,0,2,2,11.935037671412672,455,0,0,98,311,54.86792491744177
2025-02-04 19:00:00,2,2,0,3.09613464446496,366,0,0,14,232,30.973399307099264
2025-02-04 20:00:00,2,2,2,7.689162221741716,413,1,1,32,393,38.07982299429228
2025-02-04 21:00:00,2,2,0,16.43480463416281,241,1,1,44,263,63.38787982646465
2025-02-04 22:00:00,2,1,0,4.323313254416108,212,1,0,63,175,17.26575149498472
2025-02-04 23:00:00,0,0,2,17.771057768666292,301,0,1,58,256,71.45584593498997
2025-02-05 00:00:00,2,1,2,3.30808770662916,88,1,0,79,103,26.533806424141275
2025-02-05 01:00:00,2,1,2,4.213837272355775,180,1,0,87,180,24.607861925539336
2025-02-05 02:00:00,0,1,1,10.07724926192084,145,0,1,46,144,36.41737359776571
2025-02-05 03:00:00,1,2,0,18.96069818452221,190,0,1,31,183,73.94871422698512
2025-02-05 04:00:00,2,2,0,7.261405884763048,319,0,1,93,301,39.49231787355177
2025-02-05 05:00:00,2,2,1,13.506141877602929,218,0,0,17,86,53.392313702820765
2025-02-05 06:00:00,2,2,1,12.184753863792448,441,1,1,66,379,54.302478047364886
2025-02-05 07:00:00,0,1,2,3.842830093510593,416,0,0,80,299,30.636923433135
2025-02-05 08:00:00,2,0,0,5.715171126489103,324,1,0,69,284,49.610765134182856
2025-02-05 09:00:00,0,2,1,18.672902680232617,414,0,0,64,268,67.305547260349
2025-02-05 10:00:00,2,2,1,4.511762849408891,447,0,1,43,344,36.55424308440648
2025-02-05 11:00:00,2,2,0,14.205187905347152,483,1,1,50,428,61.01228273233997
2025-02-05 12:00:00,1,1,0,19.329195169405786,148,1,1,37,160,69.82462794525424
2025-02-05 13:00:00,2,1,0,3.270613851843284,110,1,0,40,113,23.006461593205447
2025-02-05 14:00:00,2,2,2,8.584457813558975,469,1,1,30,415,39.71565177494771
2025-02-05 15:00:00,2,1,1,5.254710744412008,372,1,0,83,296,24.94600768643145
2025-02-05 16:00:00,2,1,2,5.209668830686315,266,0,1,60,216,27.22921679419488
2025-02-05 17:00:00,0,0,0,3.260731035993936,126,0,1,45,126,51.70866730431193
2025-02-05 18:00:00,2,2,0,13.34147249583785,257,1,0,86,184,51.82542217233631
2025-02-05 19:00:00,2,2,1,15.180526688303525,397,0,0,35,252,48.884523635710025
2025-02-05 20:00:00,2,2,2,13.859084290438068,94,0,0,28,58,53.44756334716679
2025-02-05 21:00:00,0,0,2,18.568472694763905,396,0,1,15,339,88.55535380602744
2025-02-05 22:00:00,0,1,2,3.767897365643029,251,0,0,57,180,34.44765369535835
2025-02-05 23:00:00,0,0,0,7.077062094315117,259,1,1,24,285,65.72657233811537
2025-02-06 00:00:00,0,2,1,7.546883384346663,377,0,1,58,320,38.86142995794478
2025-02-06 01:00:00,2,1,2,5.409559973091188,184,1,1,27,246,30.818604958524983
2025-02-06 02:00:00,2,1,0,3.7018939389823657,418,1,1,93,367,26.48713127056383
2025-02-06 03:00:00,2,2,0,10.24736604259901,71,1,0,74,98,55.6699927779892
2025-02-06 04:00:00,2,2,2,16.85435293290114,407,1,1,31,380,60.8432503836948
2025-02-06 05:00:00,2,1,1,19.136254786463045,442,1,0,69,350,54.97121682363763
2025-02-06 06:00:00,0,2,1,3.457472012151456,109,1,1,45,154,38.2917744433663
2025-02-06 07:00:00,0,2,2,16.63998733338198,347,0,0,91,228,74.52081811112784
2025-02-06 08:00:00,1,2,0,16.667041336340223,108,0,1,19,117,72.48505669016251
2025-02-06 09:00:00,2,0,0,8.390584309498772,473,1,1,29,393,62.42617928797149
2025-02-06 10:00:00,0,0,2,3.0905628587636285,280,1,1,79,261,49.345522305643264
2025-02-06 11:00:00,1,2,0,19.810152128381063,334,1,0,70,272,79.53346507544542
2025-02-06 12:00:00,0,0,0,13.456267580047555,232,1,1,68,251,71.30128910021561
2025-02-06 13:00:00,2,1,2,19.661718205790027,497,1,0,31,385,50.607100163031056
2025-02-06 14:00:00,2,1,0,10.18945479800851,150,1,0,77,115,40.64596497519731
2025-02-06 15:00:00,2,1,2,8.508666998797846,163,0,0,13,84,39.35813030400353
2025-02-06 16:00:00,2,2,2,5.696524043438623,417,0,0,92,279,42.66274909148268
2025-02-06 17:00:00,0,2,2,19.687868033668373,91,0,0,38,103,70.66466739542136
2025-02-06 18:00:00,2,2,0,5.8118881197832,78,0,1,67,85,43.62952701864838
2025-02-06 19:00:00,2,1,2,1.4514923681429566,326,0,1,67,291,11.8281271609946
2025-02-06 20:00:00,0,1,0,10.73689985818108,146,1,0,63,132,48.27477474641046
2025-02-06 21:00:00,0,0,2,8.163959367967394,240,0,1,37,193,67.50265261689438
2025-02-06 22:00:00,2,0,1,5.966267565156025,428,1,1,86,388,57.13425060321436
2025-02-06 23:00:00,0,2,0,13.057554213142296,368,0,0,48,242,59.10701732238038
2025-02-07 00:00:00,2,2,0,7.921103683058623,87,0,0,66,63,45.5965539475804
2025-02-07 01:00:00,2,2,0,8.642766878020584,256,1,0,73,221,43.654224921363095
2025-02-07 02:00:00,2,1,1,1.437866473986842,243,1,0,39,170,19.92588672286741
2025-02-07 03:00:00,0,2,2,12.192347642508093,189,0,1,95,192,54.071423218273566
2025-02-07 04:00:00,1,2,1,3.3193495670938127,338,0,1,59,267,46.02979532362945
2025-02-07 05:00:00,2,2,2,5.062292319013014,306,1,0,63,257,31.01790589869845
2025-02-07 06:00:00,0,1,2,14.625238591640125,274,0,1,32,243,42.41480795987454
2025-02-07 07:00:00,2,0,2,6.9516117974943095,77,1,0,27,119,64.35993592228289
2025-02-07 08:00:00,0,0,2,4.100993751329238,239,0,0,90,166,49.90161253161859
2025-02-07 09:00:00,2,1,2,11.971058794187137,294,1,1,63,300,35.37199787834834
2025-02-07 10:00:00,2,2,1,5.083185403820872,383,1,0,37,282,41.4209753270684
2025-02-07 11:00:00,1,0,0,6.148586065215396,422,1,1,17,410,80.08427457669099
2025-02-07 12:00:00,0,1,1,12.805446889579605,364,0,1,41,313,52.10430911731091
2025-02-07 13:00:00,2,2,0,15.057373845914382,98,1,1,15,146,57.939857544331446
2025-02-07 14:00:00,2,2,0,15.053534018715965,350,0,1,81,317,51.26083211601476
2025-02-07 15:00:00,2,2,0,10.16262482554578,253,0,1,95,240,53.00639885326223
2025-02-07 16:00:00,2,0,1,9.631641309179274,428,0,1,49,343,59.92262226772395
2025-02-07 17:00:00,1,1,2,15.96525850039389,439,1,0,60,309,53.57153749388873
2025-02-07 18:00:00,1,1,2,4.667659777137825,164,0,1,56,167,37.86926920061829
2025-02-07 19:00:00,2,1,0,3.8918465030407257,69,1,1,79,132,27.992104904261275
2025-02-07 20:00:00,2,1,2,13.629206254560684,134,1,1,77,219,38.58251578017886
2025-02-07 21:00:00,1,2,2,8.780631753395852,449,0,0,16,322,61.88093267837661
2025-02-07 22:00:00,2,2,1,14.489970750833438,445,1,1,36,378,49.37089319068119
2025-02-07 23:00:00,0,1,2,5.875404245801484,302,1,0,75,269,27.863850081468065
2025-02-08 00:00:00,2,2,2,7.172565740268571,101,1,1,63,141,43.45773177343543
2025-02-08 01:00:00,0,2,1,18.03687533452242,197,0,1,23,186,62.91102936250867
2025-02-08 02:00:00,0,1,2,9.011474009610176,235,1,0,31,202,42.15281584768527
2025-02-08 03:00:00,1,2,0,12.228115924687303,222,1,0,78,178,56.10742792268726
2025-02-08 04:00:00,0,2,1,3.02696168824788,402,0,1,65,293,33.94095932208057
2025-02-08 05:00:00,2,2,2,4.397754271662416,163,1,1,91,215,37.97365653756407
2025-02-08 06:00:00,0,1,2,1.6818668476302403,51,1,1,69,129,33.51604389080605
2025-02-08 07:00:00,1,2,1,9.063045423471666,83,1,0,60,88,64.20118621163017
2025-02-08 08:00:00,2,0,0,19.78948008540545,331,0,1,25,258,79.19218550480905
2025-02-08 09:00:00,2,2,1,17.603589900377855,210,1,1,15,260,65.63168388963544
2025-02-08 10:00:00,2,1,0,13.025269383869633,219,1,1,10,226,41.26922621505061
2025-02-08 11:00:00,2,2,1,17.360833347191857,143,0,1,21,132,65.2656450144068
2025-02-08 12:00:00,2,1,2,12.289217770696036,297,1,1,33,283,44.49240258916522
2025-02-08 13:00:00,0,2,1,8.006608726348617,370,1,0,84,302,57.8067204038834
2025-02-08 14:00:00,2,1,1,4.297381620921191,415,1,0,52,325,27.7386084091702
2025-02-08 15:00:00,1,1,0,13.40792609344426,57,1,1,43,174,54.40927079949091
2025-02-08 16:00:00,2,2,1,4.667974251424162,370,0,1,66,331,35.89227979753771
2025-02-08 17:00:00,2,1,0,8.931139926801144,159,0,0,30,78,29.19177121897123
2025-02-08 18:00:00,2,2,1,16.690235000949997,443,0,0,49,312,53.86340154865706
2025-02-08 19:00:00,2,1,2,3.455356748672841,81,1,1,42,167,21.282861755582488
2025-02-08 20:00:00,2,1,1,3.4514069620791066,100,1,0,42,113,22.71741675096355
2025-02-08 21:00:00,2,0,2,5.26364589624035,490,1,1,37,409,48.72308613934385
2025-02-08 22:00:00,2,0,0,11.486428835323682,217,1,1,74,255,54.82700159083719
2025-02-08 23:00:00,0,1,0,5.782746086938348,115,0,1,85,129,24.490681079168414
2025-02-09 00:00:00,0,2,0,10.560760807845014,80,0,0,55,46,53.48248654928688
2025-02-09 01:00:00,2,1,0,6.737669610134056,496,1,1,42,439,21.84204618180243
2025-02-09 02:00:00,0,2,1,10.618601893259706,373,0,0,78,262,54.85698623968691
2025-02-09 03:00:00,0,2,1,6.274997531032874,489,0,0,75,321,50.271061806337045
2025-02-09 04:00:00,2,1,1,19.62023513656274,61,0,0,45,11,52.12069900178736
2025-02-09 05:00:00,1,2,2,10.361640121697388,336,0,0,97,278,59.39559382427419
2025-02-09 06:00:00,1,1,1,15.129225248056562,72,0,0,63,36,64.20678508036269
2025-02-09 07:00:00,2,1,2,14.310384619065896,210,1,0,59,182,42.24471628964687
2025-02-09 08:00:00,2,2,2,10.320628121472865,313,1,0,60,265,41.501043685046746
2025-02-09 09:00:00,2,2,1,5.538379171690579,239,0,0,61,176,34.408495719765
2025-02-09 10:00:00,2,2,2,10.703647280344432,429,0,0,30,293,44.80062178698752
2025-02-09 11:00:00,0,2,0,13.938460850688257,290,0,0,39,203,61.44728525637177
2025-02-09 12:00:00,2,2,1,9.738466140701023,129,0,0,24,100,40.71523120302448
2025-02-09 13:00:00,0,2,1,2.5565770398920904,320,1,0,18,252,39.62212384744002
2025-02-09 14:00:00,0,1,2,1.3416813616035952,474,0,1,41,363,26.96183531714969
2025-02-09 15:00:00,0,2,1,7.229659360888932,153,0,0,81,94,39.81710432879862
2025-02-09 16:00:00,0,2,1,3.854254595772927,485,0,1,32,430,42.92110857955636
2025-02-09 17:00:00,2,2,2,18.21761467259392,459,1,0,36,372,50.56901279430133
2025-02-09 18:00:00,2,2,1,4.340820731613572,127,0,1,51,122,29.44239088670691
2025-02-09 19:00:00,0,1,1,8.491371566219756,61,0,0,17,47,30.169755228762547
2025-02-09 20:00:00,2,2,1,14.529472729358147,332,0,0,20,231,60.52929017994784
2025-02-09 21:00:00,2,1,2,16.493011540305158,160,0,1,30,178,50.341800155798815
2025-02-09 22:00:00,1,2,1,10.076549910384488,463,0,0,53,362,58.705735008328304
2025-02-09 23:00:00,0,2,1,4.441565182559451,309,0,1,48,256,42.90191077154388
2025-02-10 00:00:00,2,0,1,6.147009247941208,359,1,0,42,281,52.11320075656881
2025-02-10 01:00:00,0,2,0,8.960400505181795,400,1,0,76,320,59.51183782542347
2025-02-10 02:00:00,0,0,1,7.927297197186077,467,0,0,64,318,66.7688003508423
2025-02-10 03:00:00,2,2,2,7.624782386223473,245,1,1,22,246,47.83556896201493
2025-02-10 04:00:00,2,0,0,3.5052222333766214,389,0,1,45,344,41.66825116493533
2025-02-10 05:00:00,1,2,2,18.352894791248044,233,1,1,96,231,86.78541458292061
2025-02-10 06:00:00,2,0,1,1.565375521936586,195,0,0,35,128,39.91005374581959
2025-02-10 07:00:00,2,1,1,9.360040429639271,224,0,1,83,241,25.27700505052856
2025-02-10 08:00:00,2,1,1,19.62610835755865,249,1,0,47,191,51.9536472473869
2025-02-10 09:00:00,0,2,0,13.53475483765794,237,1,0,32,197,62.00007821660965
2025-02-10 10:00:00,2,0,1,7.752802610928582,155,0,1,17,160,54.64178369344752
2025-02-10 11:00:00,2,2,2,3.775854104610228,492,0,1,23,384,33.48720893693329
2025-02-10 12:00:00,2,1,0,19.31357950726946,435,0,0,33,297,48.805649516959576
2025-02-10 13:00:00,1,2,2,1.2657408755898447,426,1,0,91,295,43.19429444761855
2025-02-10 14:00:00,2,2,2,13.946363841649726,122,1,0,49,131,55.18477672245373
2025-02-10 15:00:00,0,1,2,17.72261195746122,321,1,1,34,328,55.16493056600062
2025-02-10 16:00:00,1,2,2,1.4780493078386017,263,0,1,93,221,42.41729846135386
2025-02-10 17:00:00,2,0,2,14.778322417719522,235,1,1,34,265,69.69779914442583
2025-02-10 18:00:00,1,0,1,19.97791746383996,189,1,1,26,215,94.96713640761986
2025-02-10 19:00:00,1,1,2,13.153206902893638,438,0,1,13,386,62.92764575138664
2025-02-10 20:00:00,1,1,2,8.878900009024576,216,1,1,94,195,53.49416463330656
2025-02-10 21:00:00,2,1,1,17.613613667769357,192,1,0,93,169,57.15094503303787
2025-02-10 22:00:00,0,1,0,11.529405682029935,121,0,1,90,164,41.15815590985409
2025-02-10 23:00:00,0,1,1,15.23937608900886,393,1,1,50,376,44.20912428248975
2025-02-11 00:00:00,1,2,0,12.167800844551593,196,0,0,69,117,61.42220292720009
2025-02-11 01:00:00,2,1,2,1.727530757271036,150,1,0,96,127,15.870824647843865
2025-02-11 02:00:00,0,0,1,5.049754775901604,387,0,0,94,252,48.12256940906944
2025-02-11 03:00:00,2,0,0,2.4965079057482424,134,0,1,52,164,46.3357698518148
2025-02-11 04:00:00,2,1,0,3.0270674852812363,354,0,0,63,284,23.62210702032205
2025-02-11 05:00:00,2,0,1,1.2927043781733674,428,0,1,61,338,36.52656628557647
2025-02-11 06:00:00,0,2,1,9.002134601268907,344,1,1,30,352,41.50378260850832
2025-02-11 07:00:00,2,2,1,4.394381003329137,383,0,0,33,280,31.64965554756044
2025-02-11 08:00:00,0,1,1,17.258233889385462,192,0,1,46,186,60.860028560109015
2025-02-11 09:00:00,1,2,1,15.250713213272547,428,0,0,91,286,61.20545845045905
2025-02-11 10:00:00,2,1,2,11.890362901494424,360,1,1,53,336,43.10112106749519
2025-02-11 11:00:00,0,2,2,10.291405561657513,418,0,0,92,309,51.65465866888557
2025-02-11 12:00:00,2,1,1,5.86150417094354,244,0,1,14,207,12.11068202443795
2025-02-11 13:00:00,2,2,1,10.024077851624725,233,1,1,70,269,42.44926104154396
2025-02-11 14:00:00,0,1,2,13.183356241423803,350,1,0,53,272,42.949895106084185
2025-02-11 15:00:00,1,1,0,15.862348343662736,490,0,0,15,333,64.69608372597735
2025-02-11 16:00:00,0,2,2,2.551959258932275,116,1,1,87,172,32.26466290380704
2025-02-11 17:00:00,0,2,1,14.46082908616545,271,0,1,12,211,56.6463794672851
2025-02-11 18:00:00,2,2,0,15.11186765846442,311,0,1,74,261,50.82626138710845
2025-02-11 19:00:00,2,1,1,11.620471817572271,375,1,0,40,320,41.988951465819554
2025-02-11 20:00:00,0,0,0,5.072064718360823,464,0,0,64,307,47.3246579175342
2025-02-11 21:00:00,2,2,1,11.244507162522323,71,1,0,54,106,44.87510755085844
2025-02-11 22:00:00,2,1,2,10.551392754490896,390,0,0,83,256,32.97461011259093
2025-02-11 23:00:00,0,2,1,10.038491831349129,215,0,1,64,231,48.33055214316134
2025-02-12 00:00:00,2,2,2,9.752158393876496,151,1,1,69,269,38.05167084418052
2025-02-12 01:00:00,2,1,0,3.105685759538875,363,0,1,40,273,19.970983452121885
2025-02-12 02:00:00,0,2,2,4.47495721228993,462,1,1,90,393,36.34732576640896
2025-02-12 03:00:00,0,0,0,2.8493096805755043,489,0,0,48,358,46.472691317562216
2025-02-12 04:00:00,1,2,1,5.607078725691704,159,0,0,57,112,50.758673949737066
2025-02-12 05:00:00,0,1,2,6.006058871882787,444,1,0,89,334,34.132935605269665
2025-02-12 06:00:00,2,0,0,5.656441368367863,481,0,0,36,321,48.1074523963735
2025-02-12 07:00:00,1,1,0,5.007652295526465,391,1,1,25,356,34.6036507398354
2025-02-12 08:00:00,0,0,0,14.97301886421099,365,1,1,61,338,71.0298788132476
2025-02-12 09:00:00,2,1,0,16.55274259236424,228,1,0,13,190,47.90195750928766
2025-02-12 10:00:00,2,2,1,7.215075114878827,216,1,1,51,226,35.440200580733595
2025-02-12 11:00:00,0,2,1,6.797448942004529,183,1,1,63,179,41.41421598449178
2025-02-12 12:00:00,0,1,1,17.03661464529765,79,1,1,18,144,49.51370254507012
2025-02-12 13:00:00,0,2,0,12.85455413165003,412,1,0,34,340,52.325395785185286
2025-02-12 14:00:00,0,2,1,6.575328170992092,434,1,1,97,395,41.60382342964597
2025-02-12 15:00:00,0,1,0,14.55863355914506,135,1,0,67,151,49.81754822025318
2025-02-12 16:00:00,1,2,0,7.547263394430179,58,1,0,27,85,50.79030460701173
2025-02-12 17:00:00,0,2,0,12.144556672501288,478,0,1,53,379,50.01087970613914
2025-02-12 18:00:00,2,1,2,19.86004656976823,185,1,0,99,170,56.15536844967678
2025-02-12 19:00:00,1,0,1,6.730293129104632,339,1,0,83,271,73.38626672445507
2025-02-12 20:00:00,2,0,1,18.67999401345833,185,0,0,58,114,68.53032625082386
2025-02-12 21:00:00,0,1,2,7.0923958714092645,189,1,0,53,133,32.74507126804961
2025-02-12 22:00:00,1,2,2,11.265447383121645,92,1,0,84,113,62.85923916257941
2025-02-12 23:00:00,0,1,2,9.73969200238176,154,1,0,87,138,33.433147527703234
2025-02-13 00:00:00,0,2,2,15.880031684534789,361,1,0,47,259,63.45569046138091
2025-02-13 01:00:00,2,0,0,2.160761290157901,80,0,0,74,62,35.60609717358194
2025-02-13 02:00:00,2,1,1,12.915323777304614,219,0,0,90,102,41.54414567279264
2025-02-13 03:00:00,2,0,1,15.452671942627637,210,1,0,90,185,73.38422165432253
2025-02-13 04:00:00,0,2,1,9.970752176260266,324,1,1,19,331,52.06748198956749
2025-02-13 05:00:00,0,1,0,3.000559524218302,302,1,1,72,317,22.95210464764898
2025-02-13 06:00:00,0,0,1,5.651295256211449,268,1,0,55,192,54.74152625470842
2025-02-13 07:00:00,2,2,2,13.91377503191641,162,0,0,11,107,57.25119798139126
2025-02-13 08:00:00,2,2,1,18.013310324505987,269,1,1,29,277,57.34407920806546
2025-02-13 09:00:00,0,2,1,9.010563533009284,232,1,0,12,196,48.13734858219521
2025-02-13 10:00:00,2,1,0,11.647828666486925,309,0,0,45,250,35.24286081576281
2025-02-13 11:00:00,0,1,2,5.339315697810379,61,0,1,14,122,31.0002924946646
2025-02-13 12:00:00,0,0,2,8.832052966700559,389,0,1,29,320,56.065444383035626
2025-02-13 13:00:00,0,2,2,7.399006347639339,409,1,1,12,398,40.39598608590013
2025-02-13 14:00:00,2,0,1,13.45498541145895,461,1,0,12,349,68.61203196613201
2025-02-13 15:00:00,1,1,2,19.70928008182711,295,0,1,79,264,67.88985980895971
2025-02-13 16:00:00,2,2,2,16.452765587728038,299,1,1,97,292,66.04941361549646
2025-02-13 17:00:00,1,0,1,4.651127113597518,107,1,1,56,195,69.03327837645028
2025-02-13 18:00:00,2,1,0,11.97589327282857,353,0,0,46,264,47.33106335901448
2025-02-13 19:00:00,2,1,1,2.2618225840196304,425,0,1,17,357,19.2637213712021
2025-02-13 20:00:00,1,2,0,5.691394250010076,429,1,1,89,406,46.773579788234784
2025-02-13 21:00:00,2,1,0,4.272135845147417,50,1,0,10,51,13.332574966609116
2025-02-13 22:00:00,0,1,2,7.375365215149795,410,0,0,87,273,33.518855820954336
2025-02-13 23:00:00,1,0,2,13.897465411840058,252,1,0,54,208,79.9476727281585
2025-02-14 00:00:00,1,0,1,10.488473021419708,93,1,0,83,126,75.75104480215195
2025-02-14 01:00:00,1,2,0,18.725275936755136,368,1,0,19,294,72.59743224009226
2025-02-14 02:00:00,2,2,1,5.042227957121665,144,1,0,95,136,26.17463652821024
2025-02-14 03:00:00,0,0,2,7.919973778824864,343,1,0,77,267,58.03438175986539
2025-02-14 04:00:00,2,2,0,7.267198959056921,58,0,1,52,86,37.90268451137087
2025-02-14 05:00:00,2,1,2,5.483308893238669,311,1,1,96,278,15.787648591842366
2025-02-14 06:00:00,1,1,2,19.870244613398647,375,1,0,50,322,65.9815568555123
2025-02-14 07:00:00,2,1,2,8.357285363418034,302,1,1,21,308,25.742078600539138
2025-02-14 08:00:00,0,1,0,18.86967062949237,357,0,1,17,301,63.92060489636918
2025-02-14 09:00:00,0,1,0,8.4189960032068,372,1,0,54,292,36.69806262681485
2025-02-14 10:00:00,0,1,2,4.877741896072557,145,1,1,97,175,28.771055754370742
2025-02-14 11:00:00,1,1,0,3.264920282971512,404,0,1,10,340,32.34654972628395
2025-02-14 12:00:00,2,1,2,17.255700670334598,449,1,1,35,382,52.03865316586754
2025-02-14 13:00:00,0,2,2,1.6098551692164866,179,1,1,95,200,27.509944284066066
2025-02-14 14:00:00,1,1,2,19.323497178446345,85,1,1,98,153,77.87037700378114
2025-02-14 15:00:00,2,2,0,8.94563302392542,154,0,1,40,149,51.33213411849643
2025-02-14 16:00:00,2,1,1,5.700112670602786,248,0,1,65,168,34.98417183956833
2025-02-14 17:00:00,0,0,1,12.731476512091888,340,0,0,46,246,71.66672738986598
2025-02-14 18:00:00,2,0,0,3.52534684488754,425,1,0,84,332,45.30292126298646
2025-02-14 19:00:00,2,2,0,2.3707658977607595,79,1,1,13,117,27.817177949745968
2025-02-14 20:00:00,1,2,2,16.72788368628177,478,0,1,81,379,69.90773136667178
2025-02-14 21:00:00,0,0,2,9.06874471788121,479,0,0,53,350,65.15034001338084
2025-02-14 22:00:00,1,1,1,10.846843329986108,142,1,1,98,205,47.89422955109692
2025-02-14 23:00:00,1,0,2,4.3572241686262325,498,0,0,58,348,66.28430290713797
2025-02-15 00:00:00,0,2,1,2.1670606460119037,285,0,1,96,246,30.7757821668141
2025-02-15 01:00:00,2,2,1,7.987746520385087,434,1,1,49,395,44.64503138482604
2025-02-15 02:00:00,2,1,0,10.616778795221698,410,0,0,77,290,39.28002187512416
2025-02-15 03:00:00,2,2,0,15.54318181568253,490,1,0,80,394,54.78163268943813
2025-02-15 04:00:00,1,2,0,10.519988004473804,244,1,1,19,273,56.30105596316954
2025-02-15 05:00:00,2,2,1,15.867633336032156,305,0,1,79,286,49.28201563351968
2025-02-15 06:00:00,2,2,0,3.193222813811964,405,0,0,13,320,32.46534326201815
2025-02-15 07:00:00,0,1,1,2.215292668835081,408,1,1,30,429,19.91490604955359
2025-02-15 08:00:00,2,1,0,4.018358318725581,80,0,1,51,105,18.62604070470216
2025-02-15 09:00:00,2,2,1,15.668230410885842,74,0,1,93,92,55.13676443646782
2025-02-15 10:00:00,0,1,2,15.427274385935329,352,0,0,90,251,45.04413732356872
2025-02-15 11:00:00,2,1,2,3.685988285702188,489,0,1,15,394,23.11268826439124
2025-02-15 12:00:00,2,1,1,1.5887845067629154,50,0,0,20,34,15.886026955590069
2025-02-15 13:00:00,2,1,1,14.02035678803114,407,0,1,91,328,43.90876900642529
2025-02-15 14:00:00,0,2,2,17.250353881616572,167,1,1,82,227,71.84942209092907
2025-02-15 15:00:00,0,1,1,15.328046214693462,214,1,1,21,264,50.0497324057859
2025-02-15 16:00:00,2,0,1,4.853180631686485,162,1,1,40,216,47.476961375990335
2025-02-15 17:00:00,0,2,2,12.091590047281375,244,0,0,40,180,58.04994123421142
2025-02-15 18:00:00,2,2,1,15.389948691885282,189,0,0,52,126,59.32373280095638
2025-02-15 19:00:00,1,1,0,5.860745386393751,69,1,1,67,152,36.52061966422877
2025-02-15 20:00:00,2,2,2,11.026695226019608,335,0,1,59,292,52.97132104523331
2025-02-15 21:00:00,0,2,0,6.974747675501636,280,1,1,89,301,39.966577491263024
2025-02-15 22:00:00,1,0,1,5.285932929213401,497,1,0,50,391,60.892202959338775
2025-02-15 23:00:00,1,2,1,19.4221972086462,128,0,1,85,135,84.40572291032197
2025-02-16 00:00:00,2,2,0,18.3390572473516,177,0,0,86,127,67.11283294722033
2025-02-16 01:00:00,2,0,1,9.467686888078251,134,0,0,45,122,57.12525940039031
2025-02-16 02:00:00,0,1,1,3.598783160215551,113,0,1,86,110,29.40892253640889
2025-02-16 03:00:00,2,1,0,14.830238763092323,323,0,0,53,232,40.42302593879366
2025-02-16 04:00:00,1,2,1,5.858321472436185,337,0,1,75,274,53.65483514143089
2025-02-16 05:00:00,0,1,2,4.201838310923796,452,0,0,24,315,20.82139551808893
2025-02-16 06:00:00,0,1,0,8.249051337025508,302,0,1,86,233,41.45092993931986
2025-02-16 07:00:00,2,2,0,11.067146374168042,143,0,0,43,144,45.70241045941985
2025-02-16 08:00:00,0,1,0,2.8513662665878776,338,0,1,99,283,19.98942039618319
2025-02-16 09:00:00,0,2,0,11.863182987922004,495,1,0,79,370,53.52750002540621
2025-02-16 10:00:00,1,0,2,1.2916191204898089,199,0,0,94,171,50.38999025588073
2025-02-16 11:00:00,2,1,0,17.945512151268648,414,1,1,53,371,52.40764136625355
2025-02-16 12:00:00,2,1,0,18.494092096298463,206,1,1,42,237,52.46917080519683
2025-02-16 13:00:00,2,1,1,14.928344696725178,265,1,0,88,214,46.49241110500583
2025-02-16 14:00:00,2,1,0,9.864438762909376,309,0,0,15,180,32.36047751560459
2025-02-16 15:00:00,0,1,1,5.843029140702913,483,1,0,49,380,24.315855727436883
2025-02-16 16:00:00,1,1,0,15.138129723516531,149,1,0,15,152,57.35888391503932
2025-02-16 17:00:00,2,2,0,18.70414683708921,171,0,0,84,151,54.42441625552024
2025-02-16 18:00:00,1,1,2,4.012140393051352,181,0,1,23,189,42.95675495409819
2025-02-16 19:00:00,2,2,1,9.850617796656262,54,0,0,94,38,39.639132005968015
2025-02-16 20:00:00,2,0,2,6.989971084682635,282,0,0,93,186,45.3934473870343
2025-02-16 21:00:00,2,2,1,7.778093991872288,216,0,0,14,162,41.02592588702993
2025-02-16 22:00:00,2,2,0,8.709397845135717,106,0,0,54,105,51.63348136743811
2025-02-16 23:00:00,1,1,2,19.08413054305543,80,1,1,68,124,66.4900340693293
2025-02-17 00:00:00,2,2,1,5.914106189493779,56,1,1,82,86,37.952155285438025
2025-02-17 01:00:00,0,1,1,10.360840942776626,61,1,0,52,113,34.67735622272012
2025-02-17 02:00:00,2,1,2,19.078261961574015,59,0,0,62,20,53.06488930259386
2025-02-17 03:00:00,1,0,1,10.045080914148029,206,1,0,36,151,65.9572052239285
2025-02-17 04:00:00,2,1,0,17.408390916507614,262,0,0,78,182,41.16795433130812
2025-02-17 05:00:00,2,1,1,2.116530712180338,190,0,1,78,167,25.03809643113405
2025-02-17 06:00:00,2,0,0,19.107577950801485,176,0,1,57,138,76.54240108082867
2025-02-17 07:00:00,2,0,1,4.563091793494968,247,1,1,88,266,51.31211828754464
2025-02-17 08:00:00,2,1,2,19.6187656598944,464,1,0,82,365,63.93537234857372
2025-02-17 09:00:00,1,1,0,4.33596043991242,186,0,0,34,141,33.57273983340861
2025-02-17 10:00:00,0,2,1,9.44295300810451,228,1,0,17,217,51.48774288229599
2025-02-17 11:00:00,0,2,0,6.863675339878346,137,1,0,87,139,37.90065166224338
2025-02-17 12:00:00,0,1,2,9.231397000805838,449,1,1,41,420,34.6238506986494
2025-02-17 13:00:00,2,2,1,5.759970058584984,492,1,0,70,356,39.57424984556713
2025-02-17 14:00:00,2,0,1,19.3410308361252,491,0,0,96,301,76.33953331764675
2025-02-17 15:00:00,1,1,0,6.808774697388742,316,0,1,10,254,41.83646223336992
2025-02-17 16:00:00,1,0,2,13.412223329220236,213,1,0,40,184,76.59380964764892
2025-02-17 17:00:00,1,0,2,3.611502302376981,298,1,0,80,247,59.40556968574528
2025-02-17 18:00:00,1,1,1,16.663362212147792,50,0,0,24,41,60.98292094758007
2025-02-17 19:00:00,2,2,0,11.307650926680754,326,0,0,79,252,49.372297999672
2025-02-17 20:00:00,2,1,1,19.609476366095,221,1,1,25,252,54.18503343681472
2025-02-17 21:00:00,2,2,1,9.044642119835268,405,0,1,87,336,42.97999709885284
2025-02-17 22:00:00,2,2,0,4.713509624556547,470,1,0,90,354,37.53508869092783
2025-02-17 23:00:00,2,1,2,7.574360989378688,311,1,1,83,329,35.99782621707868
2025-02-18 00:00:00,2,2,1,15.002346515776392,191,0,0,81,140,42.829452254236266
2025-02-18 01:00:00,0,0,1,13.523023898921643,142,0,1,66,134,80.88678796422982
2025-02-18 02:00:00,1,1,0,15.788600744736778,178,1,1,20,188,61.00357650314467
2025-02-18 03:00:00,0,1,0,2.3959355518799725,185,1,1,27,239,35.75931761924673
2025-02-18 04:00:00,1,1,1,12.027006731550944,160,0,0,54,122,56.42152660668675
2025-02-18 05:00:00,2,2,2,18.71120486368979,93,1,0,29,128,64.19822361095441
2025-02-18 06:00:00,2,0,0,3.05013647014997,428,1,0,89,320,43.49269712792481
2025-02-18 07:00:00,0,0,1,2.7923699193465987,260,1,0,96,173,47.40964868208106
2025-02-18 08:00:00,2,2,2,14.615482925870763,392,1,1,23,369,59.81157335620523
2025-02-18 09:00:00,2,2,0,6.988466661039836,408,1,1,85,343,39.18531410314991
2025-02-18 10:00:00,2,1,0,13.513004996857232,410,0,0,36,300,47.15904713027088
2025-02-18 11:00:00,2,1,1,11.36230574795684,380,1,1,86,356,33.97661108035912
2025-02-18 12:00:00,0,2,0,19.735266508458206,460,1,1,89,442,67.133122320057
2025-02-18 13:00:00,2,2,1,17.892071922142605,296,1,1,97,298,44.25303097581048
2025-02-18 14:00:00,0,2,0,13.883382849672522,281,0,0,85,170,48.33728717695041
2025-02-18 15:00:00,0,0,2,5.97181789595986,341,0,0,18,249,58.11203793340236
2025-02-18 16:00:00,2,2,2,5.976255080858921,219,0,1,22,205,29.28414498809756
2025-02-18 17:00:00,2,2,0,17.762632210809972,453,0,0,54,312,64.29490872456164
2025-02-18 18:00:00,2,1,1,12.121480240232469,283,0,0,17,204,37.78319804755791
2025-02-18 19:00:00,2,0,0,15.996353858989943,57,0,1,65,94,69.68249216822822
2025-02-18 20:00:00,0,2,1,9.547419924199772,351,1,0,91,272,46.68211827857412
2025-02-18 21:00:00,0,0,0,2.958399096379005,149,1,1,16,230,54.167286166587466
2025-02-18 22:00:00,0,2,2,7.321042706552895,302,1,0,86,283,50.76164717451566
2025-02-18 23:00:00,2,2,1,4.0618346914789,357,0,0,24,248,22.097929744698504
2025-02-19 00:00:00,0,2,2,15.854823512084543,331,0,1,65,277,63.408517991764455
2025-02-19 01:00:00,0,1,2,14.309727803484712,340,0,0,93,212,51.31148029174232
2025-02-19 02:00:00,2,2,2,2.6798455253727727,237,0,0,65,178,30.92657939499144
2025-02-19 03:00:00,0,0,0,12.806322576475663,436,0,1,46,329,70.89155282726881
2025-02-19 04:00:00,2,1,1,17.608574632901114,172,0,0,73,116,51.663171462430206
2025-02-19 05:00:00,0,1,2,14.249921612599366,181,1,0,26,180,54.70634681091951
2025-02-19 06:00:00,0,2,1,10.711126346704006,285,0,1,30,305,51.71174431289639
2025-02-19 07:00:00,2,1,1,6.925402413838858,270,1,1,87,279,20.95303349853246
2025-02-19 08:00:00,0,2,2,17.854838242132015,111,0,1,95,147,65.57197270461529
2025-02-19 09:00:00,2,2,0,9.033292760679377,369,0,1,61,285,38.27771726884086
2025-02-19 10:00:00,2,1,2,17.252478024441924,227,0,1,42,196,44.03101338313093
2025-02-19 11:00:00,1,0,2,15.876996926145743,269,1,1,86,267,85.29560203183341
2025-02-19 12:00:00,1,2,1,16.50831234033633,452,1,1,21,404,72.70096406733312
2025-02-19 13:00:00,2,0,0,19.80615288307128,220,1,1,55,215,76.18182432978566
2025-02-19 14:00:00,2,2,1,15.226411801586323,131,1,0,79,123,62.67091855061956
2025-02-19 15:00:00,2,0,0,1.6467777786543198,63,0,0,84,12,42.44692624039059
2025-02-19 16:00:00,2,1,2,4.903244764634153,319,1,1,96,335,31.17206356564365
2025-02-19 17:00:00,1,1,0,1.6687078561781257,103,1,0,80,103,30.1073058161388
2025-02-19 18:00:00,1,1,1,4.608357828892122,462,0,1,66,359,47.69162770837447
2025-02-19 19:00:00,0,2,2,2.1673507030361527,180,0,1,29,155,29.65205687706142
2025-02-19 20:00:00,2,0,0,10.530723782538804,147,0,0,77,94,64.80838017934474
2025-02-19 21:00:00,0,2,0,1.5359180495284783,250,1,1,94,271,40.86851939768977
2025-02-19 22:00:00,2,0,1,9.97900289268993,409,1,0,53,309,59.17806577559097
2025-02-19 23:00:00,1,1,0,18.077977235280223,310,1,1,39,310,63.54634468168213
2025-02-20 00:00:00,1,1,2,15.22294423892138,270,0,1,34,249,61.47344513703923
2025-02-20 01:00:00,0,0,0,18.935162549383364,54,0,0,40,35,83.22318023881884
2025-02-20 02:00:00,2,2,1,5.306288701373888,166,0,1,11,142,32.26124318632024
2025-02-20 03:00:00,2,2,0,11.09063051170058,350,0,1,93,306,45.10178358263719
2025-02-20 04:00:00,2,1,2,7.053009610150937,241,1,0,63,219,35.13352807058287
2025-02-20 05:00:00,1,0,2,10.382576118148648,497,0,1,23,419,69.94107351259137
2025-02-20 06:00:00,2,2,0,11.58444076210148,476,0,1,32,389,56.20272148386884
2025-02-20 07:00:00,2,2,0,1.6875364790414382,476,0,0,78,315,22.84664903337762
2025-02-20 08:00:00,2,1,2,5.431866569084679,165,0,1,61,166,30.171563493237823
2025-02-20 09:00:00,1,2,1,14.39068280563595,285,1,1,92,291,76.41525099716992
2025-02-20 10:00:00,2,0,2,15.685632466265693,100,0,0,59,40,67.8535674894522
2025-02-20 11:00:00,1,0,0,11.81957598226256,62,0,1,80,54,82.31491834703081
2025-02-20 12:00:00,1,1,0,6.145751531024857,267,1,1,94,288,41.58644828442473
2025-02-20 13:00:00,1,1,1,8.69659821773206,378,0,1,42,309,39.39884952706225
2025-02-20 14:00:00,2,2,2,2.824699425746307,117,1,1,93,159,31.559089746758524
2025-02-20 15:00:00,2,1,2,19.11041271905924,280,0,1,18,262,50.80326943891398
